Arguments: 
  C:\Program Files\nodejs\node.exe C:\Program Files (x86)\Yarn\bin\yarn.js add next@14.2.3

PATH: 
  C:\Python311\Scripts\;C:\Python311\;C:\Program Files (x86)\Common Files\Intel\Shared Libraries\redist\intel64\compiler;C:\WINDOWS\system32;C:\WINDOWS;C:\WINDOWS\System32\Wbem;C:\WINDOWS\System32\WindowsPowerShell\v1.0\;C:\WINDOWS\System32\OpenSSH\;C:\Program Files\PuTTY\;C:\Program Files\dotnet\;C:\ProgramData\chocolatey\bin;~;C:\Program Files\nodejs;C:\Program Files\Amazon\AWSCLIV2\;C:\Program Files (x86)\Yarn\bin\;C:\Program Files\nodejs\;C:\Program Files\Amazon\AWSSAMCLI\bin\;C:\Users\Vivienne's PC\scoop\apps\gsudo\current;C:\Users\Vivienne's PC\scoop\shims;C:\Users\Vivienne's PC\AppData\Local\Microsoft\WindowsApps;C:\Users\Vivienne's PC\AppData\Local\Programs\Microsoft VS Code\bin;C:\Users\Vivienne's PC\AppData\Local\GitHubDesktop\bin;C:\MinGW\bin;C:\Users\Vivienne's PC\AppData\Local\Programs\Python\Python39\Scripts;C:\Users\Vivienne's PC\AppData\Local\Programs\Python\Python39\;C:\Users\Vivienne's PC\AppData\Roaming\nvm;C:\Program Files\nodejs;C:\Program Files\nodejs;C:\Users\Vivienne's PC\AppData\Local\Yarn\bin;C:\Users\Vivienne's PC\AppData\Roaming\npm;;c:\Users\Vivienne's PC\AppData\Roaming\Code\User\globalStorage\github.copilot-chat\debugCommand

Yarn version: 
  1.22.4

Node version: 
  20.18.1

Platform: 
  win32 x64

Trace: 
  Error: EPERM: operation not permitted, unlink 'C:\Users\Vivienne's PC\Documents\Projects\mood-board\node_modules\@next\swc-win32-x64-msvc\next-swc.win32-x64-msvc.node'

npm manifest: 
  {
    "name": "mood-board",
    "version": "0.1.0",
    "private": true,
    "scripts": {
      "dev": "next dev",
      "build": "next build",
      "start": "next start",
      "lint": "next lint"
    },
    "dependencies": {
      "@ant-design/icons": "^5.3.7",
      "@hookform/resolvers": "^3.9.1",
      "@radix-ui/react-accordion": "^1.1.2",
      "@radix-ui/react-checkbox": "^1.0.4",
      "@radix-ui/react-collapsible": "^1.0.3",
      "@radix-ui/react-context-menu": "^2.1.5",
      "@radix-ui/react-dialog": "^1.1.2",
      "@radix-ui/react-dropdown-menu": "^2.0.6",
      "@radix-ui/react-hover-card": "^1.0.7",
      "@radix-ui/react-label": "^2.1.0",
      "@radix-ui/react-menubar": "^1.1.4",
      "@radix-ui/react-navigation-menu": "^1.2.3",
      "@radix-ui/react-radio-group": "^1.1.3",
      "@radix-ui/react-scroll-area": "^1.0.5",
      "@radix-ui/react-separator": "^1.1.0",
      "@radix-ui/react-slot": "^1.1.0",
      "@radix-ui/react-toggle": "^1.0.3",
      "@radix-ui/react-tooltip": "^1.1.4",
      "@tanstack/react-router": "^1.81.14",
      "class-variance-authority": "^0.7.0",
      "clsx": "^2.1.1",
      "lucide-react": "^0.460.0",
      "next": "^15.0.3",
      "npx": "^10.2.2",
      "react": "^18.3.1",
      "react-dom": "^18.3.1",
      "react-hook-form": "^7.53.2",
      "react-icons": "^5.2.1",
      "rsuite": "^5.62.1",
      "tailwind-merge": "^2.3.0",
      "tailwindcss-animate": "^1.0.7",
      "vaul": "^0.9.1",
      "zod": "^3.23.8"
    },
    "devDependencies": {
      "@types/node": "^20",
      "@types/react": "^18",
      "@types/react-dom": "^18",
      "eslint": "^8",
      "eslint-config-next": "14.2.3",
      "postcss": "^8",
      "tailwindcss": "^3.4.1",
      "typescript": "^5"
    }
  }

yarn manifest: 
  No manifest

Lockfile: 
  # THIS IS AN AUTOGENERATED FILE. DO NOT EDIT THIS FILE DIRECTLY.
  # yarn lockfile v1
  
  
  "@alloc/quick-lru@^5.2.0":
    version "5.2.0"
    resolved "https://registry.npmjs.org/@alloc/quick-lru/-/quick-lru-5.2.0.tgz"
    integrity sha512-UrcABB+4bUrFABwbluTIBErXwvbsU/V7TZWfmbgJfbkwiBuziS9gxdODUyuiecfdGQ85jglMW6juS3+z5TsKLw==
  
  "@ant-design/colors@^7.0.0":
    version "7.1.0"
    resolved "https://registry.npmjs.org/@ant-design/colors/-/colors-7.1.0.tgz"
    integrity sha512-MMoDGWn1y9LdQJQSHiCC20x3uZ3CwQnv9QMz6pCmJOrqdgM9YxsoVVY0wtrdXbmfSgnV0KNk6zi09NAhMR2jvg==
    dependencies:
      "@ctrl/tinycolor" "^3.6.1"
  
  "@ant-design/icons-svg@^4.4.0":
    version "4.4.2"
    resolved "https://registry.npmjs.org/@ant-design/icons-svg/-/icons-svg-4.4.2.tgz"
    integrity sha512-vHbT+zJEVzllwP+CM+ul7reTEfBR0vgxFe7+lREAsAA7YGsYpboiq2sQNeQeRvh09GfQgs/GyFEvZpJ9cLXpXA==
  
  "@ant-design/icons@^5.3.7":
    version "5.5.1"
    resolved "https://registry.npmjs.org/@ant-design/icons/-/icons-5.5.1.tgz"
    integrity sha512-0UrM02MA2iDIgvLatWrj6YTCYe0F/cwXvVE0E2SqGrL7PZireQwgEKTKBisWpZyal5eXZLvuM98kju6YtYne8w==
    dependencies:
      "@ant-design/colors" "^7.0.0"
      "@ant-design/icons-svg" "^4.4.0"
      "@babel/runtime" "^7.24.8"
      classnames "^2.2.6"
      rc-util "^5.31.1"
  
  "@babel/runtime@^7.0.0", "@babel/runtime@^7.12.5", "@babel/runtime@^7.18.3", "@babel/runtime@^7.20.0", "@babel/runtime@^7.20.1", "@babel/runtime@^7.21.0", "@babel/runtime@^7.24.8":
    version "7.26.0"
    resolved "https://registry.npmjs.org/@babel/runtime/-/runtime-7.26.0.tgz"
    integrity sha512-FDSOghenHTiToteC/QRlv2q3DhPZ/oOXTBoirfWNx1Cx3TMVcGWQtMMmQcSvb/JjpNeGzx8Pq/b4fKEJuWm1sw==
    dependencies:
      regenerator-runtime "^0.14.0"
  
  "@ctrl/tinycolor@^3.6.1":
    version "3.6.1"
    resolved "https://registry.npmjs.org/@ctrl/tinycolor/-/tinycolor-3.6.1.tgz"
    integrity sha512-SITSV6aIXsuVNV3f3O0f2n/cgyEDWoSqtZMYiAmcsYHydcKrOz3gUxB/iXd/Qf08+IZX4KpgNbvUdMBmWz+kcA==
  
  "@emnapi/runtime@^1.2.0":
    version "1.3.1"
    resolved "https://registry.yarnpkg.com/@emnapi/runtime/-/runtime-1.3.1.tgz#0fcaa575afc31f455fd33534c19381cfce6c6f60"
    integrity sha512-kEBmG8KyqtxJZv+ygbEim+KCGtIq1fC22Ms3S4ziXmYKm8uyoLX0MHONVKwp+9opg390VaKRNt4a7A9NwmpNhw==
    dependencies:
      tslib "^2.4.0"
  
  "@eslint-community/eslint-utils@^4.2.0":
    version "4.4.1"
    resolved "https://registry.npmjs.org/@eslint-community/eslint-utils/-/eslint-utils-4.4.1.tgz"
    integrity sha512-s3O3waFUrMV8P/XaF/+ZTp1X9XBZW1a4B97ZnjQF2KYWaFD2A8KyFBsrsfSjEmjn3RGWAIuvlneuZm3CUK3jbA==
    dependencies:
      eslint-visitor-keys "^3.4.3"
  
  "@eslint-community/regexpp@^4.6.1":
    version "4.12.1"
    resolved "https://registry.npmjs.org/@eslint-community/regexpp/-/regexpp-4.12.1.tgz"
    integrity sha512-CCZCDJuduB9OUkFkY2IgppNZMi2lBQgD2qzwXkEia16cge2pijY/aXi96CJMquDMn3nJdlPV1A5KrJEXwfLNzQ==
  
  "@eslint/eslintrc@^2.1.4":
    version "2.1.4"
    resolved "https://registry.npmjs.org/@eslint/eslintrc/-/eslintrc-2.1.4.tgz"
    integrity sha512-269Z39MS6wVJtsoUl10L60WdkhJVdPG24Q4eZTH3nnF6lpvSShEK3wQjDX9JRWAUPvPh7COouPpU9IrqaZFvtQ==
    dependencies:
      ajv "^6.12.4"
      debug "^4.3.2"
      espree "^9.6.0"
      globals "^13.19.0"
      ignore "^5.2.0"
      import-fresh "^3.2.1"
      js-yaml "^4.1.0"
      minimatch "^3.1.2"
      strip-json-comments "^3.1.1"
  
  "@eslint/js@8.57.1":
    version "8.57.1"
    resolved "https://registry.npmjs.org/@eslint/js/-/js-8.57.1.tgz"
    integrity sha512-d9zaMRSTIKDLhctzH12MtXvJKSSUhaHcjV+2Z+GK+EEY7XKpP5yR4x+N3TAcHTcu963nIr+TMcCb4DBCYX1z6Q==
  
  "@floating-ui/core@^1.6.0":
    version "1.6.8"
    resolved "https://registry.npmjs.org/@floating-ui/core/-/core-1.6.8.tgz"
    integrity sha512-7XJ9cPU+yI2QeLS+FCSlqNFZJq8arvswefkZrYI1yQBbftw6FyrZOxYSh+9S7z7TpeWlRt9zJ5IhM1WIL334jA==
    dependencies:
      "@floating-ui/utils" "^0.2.8"
  
  "@floating-ui/dom@^1.0.0":
    version "1.6.12"
    resolved "https://registry.npmjs.org/@floating-ui/dom/-/dom-1.6.12.tgz"
    integrity sha512-NP83c0HjokcGVEMeoStg317VD9W7eDlGK7457dMBANbKA6GJZdc7rjujdgqzTaz93jkGgc5P/jeWbaCHnMNc+w==
    dependencies:
      "@floating-ui/core" "^1.6.0"
      "@floating-ui/utils" "^0.2.8"
  
  "@floating-ui/react-dom@^2.0.0":
    version "2.1.2"
    resolved "https://registry.npmjs.org/@floating-ui/react-dom/-/react-dom-2.1.2.tgz"
    integrity sha512-06okr5cgPzMNBy+Ycse2A6udMi4bqwW/zgBF/rwjcNqWkyr82Mcg8b0vjX8OJpZFy/FKjJmw6wV7t44kK6kW7A==
    dependencies:
      "@floating-ui/dom" "^1.0.0"
  
  "@floating-ui/utils@^0.2.8":
    version "0.2.8"
    resolved "https://registry.npmjs.org/@floating-ui/utils/-/utils-0.2.8.tgz"
    integrity sha512-kym7SodPp8/wloecOpcmSnWJsK7M0E5Wg8UcFA+uO4B9s5d0ywXOEro/8HM9x0rW+TljRzul/14UYz3TleT3ig==
  
  "@hookform/resolvers@^3.9.1":
    version "3.9.1"
    resolved "https://registry.npmjs.org/@hookform/resolvers/-/resolvers-3.9.1.tgz"
    integrity sha512-ud2HqmGBM0P0IABqoskKWI6PEf6ZDDBZkFqe2Vnl+mTHCEHzr3ISjjZyCwTjC/qpL25JC9aIDkloQejvMeq0ug==
  
  "@humanwhocodes/config-array@^0.13.0":
    version "0.13.0"
    resolved "https://registry.npmjs.org/@humanwhocodes/config-array/-/config-array-0.13.0.tgz"
    integrity sha512-DZLEEqFWQFiyK6h5YIeynKx7JlvCYWL0cImfSRXZ9l4Sg2efkFGTuFf6vzXjK1cq6IYkU+Eg/JizXw+TD2vRNw==
    dependencies:
      "@humanwhocodes/object-schema" "^2.0.3"
      debug "^4.3.1"
      minimatch "^3.0.5"
  
  "@humanwhocodes/module-importer@^1.0.1":
    version "1.0.1"
    resolved "https://registry.npmjs.org/@humanwhocodes/module-importer/-/module-importer-1.0.1.tgz"
    integrity sha512-bxveV4V8v5Yb4ncFTT3rPSgZBOpCkjfK0y4oVVVJwIuDVBRMDXrPyXRL988i5ap9m9bnyEEjWfm5WkBmtffLfA==
  
  "@humanwhocodes/object-schema@^2.0.3":
    version "2.0.3"
    resolved "https://registry.npmjs.org/@humanwhocodes/object-schema/-/object-schema-2.0.3.tgz"
    integrity sha512-93zYdMES/c1D69yZiKDBj0V24vqNzB/koF26KPaagAfd3P/4gUlh3Dys5ogAK+Exi9QyzlD8x/08Zt7wIKcDcA==
  
  "@img/sharp-darwin-arm64@0.33.5":
    version "0.33.5"
    resolved "https://registry.yarnpkg.com/@img/sharp-darwin-arm64/-/sharp-darwin-arm64-0.33.5.tgz#ef5b5a07862805f1e8145a377c8ba6e98813ca08"
    integrity sha512-UT4p+iz/2H4twwAoLCqfA9UH5pI6DggwKEGuaPy7nCVQ8ZsiY5PIcrRvD1DzuY3qYL07NtIQcWnBSY/heikIFQ==
    optionalDependencies:
      "@img/sharp-libvips-darwin-arm64" "1.0.4"
  
  "@img/sharp-darwin-x64@0.33.5":
    version "0.33.5"
    resolved "https://registry.yarnpkg.com/@img/sharp-darwin-x64/-/sharp-darwin-x64-0.33.5.tgz#e03d3451cd9e664faa72948cc70a403ea4063d61"
    integrity sha512-fyHac4jIc1ANYGRDxtiqelIbdWkIuQaI84Mv45KvGRRxSAa7o7d1ZKAOBaYbnepLC1WqxfpimdeWfvqqSGwR2Q==
    optionalDependencies:
      "@img/sharp-libvips-darwin-x64" "1.0.4"
  
  "@img/sharp-libvips-darwin-arm64@1.0.4":
    version "1.0.4"
    resolved "https://registry.yarnpkg.com/@img/sharp-libvips-darwin-arm64/-/sharp-libvips-darwin-arm64-1.0.4.tgz#447c5026700c01a993c7804eb8af5f6e9868c07f"
    integrity sha512-XblONe153h0O2zuFfTAbQYAX2JhYmDHeWikp1LM9Hul9gVPjFY427k6dFEcOL72O01QxQsWi761svJ/ev9xEDg==
  
  "@img/sharp-libvips-darwin-x64@1.0.4":
    version "1.0.4"
    resolved "https://registry.yarnpkg.com/@img/sharp-libvips-darwin-x64/-/sharp-libvips-darwin-x64-1.0.4.tgz#e0456f8f7c623f9dbfbdc77383caa72281d86062"
    integrity sha512-xnGR8YuZYfJGmWPvmlunFaWJsb9T/AO2ykoP3Fz/0X5XV2aoYBPkX6xqCQvUTKKiLddarLaxpzNe+b1hjeWHAQ==
  
  "@img/sharp-libvips-linux-arm64@1.0.4":
    version "1.0.4"
    resolved "https://registry.yarnpkg.com/@img/sharp-libvips-linux-arm64/-/sharp-libvips-linux-arm64-1.0.4.tgz#979b1c66c9a91f7ff2893556ef267f90ebe51704"
    integrity sha512-9B+taZ8DlyyqzZQnoeIvDVR/2F4EbMepXMc/NdVbkzsJbzkUjhXv/70GQJ7tdLA4YJgNP25zukcxpX2/SueNrA==
  
  "@img/sharp-libvips-linux-arm@1.0.5":
    version "1.0.5"
    resolved "https://registry.yarnpkg.com/@img/sharp-libvips-linux-arm/-/sharp-libvips-linux-arm-1.0.5.tgz#99f922d4e15216ec205dcb6891b721bfd2884197"
    integrity sha512-gvcC4ACAOPRNATg/ov8/MnbxFDJqf/pDePbBnuBDcjsI8PssmjoKMAz4LtLaVi+OnSb5FK/yIOamqDwGmXW32g==
  
  "@img/sharp-libvips-linux-s390x@1.0.4":
    version "1.0.4"
    resolved "https://registry.yarnpkg.com/@img/sharp-libvips-linux-s390x/-/sharp-libvips-linux-s390x-1.0.4.tgz#f8a5eb1f374a082f72b3f45e2fb25b8118a8a5ce"
    integrity sha512-u7Wz6ntiSSgGSGcjZ55im6uvTrOxSIS8/dgoVMoiGE9I6JAfU50yH5BoDlYA1tcuGS7g/QNtetJnxA6QEsCVTA==
  
  "@img/sharp-libvips-linux-x64@1.0.4":
    version "1.0.4"
    resolved "https://registry.yarnpkg.com/@img/sharp-libvips-linux-x64/-/sharp-libvips-linux-x64-1.0.4.tgz#d4c4619cdd157774906e15770ee119931c7ef5e0"
    integrity sha512-MmWmQ3iPFZr0Iev+BAgVMb3ZyC4KeFc3jFxnNbEPas60e1cIfevbtuyf9nDGIzOaW9PdnDciJm+wFFaTlj5xYw==
  
  "@img/sharp-libvips-linuxmusl-arm64@1.0.4":
    version "1.0.4"
    resolved "https://registry.yarnpkg.com/@img/sharp-libvips-linuxmusl-arm64/-/sharp-libvips-linuxmusl-arm64-1.0.4.tgz#166778da0f48dd2bded1fa3033cee6b588f0d5d5"
    integrity sha512-9Ti+BbTYDcsbp4wfYib8Ctm1ilkugkA/uscUn6UXK1ldpC1JjiXbLfFZtRlBhjPZ5o1NCLiDbg8fhUPKStHoTA==
  
  "@img/sharp-libvips-linuxmusl-x64@1.0.4":
    version "1.0.4"
    resolved "https://registry.yarnpkg.com/@img/sharp-libvips-linuxmusl-x64/-/sharp-libvips-linuxmusl-x64-1.0.4.tgz#93794e4d7720b077fcad3e02982f2f1c246751ff"
    integrity sha512-viYN1KX9m+/hGkJtvYYp+CCLgnJXwiQB39damAO7WMdKWlIhmYTfHjwSbQeUK/20vY154mwezd9HflVFM1wVSw==
  
  "@img/sharp-linux-arm64@0.33.5":
    version "0.33.5"
    resolved "https://registry.yarnpkg.com/@img/sharp-linux-arm64/-/sharp-linux-arm64-0.33.5.tgz#edb0697e7a8279c9fc829a60fc35644c4839bb22"
    integrity sha512-JMVv+AMRyGOHtO1RFBiJy/MBsgz0x4AWrT6QoEVVTyh1E39TrCUpTRI7mx9VksGX4awWASxqCYLCV4wBZHAYxA==
    optionalDependencies:
      "@img/sharp-libvips-linux-arm64" "1.0.4"
  
  "@img/sharp-linux-arm@0.33.5":
    version "0.33.5"
    resolved "https://registry.yarnpkg.com/@img/sharp-linux-arm/-/sharp-linux-arm-0.33.5.tgz#422c1a352e7b5832842577dc51602bcd5b6f5eff"
    integrity sha512-JTS1eldqZbJxjvKaAkxhZmBqPRGmxgu+qFKSInv8moZ2AmT5Yib3EQ1c6gp493HvrvV8QgdOXdyaIBrhvFhBMQ==
    optionalDependencies:
      "@img/sharp-libvips-linux-arm" "1.0.5"
  
  "@img/sharp-linux-s390x@0.33.5":
    version "0.33.5"
    resolved "https://registry.yarnpkg.com/@img/sharp-linux-s390x/-/sharp-linux-s390x-0.33.5.tgz#f5c077926b48e97e4a04d004dfaf175972059667"
    integrity sha512-y/5PCd+mP4CA/sPDKl2961b+C9d+vPAveS33s6Z3zfASk2j5upL6fXVPZi7ztePZ5CuH+1kW8JtvxgbuXHRa4Q==
    optionalDependencies:
      "@img/sharp-libvips-linux-s390x" "1.0.4"
  
  "@img/sharp-linux-x64@0.33.5":
    version "0.33.5"
    resolved "https://registry.yarnpkg.com/@img/sharp-linux-x64/-/sharp-linux-x64-0.33.5.tgz#d806e0afd71ae6775cc87f0da8f2d03a7c2209cb"
    integrity sha512-opC+Ok5pRNAzuvq1AG0ar+1owsu842/Ab+4qvU879ippJBHvyY5n2mxF1izXqkPYlGuP/M556uh53jRLJmzTWA==
    optionalDependencies:
      "@img/sharp-libvips-linux-x64" "1.0.4"
  
  "@img/sharp-linuxmusl-arm64@0.33.5":
    version "0.33.5"
    resolved "https://registry.yarnpkg.com/@img/sharp-linuxmusl-arm64/-/sharp-linuxmusl-arm64-0.33.5.tgz#252975b915894fb315af5deea174651e208d3d6b"
    integrity sha512-XrHMZwGQGvJg2V/oRSUfSAfjfPxO+4DkiRh6p2AFjLQztWUuY/o8Mq0eMQVIY7HJ1CDQUJlxGGZRw1a5bqmd1g==
    optionalDependencies:
      "@img/sharp-libvips-linuxmusl-arm64" "1.0.4"
  
  "@img/sharp-linuxmusl-x64@0.33.5":
    version "0.33.5"
    resolved "https://registry.yarnpkg.com/@img/sharp-linuxmusl-x64/-/sharp-linuxmusl-x64-0.33.5.tgz#3f4609ac5d8ef8ec7dadee80b560961a60fd4f48"
    integrity sha512-WT+d/cgqKkkKySYmqoZ8y3pxx7lx9vVejxW/W4DOFMYVSkErR+w7mf2u8m/y4+xHe7yY9DAXQMWQhpnMuFfScw==
    optionalDependencies:
      "@img/sharp-libvips-linuxmusl-x64" "1.0.4"
  
  "@img/sharp-wasm32@0.33.5":
    version "0.33.5"
    resolved "https://registry.yarnpkg.com/@img/sharp-wasm32/-/sharp-wasm32-0.33.5.tgz#6f44f3283069d935bb5ca5813153572f3e6f61a1"
    integrity sha512-ykUW4LVGaMcU9lu9thv85CbRMAwfeadCJHRsg2GmeRa/cJxsVY9Rbd57JcMxBkKHag5U/x7TSBpScF4U8ElVzg==
    dependencies:
      "@emnapi/runtime" "^1.2.0"
  
  "@img/sharp-win32-ia32@0.33.5":
    version "0.33.5"
    resolved "https://registry.yarnpkg.com/@img/sharp-win32-ia32/-/sharp-win32-ia32-0.33.5.tgz#1a0c839a40c5351e9885628c85f2e5dfd02b52a9"
    integrity sha512-T36PblLaTwuVJ/zw/LaH0PdZkRz5rd3SmMHX8GSmR7vtNSP5Z6bQkExdSK7xGWyxLw4sUknBuugTelgw2faBbQ==
  
  "@img/sharp-win32-x64@0.33.5":
    version "0.33.5"
    resolved "https://registry.yarnpkg.com/@img/sharp-win32-x64/-/sharp-win32-x64-0.33.5.tgz#56f00962ff0c4e0eb93d34a047d29fa995e3e342"
    integrity sha512-MpY/o8/8kj+EcnxwvrP4aTJSWw/aZ7JIGR4aBeZkZw5B7/Jn+tY9/VNwtcoGmdT7GfggGIU4kygOMSbYnOrAbg==
  
  "@isaacs/cliui@^8.0.2":
    version "8.0.2"
    resolved "https://registry.npmjs.org/@isaacs/cliui/-/cliui-8.0.2.tgz"
    integrity sha512-O8jcjabXaleOG9DQ0+ARXWZBTfnP4WNAqzuiJK7ll44AmxGKv/J2M4TPjxjY3znBCfvBXFzucm1twdyFybFqEA==
    dependencies:
      string-width "^5.1.2"
      string-width-cjs "npm:string-width@^4.2.0"
      strip-ansi "^7.0.1"
      strip-ansi-cjs "npm:strip-ansi@^6.0.1"
      wrap-ansi "^8.1.0"
      wrap-ansi-cjs "npm:wrap-ansi@^7.0.0"
  
  "@jridgewell/gen-mapping@^0.3.2":
    version "0.3.5"
    resolved "https://registry.npmjs.org/@jridgewell/gen-mapping/-/gen-mapping-0.3.5.tgz"
    integrity sha512-IzL8ZoEDIBRWEzlCcRhOaCupYyN5gdIK+Q6fbFdPDg6HqX6jpkItn7DFIpW9LQzXG6Df9sA7+OKnq0qlz/GaQg==
    dependencies:
      "@jridgewell/set-array" "^1.2.1"
      "@jridgewell/sourcemap-codec" "^1.4.10"
      "@jridgewell/trace-mapping" "^0.3.24"
  
  "@jridgewell/resolve-uri@^3.1.0":
    version "3.1.2"
    resolved "https://registry.npmjs.org/@jridgewell/resolve-uri/-/resolve-uri-3.1.2.tgz"
    integrity sha512-bRISgCIjP20/tbWSPWMEi54QVPRZExkuD9lJL+UIxUKtwVJA8wW1Trb1jMs1RFXo1CBTNZ/5hpC9QvmKWdopKw==
  
  "@jridgewell/set-array@^1.2.1":
    version "1.2.1"
    resolved "https://registry.npmjs.org/@jridgewell/set-array/-/set-array-1.2.1.tgz"
    integrity sha512-R8gLRTZeyp03ymzP/6Lil/28tGeGEzhx1q2k703KGWRAI1VdvPIXdG70VJc2pAMw3NA6JKL5hhFu1sJX0Mnn/A==
  
  "@jridgewell/sourcemap-codec@^1.4.10", "@jridgewell/sourcemap-codec@^1.4.14":
    version "1.5.0"
    resolved "https://registry.npmjs.org/@jridgewell/sourcemap-codec/-/sourcemap-codec-1.5.0.tgz"
    integrity sha512-gv3ZRaISU3fjPAgNsriBRqGWQL6quFx04YMPW/zD8XMLsU32mhCCbfbO6KZFLjvYpCZ8zyDEgqsgf+PwPaM7GQ==
  
  "@jridgewell/trace-mapping@^0.3.24":
    version "0.3.25"
    resolved "https://registry.npmjs.org/@jridgewell/trace-mapping/-/trace-mapping-0.3.25.tgz"
    integrity sha512-vNk6aEwybGtawWmy/PzwnGDOjCkLWSD2wqvjGGAgOAwCGWySYXfYoxt00IJkTF+8Lb57DwOb3Aa0o9CApepiYQ==
    dependencies:
      "@jridgewell/resolve-uri" "^3.1.0"
      "@jridgewell/sourcemap-codec" "^1.4.14"
  
  "@juggle/resize-observer@^3.3.1", "@juggle/resize-observer@^3.4.0":
    version "3.4.0"
    resolved "https://registry.npmjs.org/@juggle/resize-observer/-/resize-observer-3.4.0.tgz"
    integrity sha512-dfLbk+PwWvFzSxwk3n5ySL0hfBog779o8h68wK/7/APo/7cgyWp5jcXockbxdk5kFRkbeXWm4Fbi9FrdN381sA==
  
  "@next/env@15.0.3":
    version "15.0.3"
    resolved "https://registry.npmjs.org/@next/env/-/env-15.0.3.tgz"
    integrity sha512-t9Xy32pjNOvVn2AS+Utt6VmyrshbpfUMhIjFO60gI58deSo/KgLOp31XZ4O+kY/Is8WAGYwA5gR7kOb1eORDBA==
  
  "@next/eslint-plugin-next@14.2.3":
    version "14.2.3"
    resolved "https://registry.npmjs.org/@next/eslint-plugin-next/-/eslint-plugin-next-14.2.3.tgz"
    integrity sha512-L3oDricIIjgj1AVnRdRor21gI7mShlSwU/1ZGHmqM3LzHhXXhdkrfeNY5zif25Bi5Dd7fiJHsbhoZCHfXYvlAw==
    dependencies:
      glob "10.3.10"
  
  "@next/swc-darwin-arm64@15.0.3":
    version "15.0.3"
    resolved "https://registry.yarnpkg.com/@next/swc-darwin-arm64/-/swc-darwin-arm64-15.0.3.tgz#4c40c506cf3d4d87da0204f4cccf39e6bdc46a71"
    integrity sha512-s3Q/NOorCsLYdCKvQlWU+a+GeAd3C8Rb3L1YnetsgwXzhc3UTWrtQpB/3eCjFOdGUj5QmXfRak12uocd1ZiiQw==
  
  "@next/swc-darwin-x64@15.0.3":
    version "15.0.3"
    resolved "https://registry.yarnpkg.com/@next/swc-darwin-x64/-/swc-darwin-x64-15.0.3.tgz#8e06cacae3dae279744f9fbe88dea679ec2c1ca3"
    integrity sha512-Zxl/TwyXVZPCFSf0u2BNj5sE0F2uR6iSKxWpq4Wlk/Sv9Ob6YCKByQTkV2y6BCic+fkabp9190hyrDdPA/dNrw==
  
  "@next/swc-linux-arm64-gnu@15.0.3":
    version "15.0.3"
    resolved "https://registry.yarnpkg.com/@next/swc-linux-arm64-gnu/-/swc-linux-arm64-gnu-15.0.3.tgz#c144ad1f21091b9c6e1e330ecc2d56188763191d"
    integrity sha512-T5+gg2EwpsY3OoaLxUIofmMb7ohAUlcNZW0fPQ6YAutaWJaxt1Z1h+8zdl4FRIOr5ABAAhXtBcpkZNwUcKI2fw==
  
  "@next/swc-linux-arm64-musl@15.0.3":
    version "15.0.3"
    resolved "https://registry.yarnpkg.com/@next/swc-linux-arm64-musl/-/swc-linux-arm64-musl-15.0.3.tgz#3ccb71c6703bf421332f177d1bb0e10528bc73a2"
    integrity sha512-WkAk6R60mwDjH4lG/JBpb2xHl2/0Vj0ZRu1TIzWuOYfQ9tt9NFsIinI1Epma77JVgy81F32X/AeD+B2cBu/YQA==
  
  "@next/swc-linux-x64-gnu@15.0.3":
    version "15.0.3"
    resolved "https://registry.yarnpkg.com/@next/swc-linux-x64-gnu/-/swc-linux-x64-gnu-15.0.3.tgz#b90aa9b07001b4000427c35ab347a9273cbeebb3"
    integrity sha512-gWL/Cta1aPVqIGgDb6nxkqy06DkwJ9gAnKORdHWX1QBbSZZB+biFYPFti8aKIQL7otCE1pjyPaXpFzGeG2OS2w==
  
  "@next/swc-linux-x64-musl@15.0.3":
    version "15.0.3"
    resolved "https://registry.yarnpkg.com/@next/swc-linux-x64-musl/-/swc-linux-x64-musl-15.0.3.tgz#0ac9724fb44718fc97bfea971ac3fe17e486590e"
    integrity sha512-QQEMwFd8r7C0GxQS62Zcdy6GKx999I/rTO2ubdXEe+MlZk9ZiinsrjwoiBL5/57tfyjikgh6GOU2WRQVUej3UA==
  
  "@next/swc-win32-arm64-msvc@15.0.3":
    version "15.0.3"
    resolved "https://registry.yarnpkg.com/@next/swc-win32-arm64-msvc/-/swc-win32-arm64-msvc-15.0.3.tgz#932437d4cf27814e963ba8ae5f033b4421fab9ca"
    integrity sha512-9TEp47AAd/ms9fPNgtgnT7F3M1Hf7koIYYWCMQ9neOwjbVWJsHZxrFbI3iEDJ8rf1TDGpmHbKxXf2IFpAvheIQ==
  
  "@next/swc-win32-x64-msvc@15.0.3":
    version "15.0.3"
    resolved "https://registry.npmjs.org/@next/swc-win32-x64-msvc/-/swc-win32-x64-msvc-15.0.3.tgz"
    integrity sha512-VNAz+HN4OGgvZs6MOoVfnn41kBzT+M+tB+OK4cww6DNyWS6wKaDpaAm/qLeOUbnMh0oVx1+mg0uoYARF69dJyA==
  
  "@nodelib/fs.scandir@2.1.5":
    version "2.1.5"
    resolved "https://registry.npmjs.org/@nodelib/fs.scandir/-/fs.scandir-2.1.5.tgz"
    integrity sha512-vq24Bq3ym5HEQm2NKCr3yXDwjc7vTsEThRDnkp2DK9p1uqLR+DHurm/NOTo0KG7HYHU7eppKZj3MyqYuMBf62g==
    dependencies:
      "@nodelib/fs.stat" "2.0.5"
      run-parallel "^1.1.9"
  
  "@nodelib/fs.stat@2.0.5", "@nodelib/fs.stat@^2.0.2":
    version "2.0.5"
    resolved "https://registry.npmjs.org/@nodelib/fs.stat/-/fs.stat-2.0.5.tgz"
    integrity sha512-RkhPPp2zrqDAQA/2jNhnztcPAlv64XdhIp7a7454A5ovI7Bukxgt7MX7udwAu3zg1DcpPU0rz3VV1SeaqvY4+A==
  
  "@nodelib/fs.walk@^1.2.3", "@nodelib/fs.walk@^1.2.8":
    version "1.2.8"
    resolved "https://registry.npmjs.org/@nodelib/fs.walk/-/fs.walk-1.2.8.tgz"
    integrity sha512-oGB+UxlgWcgQkgwo8GcEGwemoTFt3FIO9ababBmaGwXIoBKZ+GTy0pP185beGg7Llih/NSHSV2XAs1lnznocSg==
    dependencies:
      "@nodelib/fs.scandir" "2.1.5"
      fastq "^1.6.0"
  
  "@nolyfill/is-core-module@1.0.39":
    version "1.0.39"
    resolved "https://registry.npmjs.org/@nolyfill/is-core-module/-/is-core-module-1.0.39.tgz"
    integrity sha512-nn5ozdjYQpUCZlWGuxcJY/KpxkWQs4DcbMCmKojjyrYDEAGy4Ce19NN4v5MduafTwJlbKc99UA8YhSVqq9yPZA==
  
  "@pkgjs/parseargs@^0.11.0":
    version "0.11.0"
    resolved "https://registry.npmjs.org/@pkgjs/parseargs/-/parseargs-0.11.0.tgz"
    integrity sha512-+1VkjdD0QBLPodGrJUeqarH8VAIvQODIbwh9XpP5Syisf7YoQgsJKPNFoqqLQlu+VQ/tVSshMR6loPMn8U+dPg==
  
  "@radix-ui/number@1.1.0":
    version "1.1.0"
    resolved "https://registry.npmjs.org/@radix-ui/number/-/number-1.1.0.tgz"
    integrity sha512-V3gRzhVNU1ldS5XhAPTom1fOIo4ccrjjJgmE+LI2h/WaFpHmx0MQApT+KZHnx8abG6Avtfcz4WoEciMnpFT3HQ==
  
  "@radix-ui/primitive@1.1.0":
    version "1.1.0"
    resolved "https://registry.npmjs.org/@radix-ui/primitive/-/primitive-1.1.0.tgz"
    integrity sha512-4Z8dn6Upk0qk4P74xBhZ6Hd/w0mPEzOOLxy4xiPXOXqjF7jZS0VAKk7/x/H6FyY2zCkYJqePf1G5KmkmNJ4RBA==
  
  "@radix-ui/primitive@1.1.1":
    version "1.1.1"
    resolved "https://registry.yarnpkg.com/@radix-ui/primitive/-/primitive-1.1.1.tgz#fc169732d755c7fbad33ba8d0cd7fd10c90dc8e3"
    integrity sha512-SJ31y+Q/zAyShtXJc8x83i9TYdbAfHZ++tUZnvjJJqFjzsdUnKsxPL6IEtBlxKkU7yzer//GQtZSV4GbldL3YA==
  
  "@radix-ui/react-accordion@^1.1.2":
    version "1.2.1"
    resolved "https://registry.npmjs.org/@radix-ui/react-accordion/-/react-accordion-1.2.1.tgz"
    integrity sha512-bg/l7l5QzUjgsh8kjwDFommzAshnUsuVMV5NM56QVCm+7ZckYdd9P/ExR8xG/Oup0OajVxNLaHJ1tb8mXk+nzQ==
    dependencies:
      "@radix-ui/primitive" "1.1.0"
      "@radix-ui/react-collapsible" "1.1.1"
      "@radix-ui/react-collection" "1.1.0"
      "@radix-ui/react-compose-refs" "1.1.0"
      "@radix-ui/react-context" "1.1.1"
      "@radix-ui/react-direction" "1.1.0"
      "@radix-ui/react-id" "1.1.0"
      "@radix-ui/react-primitive" "2.0.0"
      "@radix-ui/react-use-controllable-state" "1.1.0"
  
  "@radix-ui/react-arrow@1.1.0":
    version "1.1.0"
    resolved "https://registry.npmjs.org/@radix-ui/react-arrow/-/react-arrow-1.1.0.tgz"
    integrity sha512-FmlW1rCg7hBpEBwFbjHwCW6AmWLQM6g/v0Sn8XbP9NvmSZ2San1FpQeyPtufzOMSIx7Y4dzjlHoifhp+7NkZhw==
    dependencies:
      "@radix-ui/react-primitive" "2.0.0"
  
  "@radix-ui/react-arrow@1.1.1":
    version "1.1.1"
    resolved "https://registry.yarnpkg.com/@radix-ui/react-arrow/-/react-arrow-1.1.1.tgz#2103721933a8bfc6e53bbfbdc1aaad5fc8ba0dd7"
    integrity sha512-NaVpZfmv8SKeZbn4ijN2V3jlHA9ngBG16VnIIm22nUR0Yk8KUALyBxT3KYEUnNuch9sTE8UTsS3whzBgKOL30w==
    dependencies:
      "@radix-ui/react-primitive" "2.0.1"
  
  "@radix-ui/react-checkbox@^1.0.4":
    version "1.1.2"
    resolved "https://registry.npmjs.org/@radix-ui/react-checkbox/-/react-checkbox-1.1.2.tgz"
    integrity sha512-/i0fl686zaJbDQLNKrkCbMyDm6FQMt4jg323k7HuqitoANm9sE23Ql8yOK3Wusk34HSLKDChhMux05FnP6KUkw==
    dependencies:
      "@radix-ui/primitive" "1.1.0"
      "@radix-ui/react-compose-refs" "1.1.0"
      "@radix-ui/react-context" "1.1.1"
      "@radix-ui/react-presence" "1.1.1"
      "@radix-ui/react-primitive" "2.0.0"
      "@radix-ui/react-use-controllable-state" "1.1.0"
      "@radix-ui/react-use-previous" "1.1.0"
      "@radix-ui/react-use-size" "1.1.0"
  
  "@radix-ui/react-collapsible@1.1.1", "@radix-ui/react-collapsible@^1.0.3":
    version "1.1.1"
    resolved "https://registry.npmjs.org/@radix-ui/react-collapsible/-/react-collapsible-1.1.1.tgz"
    integrity sha512-1///SnrfQHJEofLokyczERxQbWfCGQlQ2XsCZMucVs6it+lq9iw4vXy+uDn1edlb58cOZOWSldnfPAYcT4O/Yg==
    dependencies:
      "@radix-ui/primitive" "1.1.0"
      "@radix-ui/react-compose-refs" "1.1.0"
      "@radix-ui/react-context" "1.1.1"
      "@radix-ui/react-id" "1.1.0"
      "@radix-ui/react-presence" "1.1.1"
      "@radix-ui/react-primitive" "2.0.0"
      "@radix-ui/react-use-controllable-state" "1.1.0"
      "@radix-ui/react-use-layout-effect" "1.1.0"
  
  "@radix-ui/react-collection@1.1.0":
    version "1.1.0"
    resolved "https://registry.npmjs.org/@radix-ui/react-collection/-/react-collection-1.1.0.tgz"
    integrity sha512-GZsZslMJEyo1VKm5L1ZJY8tGDxZNPAoUeQUIbKeJfoi7Q4kmig5AsgLMYYuyYbfjd8fBmFORAIwYAkXMnXZgZw==
    dependencies:
      "@radix-ui/react-compose-refs" "1.1.0"
      "@radix-ui/react-context" "1.1.0"
      "@radix-ui/react-primitive" "2.0.0"
      "@radix-ui/react-slot" "1.1.0"
  
  "@radix-ui/react-collection@1.1.1":
    version "1.1.1"
    resolved "https://registry.yarnpkg.com/@radix-ui/react-collection/-/react-collection-1.1.1.tgz#be2c7e01d3508e6d4b6d838f492e7d182f17d3b0"
    integrity sha512-LwT3pSho9Dljg+wY2KN2mrrh6y3qELfftINERIzBUO9e0N+t0oMTyn3k9iv+ZqgrwGkRnLpNJrsMv9BZlt2yuA==
    dependencies:
      "@radix-ui/react-compose-refs" "1.1.1"
      "@radix-ui/react-context" "1.1.1"
      "@radix-ui/react-primitive" "2.0.1"
      "@radix-ui/react-slot" "1.1.1"
  
  "@radix-ui/react-compose-refs@1.1.0":
    version "1.1.0"
    resolved "https://registry.npmjs.org/@radix-ui/react-compose-refs/-/react-compose-refs-1.1.0.tgz"
    integrity sha512-b4inOtiaOnYf9KWyO3jAeeCG6FeyfY6ldiEPanbUjWd+xIk5wZeHa8yVwmrJ2vderhu/BQvzCrJI0lHd+wIiqw==
  
  "@radix-ui/react-compose-refs@1.1.1":
    version "1.1.1"
    resolved "https://registry.yarnpkg.com/@radix-ui/react-compose-refs/-/react-compose-refs-1.1.1.tgz#6f766faa975f8738269ebb8a23bad4f5a8d2faec"
    integrity sha512-Y9VzoRDSJtgFMUCoiZBDVo084VQ5hfpXxVE+NgkdNsjiDBByiImMZKKhxMwCbdHvhlENG6a833CbFkOQvTricw==
  
  "@radix-ui/react-context-menu@^2.1.5":
    version "2.2.2"
    resolved "https://registry.npmjs.org/@radix-ui/react-context-menu/-/react-context-menu-2.2.2.tgz"
    integrity sha512-99EatSTpW+hRYHt7m8wdDlLtkmTovEe8Z/hnxUPV+SKuuNL5HWNhQI4QSdjZqNSgXHay2z4M3Dym73j9p2Gx5Q==
    dependencies:
      "@radix-ui/primitive" "1.1.0"
      "@radix-ui/react-context" "1.1.1"
      "@radix-ui/react-menu" "2.1.2"
      "@radix-ui/react-primitive" "2.0.0"
      "@radix-ui/react-use-callback-ref" "1.1.0"
      "@radix-ui/react-use-controllable-state" "1.1.0"
  
  "@radix-ui/react-context@1.1.0":
    version "1.1.0"
    resolved "https://registry.npmjs.org/@radix-ui/react-context/-/react-context-1.1.0.tgz"
    integrity sha512-OKrckBy+sMEgYM/sMmqmErVn0kZqrHPJze+Ql3DzYsDDp0hl0L62nx/2122/Bvps1qz645jlcu2tD9lrRSdf8A==
  
  "@radix-ui/react-context@1.1.1":
    version "1.1.1"
    resolved "https://registry.npmjs.org/@radix-ui/react-context/-/react-context-1.1.1.tgz"
    integrity sha512-UASk9zi+crv9WteK/NU4PLvOoL3OuE6BWVKNF6hPRBtYBDXQ2u5iu3O59zUlJiTVvkyuycnqrztsHVJwcK9K+Q==
  
  "@radix-ui/react-dialog@^1.1.1", "@radix-ui/react-dialog@^1.1.2":
    version "1.1.2"
    resolved "https://registry.npmjs.org/@radix-ui/react-dialog/-/react-dialog-1.1.2.tgz"
    integrity sha512-Yj4dZtqa2o+kG61fzB0H2qUvmwBA2oyQroGLyNtBj1beo1khoQ3q1a2AO8rrQYjd8256CO9+N8L9tvsS+bnIyA==
    dependencies:
      "@radix-ui/primitive" "1.1.0"
      "@radix-ui/react-compose-refs" "1.1.0"
      "@radix-ui/react-context" "1.1.1"
      "@radix-ui/react-dismissable-layer" "1.1.1"
      "@radix-ui/react-focus-guards" "1.1.1"
      "@radix-ui/react-focus-scope" "1.1.0"
      "@radix-ui/react-id" "1.1.0"
      "@radix-ui/react-portal" "1.1.2"
      "@radix-ui/react-presence" "1.1.1"
      "@radix-ui/react-primitive" "2.0.0"
      "@radix-ui/react-slot" "1.1.0"
      "@radix-ui/react-use-controllable-state" "1.1.0"
      aria-hidden "^1.1.1"
      react-remove-scroll "2.6.0"
  
  "@radix-ui/react-direction@1.1.0":
    version "1.1.0"
    resolved "https://registry.npmjs.org/@radix-ui/react-direction/-/react-direction-1.1.0.tgz"
    integrity sha512-BUuBvgThEiAXh2DWu93XsT+a3aWrGqolGlqqw5VU1kG7p/ZH2cuDlM1sRLNnY3QcBS69UIz2mcKhMxDsdewhjg==
  
  "@radix-ui/react-dismissable-layer@1.1.1":
    version "1.1.1"
    resolved "https://registry.npmjs.org/@radix-ui/react-dismissable-layer/-/react-dismissable-layer-1.1.1.tgz"
    integrity sha512-QSxg29lfr/xcev6kSz7MAlmDnzbP1eI/Dwn3Tp1ip0KT5CUELsxkekFEMVBEoykI3oV39hKT4TKZzBNMbcTZYQ==
    dependencies:
      "@radix-ui/primitive" "1.1.0"
      "@radix-ui/react-compose-refs" "1.1.0"
      "@radix-ui/react-primitive" "2.0.0"
      "@radix-ui/react-use-callback-ref" "1.1.0"
      "@radix-ui/react-use-escape-keydown" "1.1.0"
  
  "@radix-ui/react-dismissable-layer@1.1.3":
    version "1.1.3"
    resolved "https://registry.yarnpkg.com/@radix-ui/react-dismissable-layer/-/react-dismissable-layer-1.1.3.tgz#4ee0f0f82d53bf5bd9db21665799bb0d1bad5ed8"
    integrity sha512-onrWn/72lQoEucDmJnr8uczSNTujT0vJnA/X5+3AkChVPowr8n1yvIKIabhWyMQeMvvmdpsvcyDqx3X1LEXCPg==
    dependencies:
      "@radix-ui/primitive" "1.1.1"
      "@radix-ui/react-compose-refs" "1.1.1"
      "@radix-ui/react-primitive" "2.0.1"
      "@radix-ui/react-use-callback-ref" "1.1.0"
      "@radix-ui/react-use-escape-keydown" "1.1.0"
  
  "@radix-ui/react-dropdown-menu@^2.0.6":
    version "2.1.2"
    resolved "https://registry.npmjs.org/@radix-ui/react-dropdown-menu/-/react-dropdown-menu-2.1.2.tgz"
    integrity sha512-GVZMR+eqK8/Kes0a36Qrv+i20bAPXSn8rCBTHx30w+3ECnR5o3xixAlqcVaYvLeyKUsm0aqyhWfmUcqufM8nYA==
    dependencies:
      "@radix-ui/primitive" "1.1.0"
      "@radix-ui/react-compose-refs" "1.1.0"
      "@radix-ui/react-context" "1.1.1"
      "@radix-ui/react-id" "1.1.0"
      "@radix-ui/react-menu" "2.1.2"
      "@radix-ui/react-primitive" "2.0.0"
      "@radix-ui/react-use-controllable-state" "1.1.0"
  
  "@radix-ui/react-focus-guards@1.1.1":
    version "1.1.1"
    resolved "https://registry.npmjs.org/@radix-ui/react-focus-guards/-/react-focus-guards-1.1.1.tgz"
    integrity sha512-pSIwfrT1a6sIoDASCSpFwOasEwKTZWDw/iBdtnqKO7v6FeOzYJ7U53cPzYFVR3geGGXgVHaH+CdngrrAzqUGxg==
  
  "@radix-ui/react-focus-scope@1.1.0":
    version "1.1.0"
    resolved "https://registry.npmjs.org/@radix-ui/react-focus-scope/-/react-focus-scope-1.1.0.tgz"
    integrity sha512-200UD8zylvEyL8Bx+z76RJnASR2gRMuxlgFCPAe/Q/679a/r0eK3MBVYMb7vZODZcffZBdob1EGnky78xmVvcA==
    dependencies:
      "@radix-ui/react-compose-refs" "1.1.0"
      "@radix-ui/react-primitive" "2.0.0"
      "@radix-ui/react-use-callback-ref" "1.1.0"
  
  "@radix-ui/react-focus-scope@1.1.1":
    version "1.1.1"
    resolved "https://registry.yarnpkg.com/@radix-ui/react-focus-scope/-/react-focus-scope-1.1.1.tgz#5c602115d1db1c4fcfa0fae4c3b09bb8919853cb"
    integrity sha512-01omzJAYRxXdG2/he/+xy+c8a8gCydoQ1yOxnWNcRhrrBW5W+RQJ22EK1SaO8tb3WoUsuEw7mJjBozPzihDFjA==
    dependencies:
      "@radix-ui/react-compose-refs" "1.1.1"
      "@radix-ui/react-primitive" "2.0.1"
      "@radix-ui/react-use-callback-ref" "1.1.0"
  
  "@radix-ui/react-hover-card@^1.0.7":
    version "1.1.2"
    resolved "https://registry.npmjs.org/@radix-ui/react-hover-card/-/react-hover-card-1.1.2.tgz"
    integrity sha512-Y5w0qGhysvmqsIy6nQxaPa6mXNKznfoGjOfBgzOjocLxr2XlSjqBMYQQL+FfyogsMuX+m8cZyQGYhJxvxUzO4w==
    dependencies:
      "@radix-ui/primitive" "1.1.0"
      "@radix-ui/react-compose-refs" "1.1.0"
      "@radix-ui/react-context" "1.1.1"
      "@radix-ui/react-dismissable-layer" "1.1.1"
      "@radix-ui/react-popper" "1.2.0"
      "@radix-ui/react-portal" "1.1.2"
      "@radix-ui/react-presence" "1.1.1"
      "@radix-ui/react-primitive" "2.0.0"
      "@radix-ui/react-use-controllable-state" "1.1.0"
  
  "@radix-ui/react-id@1.1.0":
    version "1.1.0"
    resolved "https://registry.npmjs.org/@radix-ui/react-id/-/react-id-1.1.0.tgz"
    integrity sha512-EJUrI8yYh7WOjNOqpoJaf1jlFIH2LvtgAl+YcFqNCa+4hj64ZXmPkAKOFs/ukjz3byN6bdb/AVUqHkI8/uWWMA==
    dependencies:
      "@radix-ui/react-use-layout-effect" "1.1.0"
  
  "@radix-ui/react-label@^2.1.0":
    version "2.1.0"
    resolved "https://registry.npmjs.org/@radix-ui/react-label/-/react-label-2.1.0.tgz"
    integrity sha512-peLblDlFw/ngk3UWq0VnYaOLy6agTZZ+MUO/WhVfm14vJGML+xH4FAl2XQGLqdefjNb7ApRg6Yn7U42ZhmYXdw==
    dependencies:
      "@radix-ui/react-primitive" "2.0.0"
  
  "@radix-ui/react-menu@2.1.2":
    version "2.1.2"
    resolved "https://registry.npmjs.org/@radix-ui/react-menu/-/react-menu-2.1.2.tgz"
    integrity sha512-lZ0R4qR2Al6fZ4yCCZzu/ReTFrylHFxIqy7OezIpWF4bL0o9biKo0pFIvkaew3TyZ9Fy5gYVrR5zCGZBVbO1zg==
    dependencies:
      "@radix-ui/primitive" "1.1.0"
      "@radix-ui/react-collection" "1.1.0"
      "@radix-ui/react-compose-refs" "1.1.0"
      "@radix-ui/react-context" "1.1.1"
      "@radix-ui/react-direction" "1.1.0"
      "@radix-ui/react-dismissable-layer" "1.1.1"
      "@radix-ui/react-focus-guards" "1.1.1"
      "@radix-ui/react-focus-scope" "1.1.0"
      "@radix-ui/react-id" "1.1.0"
      "@radix-ui/react-popper" "1.2.0"
      "@radix-ui/react-portal" "1.1.2"
      "@radix-ui/react-presence" "1.1.1"
      "@radix-ui/react-primitive" "2.0.0"
      "@radix-ui/react-roving-focus" "1.1.0"
      "@radix-ui/react-slot" "1.1.0"
      "@radix-ui/react-use-callback-ref" "1.1.0"
      aria-hidden "^1.1.1"
      react-remove-scroll "2.6.0"
  
  "@radix-ui/react-menu@2.1.4":
    version "2.1.4"
    resolved "https://registry.yarnpkg.com/@radix-ui/react-menu/-/react-menu-2.1.4.tgz#ac7aec296f29608206a7c6ef6335d8f102edaa95"
    integrity sha512-BnOgVoL6YYdHAG6DtXONaR29Eq4nvbi8rutrV/xlr3RQCMMb3yqP85Qiw/3NReozrSW+4dfLkK+rc1hb4wPU/A==
    dependencies:
      "@radix-ui/primitive" "1.1.1"
      "@radix-ui/react-collection" "1.1.1"
      "@radix-ui/react-compose-refs" "1.1.1"
      "@radix-ui/react-context" "1.1.1"
      "@radix-ui/react-direction" "1.1.0"
      "@radix-ui/react-dismissable-layer" "1.1.3"
      "@radix-ui/react-focus-guards" "1.1.1"
      "@radix-ui/react-focus-scope" "1.1.1"
      "@radix-ui/react-id" "1.1.0"
      "@radix-ui/react-popper" "1.2.1"
      "@radix-ui/react-portal" "1.1.3"
      "@radix-ui/react-presence" "1.1.2"
      "@radix-ui/react-primitive" "2.0.1"
      "@radix-ui/react-roving-focus" "1.1.1"
      "@radix-ui/react-slot" "1.1.1"
      "@radix-ui/react-use-callback-ref" "1.1.0"
      aria-hidden "^1.1.1"
      react-remove-scroll "^2.6.1"
  
  "@radix-ui/react-menubar@^1.1.4":
    version "1.1.4"
    resolved "https://registry.yarnpkg.com/@radix-ui/react-menubar/-/react-menubar-1.1.4.tgz#917c49ba773094fa81579fa6c46567b562d208bb"
    integrity sha512-+KMpi7VAZuB46+1LD7a30zb5IxyzLgC8m8j42gk3N4TUCcViNQdX8FhoH1HDvYiA8quuqcek4R4bYpPn/SY1GA==
    dependencies:
      "@radix-ui/primitive" "1.1.1"
      "@radix-ui/react-collection" "1.1.1"
      "@radix-ui/react-compose-refs" "1.1.1"
      "@radix-ui/react-context" "1.1.1"
      "@radix-ui/react-direction" "1.1.0"
      "@radix-ui/react-id" "1.1.0"
      "@radix-ui/react-menu" "2.1.4"
      "@radix-ui/react-primitive" "2.0.1"
      "@radix-ui/react-roving-focus" "1.1.1"
      "@radix-ui/react-use-controllable-state" "1.1.0"
  
  "@radix-ui/react-navigation-menu@^1.2.3":
    version "1.2.3"
    resolved "https://registry.yarnpkg.com/@radix-ui/react-navigation-menu/-/react-navigation-menu-1.2.3.tgz#b76b243235acd229b4e00fa61619547d3edf7c99"
    integrity sha512-IQWAsQ7dsLIYDrn0WqPU+cdM7MONTv9nqrLVYoie3BPiabSfUVDe6Fr+oEt0Cofsr9ONDcDe9xhmJbL1Uq1yKg==
    dependencies:
      "@radix-ui/primitive" "1.1.1"
      "@radix-ui/react-collection" "1.1.1"
      "@radix-ui/react-compose-refs" "1.1.1"
      "@radix-ui/react-context" "1.1.1"
      "@radix-ui/react-direction" "1.1.0"
      "@radix-ui/react-dismissable-layer" "1.1.3"
      "@radix-ui/react-id" "1.1.0"
      "@radix-ui/react-presence" "1.1.2"
      "@radix-ui/react-primitive" "2.0.1"
      "@radix-ui/react-use-callback-ref" "1.1.0"
      "@radix-ui/react-use-controllable-state" "1.1.0"
      "@radix-ui/react-use-layout-effect" "1.1.0"
      "@radix-ui/react-use-previous" "1.1.0"
      "@radix-ui/react-visually-hidden" "1.1.1"
  
  "@radix-ui/react-popper@1.2.0":
    version "1.2.0"
    resolved "https://registry.npmjs.org/@radix-ui/react-popper/-/react-popper-1.2.0.tgz"
    integrity sha512-ZnRMshKF43aBxVWPWvbj21+7TQCvhuULWJ4gNIKYpRlQt5xGRhLx66tMp8pya2UkGHTSlhpXwmjqltDYHhw7Vg==
    dependencies:
      "@floating-ui/react-dom" "^2.0.0"
      "@radix-ui/react-arrow" "1.1.0"
      "@radix-ui/react-compose-refs" "1.1.0"
      "@radix-ui/react-context" "1.1.0"
      "@radix-ui/react-primitive" "2.0.0"
      "@radix-ui/react-use-callback-ref" "1.1.0"
      "@radix-ui/react-use-layout-effect" "1.1.0"
      "@radix-ui/react-use-rect" "1.1.0"
      "@radix-ui/react-use-size" "1.1.0"
      "@radix-ui/rect" "1.1.0"
  
  "@radix-ui/react-popper@1.2.1":
    version "1.2.1"
    resolved "https://registry.yarnpkg.com/@radix-ui/react-popper/-/react-popper-1.2.1.tgz#2fc66cfc34f95f00d858924e3bee54beae2dff0a"
    integrity sha512-3kn5Me69L+jv82EKRuQCXdYyf1DqHwD2U/sxoNgBGCB7K9TRc3bQamQ+5EPM9EvyPdli0W41sROd+ZU1dTCztw==
    dependencies:
      "@floating-ui/react-dom" "^2.0.0"
      "@radix-ui/react-arrow" "1.1.1"
      "@radix-ui/react-compose-refs" "1.1.1"
      "@radix-ui/react-context" "1.1.1"
      "@radix-ui/react-primitive" "2.0.1"
      "@radix-ui/react-use-callback-ref" "1.1.0"
      "@radix-ui/react-use-layout-effect" "1.1.0"
      "@radix-ui/react-use-rect" "1.1.0"
      "@radix-ui/react-use-size" "1.1.0"
      "@radix-ui/rect" "1.1.0"
  
  "@radix-ui/react-portal@1.1.2":
    version "1.1.2"
    resolved "https://registry.npmjs.org/@radix-ui/react-portal/-/react-portal-1.1.2.tgz"
    integrity sha512-WeDYLGPxJb/5EGBoedyJbT0MpoULmwnIPMJMSldkuiMsBAv7N1cRdsTWZWht9vpPOiN3qyiGAtbK2is47/uMFg==
    dependencies:
      "@radix-ui/react-primitive" "2.0.0"
      "@radix-ui/react-use-layout-effect" "1.1.0"
  
  "@radix-ui/react-portal@1.1.3":
    version "1.1.3"
    resolved "https://registry.yarnpkg.com/@radix-ui/react-portal/-/react-portal-1.1.3.tgz#b0ea5141103a1671b715481b13440763d2ac4440"
    integrity sha512-NciRqhXnGojhT93RPyDaMPfLH3ZSl4jjIFbZQ1b/vxvZEdHsBZ49wP9w8L3HzUQwep01LcWtkUvm0OVB5JAHTw==
    dependencies:
      "@radix-ui/react-primitive" "2.0.1"
      "@radix-ui/react-use-layout-effect" "1.1.0"
  
  "@radix-ui/react-presence@1.1.1":
    version "1.1.1"
    resolved "https://registry.npmjs.org/@radix-ui/react-presence/-/react-presence-1.1.1.tgz"
    integrity sha512-IeFXVi4YS1K0wVZzXNrbaaUvIJ3qdY+/Ih4eHFhWA9SwGR9UDX7Ck8abvL57C4cv3wwMvUE0OG69Qc3NCcTe/A==
    dependencies:
      "@radix-ui/react-compose-refs" "1.1.0"
      "@radix-ui/react-use-layout-effect" "1.1.0"
  
  "@radix-ui/react-presence@1.1.2":
    version "1.1.2"
    resolved "https://registry.yarnpkg.com/@radix-ui/react-presence/-/react-presence-1.1.2.tgz#bb764ed8a9118b7ec4512da5ece306ded8703cdc"
    integrity sha512-18TFr80t5EVgL9x1SwF/YGtfG+l0BS0PRAlCWBDoBEiDQjeKgnNZRVJp/oVBl24sr3Gbfwc/Qpj4OcWTQMsAEg==
    dependencies:
      "@radix-ui/react-compose-refs" "1.1.1"
      "@radix-ui/react-use-layout-effect" "1.1.0"
  
  "@radix-ui/react-primitive@2.0.0":
    version "2.0.0"
    resolved "https://registry.npmjs.org/@radix-ui/react-primitive/-/react-primitive-2.0.0.tgz"
    integrity sha512-ZSpFm0/uHa8zTvKBDjLFWLo8dkr4MBsiDLz0g3gMUwqgLHz9rTaRRGYDgvZPtBJgYCBKXkS9fzmoySgr8CO6Cw==
    dependencies:
      "@radix-ui/react-slot" "1.1.0"
  
  "@radix-ui/react-primitive@2.0.1":
    version "2.0.1"
    resolved "https://registry.yarnpkg.com/@radix-ui/react-primitive/-/react-primitive-2.0.1.tgz#6d9efc550f7520135366f333d1e820cf225fad9e"
    integrity sha512-sHCWTtxwNn3L3fH8qAfnF3WbUZycW93SM1j3NFDzXBiz8D6F5UTTy8G1+WFEaiCdvCVRJWj6N2R4Xq6HdiHmDg==
    dependencies:
      "@radix-ui/react-slot" "1.1.1"
  
  "@radix-ui/react-radio-group@^1.1.3":
    version "1.2.1"
    resolved "https://registry.npmjs.org/@radix-ui/react-radio-group/-/react-radio-group-1.2.1.tgz"
    integrity sha512-kdbv54g4vfRjja9DNWPMxKvXblzqbpEC8kspEkZ6dVP7kQksGCn+iZHkcCz2nb00+lPdRvxrqy4WrvvV1cNqrQ==
    dependencies:
      "@radix-ui/primitive" "1.1.0"
      "@radix-ui/react-compose-refs" "1.1.0"
      "@radix-ui/react-context" "1.1.1"
      "@radix-ui/react-direction" "1.1.0"
      "@radix-ui/react-presence" "1.1.1"
      "@radix-ui/react-primitive" "2.0.0"
      "@radix-ui/react-roving-focus" "1.1.0"
      "@radix-ui/react-use-controllable-state" "1.1.0"
      "@radix-ui/react-use-previous" "1.1.0"
      "@radix-ui/react-use-size" "1.1.0"
  
  "@radix-ui/react-roving-focus@1.1.0":
    version "1.1.0"
    resolved "https://registry.npmjs.org/@radix-ui/react-roving-focus/-/react-roving-focus-1.1.0.tgz"
    integrity sha512-EA6AMGeq9AEeQDeSH0aZgG198qkfHSbvWTf1HvoDmOB5bBG/qTxjYMWUKMnYiV6J/iP/J8MEFSuB2zRU2n7ODA==
    dependencies:
      "@radix-ui/primitive" "1.1.0"
      "@radix-ui/react-collection" "1.1.0"
      "@radix-ui/react-compose-refs" "1.1.0"
      "@radix-ui/react-context" "1.1.0"
      "@radix-ui/react-direction" "1.1.0"
      "@radix-ui/react-id" "1.1.0"
      "@radix-ui/react-primitive" "2.0.0"
      "@radix-ui/react-use-callback-ref" "1.1.0"
      "@radix-ui/react-use-controllable-state" "1.1.0"
  
  "@radix-ui/react-roving-focus@1.1.1":
    version "1.1.1"
    resolved "https://registry.yarnpkg.com/@radix-ui/react-roving-focus/-/react-roving-focus-1.1.1.tgz#3b3abb1e03646937f28d9ab25e96343667ca6520"
    integrity sha512-QE1RoxPGJ/Nm8Qmk0PxP8ojmoaS67i0s7hVssS7KuI2FQoc/uzVlZsqKfQvxPE6D8hICCPHJ4D88zNhT3OOmkw==
    dependencies:
      "@radix-ui/primitive" "1.1.1"
      "@radix-ui/react-collection" "1.1.1"
      "@radix-ui/react-compose-refs" "1.1.1"
      "@radix-ui/react-context" "1.1.1"
      "@radix-ui/react-direction" "1.1.0"
      "@radix-ui/react-id" "1.1.0"
      "@radix-ui/react-primitive" "2.0.1"
      "@radix-ui/react-use-callback-ref" "1.1.0"
      "@radix-ui/react-use-controllable-state" "1.1.0"
  
  "@radix-ui/react-scroll-area@^1.0.5":
    version "1.2.1"
    resolved "https://registry.npmjs.org/@radix-ui/react-scroll-area/-/react-scroll-area-1.2.1.tgz"
    integrity sha512-FnM1fHfCtEZ1JkyfH/1oMiTcFBQvHKl4vD9WnpwkLgtF+UmnXMCad6ECPTaAjcDjam+ndOEJWgHyKDGNteWSHw==
    dependencies:
      "@radix-ui/number" "1.1.0"
      "@radix-ui/primitive" "1.1.0"
      "@radix-ui/react-compose-refs" "1.1.0"
      "@radix-ui/react-context" "1.1.1"
      "@radix-ui/react-direction" "1.1.0"
      "@radix-ui/react-presence" "1.1.1"
      "@radix-ui/react-primitive" "2.0.0"
      "@radix-ui/react-use-callback-ref" "1.1.0"
      "@radix-ui/react-use-layout-effect" "1.1.0"
  
  "@radix-ui/react-separator@^1.1.0":
    version "1.1.0"
    resolved "https://registry.npmjs.org/@radix-ui/react-separator/-/react-separator-1.1.0.tgz"
    integrity sha512-3uBAs+egzvJBDZAzvb/n4NxxOYpnspmWxO2u5NbZ8Y6FM/NdrGSF9bop3Cf6F6C71z1rTSn8KV0Fo2ZVd79lGA==
    dependencies:
      "@radix-ui/react-primitive" "2.0.0"
  
  "@radix-ui/react-slot@1.1.0", "@radix-ui/react-slot@^1.1.0":
    version "1.1.0"
    resolved "https://registry.npmjs.org/@radix-ui/react-slot/-/react-slot-1.1.0.tgz"
    integrity sha512-FUCf5XMfmW4dtYl69pdS4DbxKy8nj4M7SafBgPllysxmdachynNflAdp/gCsnYWNDnge6tI9onzMp5ARYc1KNw==
    dependencies:
      "@radix-ui/react-compose-refs" "1.1.0"
  
  "@radix-ui/react-slot@1.1.1":
    version "1.1.1"
    resolved "https://registry.yarnpkg.com/@radix-ui/react-slot/-/react-slot-1.1.1.tgz#ab9a0ffae4027db7dc2af503c223c978706affc3"
    integrity sha512-RApLLOcINYJA+dMVbOju7MYv1Mb2EBp2nH4HdDzXTSyaR5optlm6Otrz1euW3HbdOR8UmmFK06TD+A9frYWv+g==
    dependencies:
      "@radix-ui/react-compose-refs" "1.1.1"
  
  "@radix-ui/react-toggle@^1.0.3":
    version "1.1.0"
    resolved "https://registry.npmjs.org/@radix-ui/react-toggle/-/react-toggle-1.1.0.tgz"
    integrity sha512-gwoxaKZ0oJ4vIgzsfESBuSgJNdc0rv12VhHgcqN0TEJmmZixXG/2XpsLK8kzNWYcnaoRIEEQc0bEi3dIvdUpjw==
    dependencies:
      "@radix-ui/primitive" "1.1.0"
      "@radix-ui/react-primitive" "2.0.0"
      "@radix-ui/react-use-controllable-state" "1.1.0"
  
  "@radix-ui/react-tooltip@^1.1.4":
    version "1.1.4"
    resolved "https://registry.npmjs.org/@radix-ui/react-tooltip/-/react-tooltip-1.1.4.tgz"
    integrity sha512-QpObUH/ZlpaO4YgHSaYzrLO2VuO+ZBFFgGzjMUPwtiYnAzzNNDPJeEGRrT7qNOrWm/Jr08M1vlp+vTHtnSQ0Uw==
    dependencies:
      "@radix-ui/primitive" "1.1.0"
      "@radix-ui/react-compose-refs" "1.1.0"
      "@radix-ui/react-context" "1.1.1"
      "@radix-ui/react-dismissable-layer" "1.1.1"
      "@radix-ui/react-id" "1.1.0"
      "@radix-ui/react-popper" "1.2.0"
      "@radix-ui/react-portal" "1.1.2"
      "@radix-ui/react-presence" "1.1.1"
      "@radix-ui/react-primitive" "2.0.0"
      "@radix-ui/react-slot" "1.1.0"
      "@radix-ui/react-use-controllable-state" "1.1.0"
      "@radix-ui/react-visually-hidden" "1.1.0"
  
  "@radix-ui/react-use-callback-ref@1.1.0":
    version "1.1.0"
    resolved "https://registry.npmjs.org/@radix-ui/react-use-callback-ref/-/react-use-callback-ref-1.1.0.tgz"
    integrity sha512-CasTfvsy+frcFkbXtSJ2Zu9JHpN8TYKxkgJGWbjiZhFivxaeW7rMeZt7QELGVLaYVfFMsKHjb7Ak0nMEe+2Vfw==
  
  "@radix-ui/react-use-controllable-state@1.1.0":
    version "1.1.0"
    resolved "https://registry.npmjs.org/@radix-ui/react-use-controllable-state/-/react-use-controllable-state-1.1.0.tgz"
    integrity sha512-MtfMVJiSr2NjzS0Aa90NPTnvTSg6C/JLCV7ma0W6+OMV78vd8OyRpID+Ng9LxzsPbLeuBnWBA1Nq30AtBIDChw==
    dependencies:
      "@radix-ui/react-use-callback-ref" "1.1.0"
  
  "@radix-ui/react-use-escape-keydown@1.1.0":
    version "1.1.0"
    resolved "https://registry.npmjs.org/@radix-ui/react-use-escape-keydown/-/react-use-escape-keydown-1.1.0.tgz"
    integrity sha512-L7vwWlR1kTTQ3oh7g1O0CBF3YCyyTj8NmhLR+phShpyA50HCfBFKVJTpshm9PzLiKmehsrQzTYTpX9HvmC9rhw==
    dependencies:
      "@radix-ui/react-use-callback-ref" "1.1.0"
  
  "@radix-ui/react-use-layout-effect@1.1.0":
    version "1.1.0"
    resolved "https://registry.npmjs.org/@radix-ui/react-use-layout-effect/-/react-use-layout-effect-1.1.0.tgz"
    integrity sha512-+FPE0rOdziWSrH9athwI1R0HDVbWlEhd+FR+aSDk4uWGmSJ9Z54sdZVDQPZAinJhJXwfT+qnj969mCsT2gfm5w==
  
  "@radix-ui/react-use-previous@1.1.0":
    version "1.1.0"
    resolved "https://registry.npmjs.org/@radix-ui/react-use-previous/-/react-use-previous-1.1.0.tgz"
    integrity sha512-Z/e78qg2YFnnXcW88A4JmTtm4ADckLno6F7OXotmkQfeuCVaKuYzqAATPhVzl3delXE7CxIV8shofPn3jPc5Og==
  
  "@radix-ui/react-use-rect@1.1.0":
    version "1.1.0"
    resolved "https://registry.npmjs.org/@radix-ui/react-use-rect/-/react-use-rect-1.1.0.tgz"
    integrity sha512-0Fmkebhr6PiseyZlYAOtLS+nb7jLmpqTrJyv61Pe68MKYW6OWdRE2kI70TaYY27u7H0lajqM3hSMMLFq18Z7nQ==
    dependencies:
      "@radix-ui/rect" "1.1.0"
  
  "@radix-ui/react-use-size@1.1.0":
    version "1.1.0"
    resolved "https://registry.npmjs.org/@radix-ui/react-use-size/-/react-use-size-1.1.0.tgz"
    integrity sha512-XW3/vWuIXHa+2Uwcc2ABSfcCledmXhhQPlGbfcRXbiUQI5Icjcg19BGCZVKKInYbvUCut/ufbbLLPFC5cbb1hw==
    dependencies:
      "@radix-ui/react-use-layout-effect" "1.1.0"
  
  "@radix-ui/react-visually-hidden@1.1.0":
    version "1.1.0"
    resolved "https://registry.npmjs.org/@radix-ui/react-visually-hidden/-/react-visually-hidden-1.1.0.tgz"
    integrity sha512-N8MDZqtgCgG5S3aV60INAB475osJousYpZ4cTJ2cFbMpdHS5Y6loLTH8LPtkj2QN0x93J30HT/M3qJXM0+lyeQ==
    dependencies:
      "@radix-ui/react-primitive" "2.0.0"
  
  "@radix-ui/react-visually-hidden@1.1.1":
    version "1.1.1"
    resolved "https://registry.yarnpkg.com/@radix-ui/react-visually-hidden/-/react-visually-hidden-1.1.1.tgz#f7b48c1af50dfdc366e92726aee6d591996c5752"
    integrity sha512-vVfA2IZ9q/J+gEamvj761Oq1FpWgCDaNOOIfbPVp2MVPLEomUr5+Vf7kJGwQ24YxZSlQVar7Bes8kyTo5Dshpg==
    dependencies:
      "@radix-ui/react-primitive" "2.0.1"
  
  "@radix-ui/rect@1.1.0":
    version "1.1.0"
    resolved "https://registry.npmjs.org/@radix-ui/rect/-/rect-1.1.0.tgz"
    integrity sha512-A9+lCBZoaMJlVKcRBz2YByCG+Cp2t6nAnMnNba+XiWxnj6r4JUFqfsgwocMBZU9LPtdxC6wB56ySYpc7LQIoJg==
  
  "@rsuite/icon-font@^4.1.0":
    version "4.1.0"
    resolved "https://registry.npmjs.org/@rsuite/icon-font/-/icon-font-4.1.0.tgz"
    integrity sha512-q0Y+uQCVvzhD6lFeAFrvCDd1lTjZfM6MIaBjre3lSW1w586VWbuFnhTiqos3v9HIMlUpm3aAsxd3SuM6gYaqqQ==
  
  "@rsuite/icons@^1.0.0", "@rsuite/icons@^1.3.0":
    version "1.3.0"
    resolved "https://registry.npmjs.org/@rsuite/icons/-/icons-1.3.0.tgz"
    integrity sha512-6yv2CQjtQGgSCkMw1wlVlmPFEKBTU9AFFFxPJbAI2V4kS9lZEHqhY+jmVSAdbC7rmawO5r2ROzGMJpvkpRCnUw==
    dependencies:
      "@rsuite/icon-font" "^4.1.0"
      classnames "^2.2.5"
  
  "@rtsao/scc@^1.1.0":
    version "1.1.0"
    resolved "https://registry.npmjs.org/@rtsao/scc/-/scc-1.1.0.tgz"
    integrity sha512-zt6OdqaDoOnJ1ZYsCYGt9YmWzDXl4vQdKTyJev62gFhRGKdx7mcT54V9KIjg+d2wi9EXsPvAPKe7i7WjfVWB8g==
  
  "@rushstack/eslint-patch@^1.3.3":
    version "1.10.4"
    resolved "https://registry.npmjs.org/@rushstack/eslint-patch/-/eslint-patch-1.10.4.tgz"
    integrity sha512-WJgX9nzTqknM393q1QJDJmoW28kUfEnybeTfVNcNAPnIx210RXm2DiXiHzfNPJNIUUb1tJnz/l4QGtJ30PgWmA==
  
  "@swc/counter@0.1.3":
    version "0.1.3"
    resolved "https://registry.npmjs.org/@swc/counter/-/counter-0.1.3.tgz"
    integrity sha512-e2BR4lsJkkRlKZ/qCHPw9ZaSxc0MVUd7gtbtaB7aMvHeJVYe8sOB8DBZkP2DtISHGSku9sCK6T6cnY0CtXrOCQ==
  
  "@swc/helpers@0.5.13":
    version "0.5.13"
    resolved "https://registry.npmjs.org/@swc/helpers/-/helpers-0.5.13.tgz"
    integrity sha512-UoKGxQ3r5kYI9dALKJapMmuK+1zWM/H17Z1+iwnNmzcJRnfFuevZs375TA5rW31pu4BS4NoSy1fRsexDXfWn5w==
    dependencies:
      tslib "^2.4.0"
  
  "@tanstack/history@1.81.9":
    version "1.81.9"
    resolved "https://registry.npmjs.org/@tanstack/history/-/history-1.81.9.tgz"
    integrity sha512-9MPknhhnvZKifK4jSvva6NDqYQwsNaptrRzO4ejk6yCLyi4koVG4u3C4VCeClYZY5etLEQbO8wXU9knEFZpMeg==
  
  "@tanstack/react-router@^1.81.14":
    version "1.81.14"
    resolved "https://registry.npmjs.org/@tanstack/react-router/-/react-router-1.81.14.tgz"
    integrity sha512-+pzpblWgIUGXlyYlUAfGTZv7YfNOEMKupB5cP4CY9K/qu94D1qrUipjZ6PAqwj8yAwUDcBGam/AyzOLLTSNY5w==
    dependencies:
      "@tanstack/history" "1.81.9"
      "@tanstack/react-store" "^0.5.6"
      jsesc "^3.0.2"
      tiny-invariant "^1.3.3"
      tiny-warning "^1.0.3"
  
  "@tanstack/react-store@^0.5.6":
    version "0.5.6"
    resolved "https://registry.npmjs.org/@tanstack/react-store/-/react-store-0.5.6.tgz"
    integrity sha512-SitIpS5jTj28DajjLpWbIX+YetmJL+6PRY0DKKiCGBKfYIqj3ryODQYF3jB3SNoR9ifUA/jFkqbJdBKFtWd+AQ==
    dependencies:
      "@tanstack/store" "0.5.5"
      use-sync-external-store "^1.2.2"
  
  "@tanstack/store@0.5.5":
    version "0.5.5"
    resolved "https://registry.npmjs.org/@tanstack/store/-/store-0.5.5.tgz"
    integrity sha512-EOSrgdDAJExbvRZEQ/Xhh9iZchXpMN+ga1Bnk8Nmygzs8TfiE6hbzThF+Pr2G19uHL6+DTDTHhJ8VQiOd7l4tA==
  
  "@types/json5@^0.0.29":
    version "0.0.29"
    resolved "https://registry.npmjs.org/@types/json5/-/json5-0.0.29.tgz"
    integrity sha512-dRLjCWHYg4oaA77cxO64oO+7JwCwnIzkZPdrrC71jQmQtlhM556pwKo5bUzqvZndkVbeFLIIi+9TC40JNF5hNQ==
  
  "@types/lodash@^4.14.184":
    version "4.17.13"
    resolved "https://registry.npmjs.org/@types/lodash/-/lodash-4.17.13.tgz"
    integrity sha512-lfx+dftrEZcdBPczf9d0Qv0x+j/rfNCMuC6OcfXmO8gkfeNAY88PgKUbvG56whcN23gc27yenwF6oJZXGFpYxg==
  
  "@types/node@^20":
    version "20.17.6"
    resolved "https://registry.npmjs.org/@types/node/-/node-20.17.6.tgz"
    integrity sha512-VEI7OdvK2wP7XHnsuXbAJnEpEkF6NjSN45QJlL4VGqZSXsnicpesdTWsg9RISeSdYd3yeRj/y3k5KGjUXYnFwQ==
    dependencies:
      undici-types "~6.19.2"
  
  "@types/prop-types@*", "@types/prop-types@^15.7.5":
    version "15.7.13"
    resolved "https://registry.npmjs.org/@types/prop-types/-/prop-types-15.7.13.tgz"
    integrity sha512-hCZTSvwbzWGvhqxp/RqVqwU999pBf2vp7hzIjiYOsl8wqOmUxkQ6ddw1cV3l8811+kdUFus/q4d1Y3E3SyEifA==
  
  "@types/react-dom@^18":
    version "18.3.1"
    resolved "https://registry.npmjs.org/@types/react-dom/-/react-dom-18.3.1.tgz"
    integrity sha512-qW1Mfv8taImTthu4KoXgDfLuk4bydU6Q/TkADnDWWHwi4NX4BR+LWfTp2sVmTqRrsHvyDDTelgelxJ+SsejKKQ==
    dependencies:
      "@types/react" "*"
  
  "@types/react-window@^1.8.5":
    version "1.8.8"
    resolved "https://registry.npmjs.org/@types/react-window/-/react-window-1.8.8.tgz"
    integrity sha512-8Ls660bHR1AUA2kuRvVG9D/4XpRC6wjAaPT9dil7Ckc76eP9TKWZwwmgfq8Q1LANX3QNDnoU4Zp48A3w+zK69Q==
    dependencies:
      "@types/react" "*"
  
  "@types/react@*", "@types/react@^18":
    version "18.3.12"
    resolved "https://registry.npmjs.org/@types/react/-/react-18.3.12.tgz"
    integrity sha512-D2wOSq/d6Agt28q7rSI3jhU7G6aiuzljDGZ2hTZHIkrTLUI+AF3WMeKkEZ9nN2fkBAlcktT6vcZjDFiIhMYEQw==
    dependencies:
      "@types/prop-types" "*"
      csstype "^3.0.2"
  
  "@typescript-eslint/parser@^5.4.2 || ^6.0.0 || 7.0.0 - 7.2.0":
    version "7.2.0"
    resolved "https://registry.npmjs.org/@typescript-eslint/parser/-/parser-7.2.0.tgz"
    integrity sha512-5FKsVcHTk6TafQKQbuIVkXq58Fnbkd2wDL4LB7AURN7RUOu1utVP+G8+6u3ZhEroW3DF6hyo3ZEXxgKgp4KeCg==
    dependencies:
      "@typescript-eslint/scope-manager" "7.2.0"
      "@typescript-eslint/types" "7.2.0"
      "@typescript-eslint/typescript-estree" "7.2.0"
      "@typescript-eslint/visitor-keys" "7.2.0"
      debug "^4.3.4"
  
  "@typescript-eslint/scope-manager@7.2.0":
    version "7.2.0"
    resolved "https://registry.npmjs.org/@typescript-eslint/scope-manager/-/scope-manager-7.2.0.tgz"
    integrity sha512-Qh976RbQM/fYtjx9hs4XkayYujB/aPwglw2choHmf3zBjB4qOywWSdt9+KLRdHubGcoSwBnXUH2sR3hkyaERRg==
    dependencies:
      "@typescript-eslint/types" "7.2.0"
      "@typescript-eslint/visitor-keys" "7.2.0"
  
  "@typescript-eslint/types@7.2.0":
    version "7.2.0"
    resolved "https://registry.npmjs.org/@typescript-eslint/types/-/types-7.2.0.tgz"
    integrity sha512-XFtUHPI/abFhm4cbCDc5Ykc8npOKBSJePY3a3s+lwumt7XWJuzP5cZcfZ610MIPHjQjNsOLlYK8ASPaNG8UiyA==
  
  "@typescript-eslint/typescript-estree@7.2.0":
    version "7.2.0"
    resolved "https://registry.npmjs.org/@typescript-eslint/typescript-estree/-/typescript-estree-7.2.0.tgz"
    integrity sha512-cyxS5WQQCoBwSakpMrvMXuMDEbhOo9bNHHrNcEWis6XHx6KF518tkF1wBvKIn/tpq5ZpUYK7Bdklu8qY0MsFIA==
    dependencies:
      "@typescript-eslint/types" "7.2.0"
      "@typescript-eslint/visitor-keys" "7.2.0"
      debug "^4.3.4"
      globby "^11.1.0"
      is-glob "^4.0.3"
      minimatch "9.0.3"
      semver "^7.5.4"
      ts-api-utils "^1.0.1"
  
  "@typescript-eslint/visitor-keys@7.2.0":
    version "7.2.0"
    resolved "https://registry.npmjs.org/@typescript-eslint/visitor-keys/-/visitor-keys-7.2.0.tgz"
    integrity sha512-c6EIQRHhcpl6+tO8EMR+kjkkV+ugUNXOmeASA1rlzkd8EPIriavpWoiEz1HR/VLhbVIdhqnV6E7JZm00cBDx2A==
    dependencies:
      "@typescript-eslint/types" "7.2.0"
      eslint-visitor-keys "^3.4.1"
  
  "@ungap/structured-clone@^1.2.0":
    version "1.2.0"
    resolved "https://registry.npmjs.org/@ungap/structured-clone/-/structured-clone-1.2.0.tgz"
    integrity sha512-zuVdFrMJiuCDQUMCzQaD6KL28MjnqqN8XnAqiEq9PNm/hCPTSGfrXCOfwj1ow4LFb/tNymJPwsNbVePc1xFqrQ==
  
  JSONStream@~1.3.1:
    version "1.3.5"
    resolved "https://registry.yarnpkg.com/JSONStream/-/JSONStream-1.3.5.tgz#3208c1f08d3a4d99261ab64f92302bc15e111ca0"
    integrity sha512-E+iruNOY8VV9s4JEbe1aNEm6MiszPRr/UfcHMz0TQh1BXSxHK+ASV1R6W4HpjBhSeS+54PIsAMCBmwD06LLsqQ==
    dependencies:
      jsonparse "^1.2.0"
      through ">=2.2.7 <3"
  
  abbrev@1, abbrev@~1.1.0:
    version "1.1.1"
    resolved "https://registry.yarnpkg.com/abbrev/-/abbrev-1.1.1.tgz#f8f2c887ad10bf67f634f005b6987fed3179aac8"
    integrity sha512-nne9/IiQ/hzIhY6pdDnbBtz7DjPTKrY00P/zvPSm5pOFkl6xuGrGnXn/VtTNNfNtAfZ9/1RtehkszU9qcTii0Q==
  
  acorn-jsx@^5.3.2:
    version "5.3.2"
    resolved "https://registry.npmjs.org/acorn-jsx/-/acorn-jsx-5.3.2.tgz"
    integrity sha512-rq9s+JNhf0IChjtDXxllJ7g41oZk5SlXtp0LHwyA5cejwn7vKmKp4pPri6YEePv2PU65sAsegbXtIinmDFDXgQ==
  
  acorn@^8.9.0:
    version "8.14.0"
    resolved "https://registry.npmjs.org/acorn/-/acorn-8.14.0.tgz"
    integrity sha512-cl669nCJTZBsL97OF4kUQm5g5hC2uihk0NxY3WENAC0TYdILVkAyHymAntgxGkl7K+t0cXIrH5siy5S4XkFycA==
  
  agent-base@4, agent-base@^4.1.0, agent-base@^4.3.0:
    version "4.3.0"
    resolved "https://registry.yarnpkg.com/agent-base/-/agent-base-4.3.0.tgz#8165f01c436009bccad0b1d122f05ed770efc6ee"
    integrity sha512-salcGninV0nPrwpGNn4VTXBb1SOuXQBiqbrNXoeizJsHrsL6ERFM2Ne3JUSBWRE6aeNJI2ROP/WEEIDUiDe3cg==
    dependencies:
      es6-promisify "^5.0.0"
  
  agentkeepalive@^3.3.0:
    version "3.5.3"
    resolved "https://registry.yarnpkg.com/agentkeepalive/-/agentkeepalive-3.5.3.tgz#c210afce942b4287e2df2fbfe6c0d57eda2ce634"
    integrity sha512-yqXL+k5rr8+ZRpOAntkaaRgWgE5o8ESAj5DyRmVTCSoZxXmqemb9Dd7T4i5UzwuERdLAJUy6XzR9zFVuf0kzkw==
    dependencies:
      humanize-ms "^1.2.1"
  
  ajv@^4.9.1:
    version "4.11.8"
    resolved "https://registry.yarnpkg.com/ajv/-/ajv-4.11.8.tgz#82ffb02b29e662ae53bdc20af15947706739c536"
    integrity sha512-I/bSHSNEcFFqXLf91nchoNB9D1Kie3QKcWdchYUaoIg1+1bdWDkdfdlvdIOJbi9U8xR0y+MWc5D+won9v95WlQ==
    dependencies:
      co "^4.6.0"
      json-stable-stringify "^1.0.1"
  
  ajv@^6.12.3, ajv@^6.12.4:
    version "6.12.6"
    resolved "https://registry.yarnpkg.com/ajv/-/ajv-6.12.6.tgz#baf5a62e802b07d977034586f8c3baf5adf26df4"
    integrity sha512-j3fVLgvTo527anyYyJOGTYJbG+vnnQYvE0m5mmkc1TK+nxAppkCLMIL0aZ4dblVCNoGShhm+kzE4ZUykBoMg4g==
    dependencies:
      fast-deep-equal "^3.1.1"
      fast-json-stable-stringify "^2.0.0"
      json-schema-traverse "^0.4.1"
      uri-js "^4.2.2"
  
  ansi-align@^2.0.0:
    version "2.0.0"
    resolved "https://registry.npmjs.org/ansi-align/-/ansi-align-2.0.0.tgz"
    integrity sha512-TdlOggdA/zURfMYa7ABC66j+oqfMew58KpJMbUlH3bcZP1b+cBHIHDDn5uH9INsxrHBPjsqM0tDB4jPTF/vgJA==
    dependencies:
      string-width "^2.0.0"
  
  ansi-regex@^2.0.0:
    version "2.1.1"
    resolved "https://registry.npmjs.org/ansi-regex/-/ansi-regex-2.1.1.tgz"
    integrity sha512-TIGnTpdo+E3+pCyAluZvtED5p5wCqLdezCyhPZzKPcxvFplEt4i+W7OONCKgeZFT3+y5NZZfOOS/Bdcanm1MYA==
  
  ansi-regex@^3.0.0, ansi-regex@~3.0.0:
    version "3.0.1"
    resolved "https://registry.yarnpkg.com/ansi-regex/-/ansi-regex-3.0.1.tgz#123d6479e92ad45ad897d4054e3c7ca7db4944e1"
    integrity sha512-+O9Jct8wf++lXxxFc4hc8LsjaSq0HFzzL7cVsw8pRDIPdjKD2mT4ytDZlLuSBZ4cLKZFXIrMGO7DbQCtMJJMKw==
  
  ansi-regex@^5.0.1:
    version "5.0.1"
    resolved "https://registry.npmjs.org/ansi-regex/-/ansi-regex-5.0.1.tgz"
    integrity sha512-quJQXlTSUGL2LH9SUXo8VwsY4soanhgo6LNSm84E1LBcE8s3O0wpdiRzyR9z/ZZJMlMWv37qOOb9pdJlMUEKFQ==
  
  ansi-regex@^6.0.1:
    version "6.1.0"
    resolved "https://registry.npmjs.org/ansi-regex/-/ansi-regex-6.1.0.tgz"
    integrity sha512-7HSX4QQb4CspciLpVFwyRe79O3xsIZDDLER21kERQ71oaPodF8jL725AgJMFAYbooIqolJoRLuM81SpeUkpkvA==
  
  ansi-styles@^2.2.1:
    version "2.2.1"
    resolved "https://registry.yarnpkg.com/ansi-styles/-/ansi-styles-2.2.1.tgz#b432dd3358b634cf75e1e4664368240533c1ddbe"
    integrity sha512-kmCevFghRiWM7HB5zTPULl4r9bVFSWjz62MhqizDGUrq2NWuNMQyuv4tHHoKJHs69M/MF64lEcHdYIocrdWQYA==
  
  ansi-styles@^3.2.1:
    version "3.2.1"
    resolved "https://registry.npmjs.org/ansi-styles/-/ansi-styles-3.2.1.tgz"
    integrity sha512-VT0ZI6kZRdTh8YyJw3SMbYm/u+NqfsAxEpWO0Pf9sq8/e94WxxOpPKx9FR1FlyCtOVDNOQ+8ntlqFxiRc+r5qA==
    dependencies:
      color-convert "^1.9.0"
  
  ansi-styles@^4.0.0, ansi-styles@^4.1.0:
    version "4.3.0"
    resolved "https://registry.npmjs.org/ansi-styles/-/ansi-styles-4.3.0.tgz"
    integrity sha512-zbB9rCJAT1rbjiVDb2hqKFHNYLxgtk8NURxZ3IZwD3F6NtxbXZQCnnSi1Lkx+IDohdPlFp222wVALIheZJQSEg==
    dependencies:
      color-convert "^2.0.1"
  
  ansi-styles@^6.1.0:
    version "6.2.1"
    resolved "https://registry.npmjs.org/ansi-styles/-/ansi-styles-6.2.1.tgz"
    integrity sha512-bN798gFfQX+viw3R7yrGWRqnrN2oRkEkUjjl4JNn4E8GxxbjtG3FbrEIIY3l8/hrwUwIeCZvi4QuOTP4MErVug==
  
  ansicolors@~0.3.2:
    version "0.3.2"
    resolved "https://registry.yarnpkg.com/ansicolors/-/ansicolors-0.3.2.tgz#665597de86a9ffe3aa9bfbe6cae5c6ea426b4979"
    integrity sha512-QXu7BPrP29VllRxH8GwB7x5iX5qWKAAMLqKQGWTeLWVlNHNOpVMJ91dsxQAIWXpjuW5wqvxu3Jd/nRjrJ+0pqg==
  
  ansistyles@~0.1.3:
    version "0.1.3"
    resolved "https://registry.yarnpkg.com/ansistyles/-/ansistyles-0.1.3.tgz#5de60415bda071bb37127854c864f41b23254539"
    integrity sha512-6QWEyvMgIXX0eO972y7YPBLSBsq7UWKFAoNNTLGaOJ9bstcEL9sCbcjf96dVfNDdUsRoGOK82vWFJlKApXds7g==
  
  any-promise@^1.0.0:
    version "1.3.0"
    resolved "https://registry.npmjs.org/any-promise/-/any-promise-1.3.0.tgz"
    integrity sha512-7UvmKalWRt1wgjL1RrGxoSJW/0QZFIegpeGvZG9kjp8vrRu55XTHbwnqq2GpXm9uLbcuhxm3IqX9OB4MZR1b2A==
  
  anymatch@~3.1.2:
    version "3.1.3"
    resolved "https://registry.npmjs.org/anymatch/-/anymatch-3.1.3.tgz"
    integrity sha512-KMReFUr0B4t+D+OBkjR3KYqvocp2XaSzO55UcB6mgQMd3KbcE+mWTyvVV7D/zsdEbNnV6acZUutkiHQXvTr1Rw==
    dependencies:
      normalize-path "^3.0.0"
      picomatch "^2.0.4"
  
  aproba@^1.0.3, aproba@^1.1.1:
    version "1.2.0"
    resolved "https://registry.yarnpkg.com/aproba/-/aproba-1.2.0.tgz#6802e6264efd18c790a1b0d517f0f2627bf2c94a"
    integrity sha512-Y9J6ZjXtoYh8RnXVCMOU/ttDmk1aBjunq9vO0ta5x85WDQiQfUF9sIPBITdbiiIVcBo03Hi3jMxigBtsddlXRw==
  
  aproba@~1.1.2:
    version "1.1.2"
    resolved "https://registry.yarnpkg.com/aproba/-/aproba-1.1.2.tgz#45c6629094de4e96f693ef7eab74ae079c240fc1"
    integrity sha512-ZpYajIfO0j2cOFTO955KUMIKNmj6zhX8kVztMAxFsDaMwz+9Z9SV0uou2pC9HJqcfpffOsjnbrDMvkNy+9RXPw==
  
  archy@~1.0.0:
    version "1.0.0"
    resolved "https://registry.yarnpkg.com/archy/-/archy-1.0.0.tgz#f9c8c13757cc1dd7bc379ac77b2c62a5c2868c40"
    integrity sha512-Xg+9RwCg/0p32teKdGMPTPnVXKD0w3DfHnFTficozsAgsvq2XenPJq/MYpzzQ/v8zrOyJn6Ds39VA4JIDwFfqw==
  
  are-we-there-yet@~1.1.2:
    version "1.1.7"
    resolved "https://registry.yarnpkg.com/are-we-there-yet/-/are-we-there-yet-1.1.7.tgz#b15474a932adab4ff8a50d9adfa7e4e926f21146"
    integrity sha512-nxwy40TuMiUGqMyRHgCSWZ9FM4VAoRP4xUYSTv5ImRog+h9yISPbVH7H8fASCIzYn9wlEv4zvFL7uKDMCFQm3g==
    dependencies:
      delegates "^1.0.0"
      readable-stream "^2.0.6"
  
  arg@^5.0.2:
    version "5.0.2"
    resolved "https://registry.npmjs.org/arg/-/arg-5.0.2.tgz"
    integrity sha512-PYjyFOLKQ9y57JvQ6QLo8dAgNqswh8M1RMJYdQduT6xbWSgK36P/Z/v+p888pM69jMMfS8Xd8F6I1kQ/I9HUGg==
  
  argparse@^2.0.1:
    version "2.0.1"
    resolved "https://registry.npmjs.org/argparse/-/argparse-2.0.1.tgz"
    integrity sha512-8+9WqebbFzpX9OR+Wa6O29asIogeRMzcGtAINdpMHHyAg10f05aSFVBbcEqGf/PXw1EjAZ+q2/bEBg3DvurK3Q==
  
  aria-hidden@^1.1.1:
    version "1.2.4"
    resolved "https://registry.npmjs.org/aria-hidden/-/aria-hidden-1.2.4.tgz"
    integrity sha512-y+CcFFwelSXpLZk/7fMB2mUbGtX9lKycf1MWJ7CaTIERyitVlyQx6C+sxcROU2BAJ24OiZyK+8wj2i8AlBoS3A==
    dependencies:
      tslib "^2.0.0"
  
  aria-query@^5.3.2:
    version "5.3.2"
    resolved "https://registry.npmjs.org/aria-query/-/aria-query-5.3.2.tgz"
    integrity sha512-COROpnaoap1E2F000S62r6A60uHZnmlvomhfyT2DlTcrY1OrBKn2UhH7qn5wTC9zMvD0AY7csdPSNwKP+7WiQw==
  
  array-buffer-byte-length@^1.0.1:
    version "1.0.1"
    resolved "https://registry.npmjs.org/array-buffer-byte-length/-/array-buffer-byte-length-1.0.1.tgz"
    integrity sha512-ahC5W1xgou+KTXix4sAO8Ki12Q+jf4i0+tmk3sC+zgcynshkHxzpXdImBehiUYKKKDwvfFiJl1tZt6ewscS1Mg==
    dependencies:
      call-bind "^1.0.5"
      is-array-buffer "^3.0.4"
  
  array-includes@^3.1.6, array-includes@^3.1.8:
    version "3.1.8"
    resolved "https://registry.npmjs.org/array-includes/-/array-includes-3.1.8.tgz"
    integrity sha512-itaWrbYbqpGXkGhZPGUulwnhVf5Hpy1xiCFsGqyIGglbBxmG5vSjxQen3/WGOjPpNEv1RtBLKxbmVXm8HpJStQ==
    dependencies:
      call-bind "^1.0.7"
      define-properties "^1.2.1"
      es-abstract "^1.23.2"
      es-object-atoms "^1.0.0"
      get-intrinsic "^1.2.4"
      is-string "^1.0.7"
  
  array-union@^2.1.0:
    version "2.1.0"
    resolved "https://registry.npmjs.org/array-union/-/array-union-2.1.0.tgz"
    integrity sha512-HGyxoOTYUyCM6stUe6EJgnd4EoewAI7zMdfqO+kGjnlZmBDz/cR5pf8r/cR4Wq60sL/p0IkcjUEEPwS3GFrIyw==
  
  array.prototype.findlast@^1.2.5:
    version "1.2.5"
    resolved "https://registry.npmjs.org/array.prototype.findlast/-/array.prototype.findlast-1.2.5.tgz"
    integrity sha512-CVvd6FHg1Z3POpBLxO6E6zr+rSKEQ9L6rZHAaY7lLfhKsWYUBBOuMs0e9o24oopj6H+geRCX0YJ+TJLBK2eHyQ==
    dependencies:
      call-bind "^1.0.7"
      define-properties "^1.2.1"
      es-abstract "^1.23.2"
      es-errors "^1.3.0"
      es-object-atoms "^1.0.0"
      es-shim-unscopables "^1.0.2"
  
  array.prototype.findlastindex@^1.2.5:
    version "1.2.5"
    resolved "https://registry.npmjs.org/array.prototype.findlastindex/-/array.prototype.findlastindex-1.2.5.tgz"
    integrity sha512-zfETvRFA8o7EiNn++N5f/kaCw221hrpGsDmcpndVupkPzEc1Wuf3VgC0qby1BbHs7f5DVYjgtEU2LLh5bqeGfQ==
    dependencies:
      call-bind "^1.0.7"
      define-properties "^1.2.1"
      es-abstract "^1.23.2"
      es-errors "^1.3.0"
      es-object-atoms "^1.0.0"
      es-shim-unscopables "^1.0.2"
  
  array.prototype.flat@^1.3.1, array.prototype.flat@^1.3.2:
    version "1.3.2"
    resolved "https://registry.npmjs.org/array.prototype.flat/-/array.prototype.flat-1.3.2.tgz"
    integrity sha512-djYB+Zx2vLewY8RWlNCUdHjDXs2XOgm602S9E7P/UpHgfeHL00cRiIF+IN/G/aUJ7kGPb6yO/ErDI5V2s8iycA==
    dependencies:
      call-bind "^1.0.2"
      define-properties "^1.2.0"
      es-abstract "^1.22.1"
      es-shim-unscopables "^1.0.0"
  
  array.prototype.flatmap@^1.3.2:
    version "1.3.2"
    resolved "https://registry.npmjs.org/array.prototype.flatmap/-/array.prototype.flatmap-1.3.2.tgz"
    integrity sha512-Ewyx0c9PmpcsByhSW4r+9zDU7sGjFc86qf/kKtuSCRdhfbk0SNLLkaT5qvcHnRGgc5NP/ly/y+qkXkqONX54CQ==
    dependencies:
      call-bind "^1.0.2"
      define-properties "^1.2.0"
      es-abstract "^1.22.1"
      es-shim-unscopables "^1.0.0"
  
  array.prototype.tosorted@^1.1.4:
    version "1.1.4"
    resolved "https://registry.npmjs.org/array.prototype.tosorted/-/array.prototype.tosorted-1.1.4.tgz"
    integrity sha512-p6Fx8B7b7ZhL/gmUsAy0D15WhvDccw3mnGNbZpi3pmeJdxtWsj2jEaI4Y6oo3XiHfzuSgPwKc04MYt6KgvC/wA==
    dependencies:
      call-bind "^1.0.7"
      define-properties "^1.2.1"
      es-abstract "^1.23.3"
      es-errors "^1.3.0"
      es-shim-unscopables "^1.0.2"
  
  arraybuffer.prototype.slice@^1.0.3:
    version "1.0.3"
    resolved "https://registry.npmjs.org/arraybuffer.prototype.slice/-/arraybuffer.prototype.slice-1.0.3.tgz"
    integrity sha512-bMxMKAjg13EBSVscxTaYA4mRc5t1UAXa2kXiGTNfZ079HIWXEkKmkgFrh/nJqamaLSrXO5H4WFFkPEaLJWbs3A==
    dependencies:
      array-buffer-byte-length "^1.0.1"
      call-bind "^1.0.5"
      define-properties "^1.2.1"
      es-abstract "^1.22.3"
      es-errors "^1.2.1"
      get-intrinsic "^1.2.3"
      is-array-buffer "^3.0.4"
      is-shared-array-buffer "^1.0.2"
  
  asap@^2.0.0:
    version "2.0.6"
    resolved "https://registry.yarnpkg.com/asap/-/asap-2.0.6.tgz#e50347611d7e690943208bbdafebcbc2fb866d46"
    integrity sha512-BSHWgDSAiKs50o2Re8ppvp3seVHXSRM44cdSsT9FfNEUUZLOGWVCsiWaRPWM1Znn+mqZ1OfVZ3z3DWEzSp7hRA==
  
  asn1@~0.2.3:
    version "0.2.6"
    resolved "https://registry.yarnpkg.com/asn1/-/asn1-0.2.6.tgz#0d3a7bb6e64e02a90c0303b31f292868ea09a08d"
    integrity sha512-ix/FxPn0MDjeyJ7i/yoHGFt/EX6LyNbxSEhPPXODPL+KB0VPk86UYfL0lMdy+KCnv+fmvIzySwaK5COwqVbWTQ==
    dependencies:
      safer-buffer "~2.1.0"
  
  assert-plus@1.0.0, assert-plus@^1.0.0:
    version "1.0.0"
    resolved "https://registry.npmjs.org/assert-plus/-/assert-plus-1.0.0.tgz"
    integrity sha512-NfJ4UzBCcQGLDlQq7nHxH+tv3kyZ0hHQqF5BO6J7tNJeP5do1llPr8dZ8zHonfhAu0PHAdMkSo+8o0wxg9lZWw==
  
  assert-plus@^0.2.0:
    version "0.2.0"
    resolved "https://registry.yarnpkg.com/assert-plus/-/assert-plus-0.2.0.tgz#d74e1b87e7affc0db8aadb7021f3fe48101ab234"
    integrity sha512-u1L0ZLywRziOVjUhRxI0Qg9G+4RnFB9H/Rq40YWn0dieDgO7vAYeJz6jKAO6t/aruzlDFLAPkQTT87e+f8Imaw==
  
  ast-types-flow@^0.0.8:
    version "0.0.8"
    resolved "https://registry.npmjs.org/ast-types-flow/-/ast-types-flow-0.0.8.tgz"
    integrity sha512-OH/2E5Fg20h2aPrbe+QL8JZQFko0YZaF+j4mnQ7BGhfavO7OpSLa8a0y9sBwomHdSbkhTS8TQNayBfnW5DwbvQ==
  
  asynckit@^0.4.0:
    version "0.4.0"
    resolved "https://registry.yarnpkg.com/asynckit/-/asynckit-0.4.0.tgz#c79ed97f7f34cb8f2ba1bc9790bcc366474b4b79"
    integrity sha512-Oei9OH4tRh0YqU3GxhX79dM/mwVgvbZJaSNaRk+bshkj0S5cfHcgYakreBjrHwatXKbz+IoIdYLxrKim2MjW0Q==
  
  available-typed-arrays@^1.0.7:
    version "1.0.7"
    resolved "https://registry.npmjs.org/available-typed-arrays/-/available-typed-arrays-1.0.7.tgz"
    integrity sha512-wvUjBtSGN7+7SjNpq/9M2Tg350UZD3q62IFZLbRAR1bSMlCo1ZaeW+BJ+D090e4hIIZLBcTDWe4Mh4jvUDajzQ==
    dependencies:
      possible-typed-array-names "^1.0.0"
  
  aws-sign2@~0.6.0:
    version "0.6.0"
    resolved "https://registry.yarnpkg.com/aws-sign2/-/aws-sign2-0.6.0.tgz#14342dd38dbcc94d0e5b87d763cd63612c0e794f"
    integrity sha512-JnJpAS0p9RmixkOvW2XwDxxzs1bd4/VAGIl6Q0EC5YOo+p+hqIhtDhn/nmFnB/xUNXbLkpE2mOjgVIBRKD4xYw==
  
  aws-sign2@~0.7.0:
    version "0.7.0"
    resolved "https://registry.yarnpkg.com/aws-sign2/-/aws-sign2-0.7.0.tgz#b46e890934a9591f2d2f6f86d7e6a9f1b3fe76a8"
    integrity sha512-08kcGqnYf/YmjoRhfxyu+CLxBjUtHLXLXX/vUfx9l2LYzG3c1m61nrpyFUZI6zeS+Li/wWMMidD9KgrqtGq3mA==
  
  aws4@^1.2.1, aws4@^1.8.0:
    version "1.13.2"
    resolved "https://registry.yarnpkg.com/aws4/-/aws4-1.13.2.tgz#0aa167216965ac9474ccfa83892cfb6b3e1e52ef"
    integrity sha512-lHe62zvbTB5eEABUVi/AwVh0ZKY9rMMDhmm+eeyuuUQbQ3+J+fONVQOZyj+DdrvD4BY33uYniyRJ4UJIaSKAfw==
  
  axe-core@^4.10.0:
    version "4.10.2"
    resolved "https://registry.npmjs.org/axe-core/-/axe-core-4.10.2.tgz"
    integrity sha512-RE3mdQ7P3FRSe7eqCWoeQ/Z9QXrtniSjp1wUjt5nRC3WIpz5rSCve6o3fsZ2aCpJtrZjSZgjwXAoTO5k4tEI0w==
  
  axobject-query@^4.1.0:
    version "4.1.0"
    resolved "https://registry.npmjs.org/axobject-query/-/axobject-query-4.1.0.tgz"
    integrity sha512-qIj0G9wZbMGNLjLmg1PT6v2mE9AH2zlnADJD/2tC6E00hgmhUOfEB6greHPAfLRSufHqROIUTkw6E+M3lH0PTQ==
  
  balanced-match@^1.0.0:
    version "1.0.2"
    resolved "https://registry.npmjs.org/balanced-match/-/balanced-match-1.0.2.tgz"
    integrity sha512-3oSeUO0TMV67hN1AmbXsK4yaqU7tjiHlbxRDZOpH0KW9+CeX4bRAaX0Anxt0tx2MrpRpWwQaPwIlISEJhYU5Pw==
  
  bcrypt-pbkdf@^1.0.0:
    version "1.0.2"
    resolved "https://registry.yarnpkg.com/bcrypt-pbkdf/-/bcrypt-pbkdf-1.0.2.tgz#a4301d389b6a43f9b67ff3ca11a3f6637e360e9e"
    integrity sha512-qeFIXtP4MSoi6NLqO12WfqARWWuCKi2Rn/9hJLEmtB5yTNr9DqFWkJRCf2qShWzPeAMRnOgCrq0sg/KLv5ES9w==
    dependencies:
      tweetnacl "^0.14.3"
  
  binary-extensions@^2.0.0:
    version "2.3.0"
    resolved "https://registry.npmjs.org/binary-extensions/-/binary-extensions-2.3.0.tgz"
    integrity sha512-Ceh+7ox5qe7LJuLHoY0feh3pHuUDHAcRUeyL2VYghZwfpkNIy/+8Ocg0a3UuSoYzavmylwuLWQOf3hl0jjMMIw==
  
  bl@^1.0.0:
    version "1.2.3"
    resolved "https://registry.yarnpkg.com/bl/-/bl-1.2.3.tgz#1e8dd80142eac80d7158c9dccc047fb620e035e7"
    integrity sha512-pvcNpa0UU69UT341rO6AYy4FVAIkUHuZXRIWbq+zHnsVcRzDDjIAhGuuYoi0d//cwIwtt4pkpKycWEfjdV+vww==
    dependencies:
      readable-stream "^2.3.5"
      safe-buffer "^5.1.1"
  
  block-stream@*:
    version "0.0.9"
    resolved "https://registry.yarnpkg.com/block-stream/-/block-stream-0.0.9.tgz#13ebfe778a03205cfe03751481ebb4b3300c126a"
    integrity sha512-OorbnJVPII4DuUKbjARAe8u8EfqOmkEEaSFIyoQ7OjTHn6kafxWl0wLgoZ2rXaYd7MyLcDaU4TmhfxtwgcccMQ==
    dependencies:
      inherits "~2.0.0"
  
  bluebird@^3.5.0, bluebird@^3.5.1:
    version "3.7.2"
    resolved "https://registry.yarnpkg.com/bluebird/-/bluebird-3.7.2.tgz#9f229c15be272454ffa973ace0dbee79a1b0c36f"
    integrity sha512-XpNj6GDQzdfW+r2Wnn7xiSAd7TM3jzkxGXBGTtWKuSXv1xUV+azxAm8jdWZN06QTQk+2N2XB9jRDkvbmQmcRtg==
  
  bluebird@~3.5.0:
    version "3.5.5"
    resolved "https://registry.yarnpkg.com/bluebird/-/bluebird-3.5.5.tgz#a8d0afd73251effbbd5fe384a77d73003c17a71f"
    integrity sha512-5am6HnnfN+urzt4yfg7IgTbotDjIT/u8AJpEt0sIU9FtXfVeezXAPKswrG+xKUCOYAINpSdgZVDU6QFh+cuH3w==
  
  boom@2.x.x:
    version "2.10.1"
    resolved "https://registry.npmjs.org/boom/-/boom-2.10.1.tgz"
    integrity sha512-KbiZEa9/vofNcVJXGwdWWn25reQ3V3dHBWbS07FTF3/TOehLnm9GEhJV4T6ZvGPkShRpmUqYwnaCrkj0mRnP6Q==
    dependencies:
      hoek "2.x.x"
  
  boxen@^1.0.0, boxen@^1.2.1:
    version "1.3.0"
    resolved "https://registry.npmjs.org/boxen/-/boxen-1.3.0.tgz"
    integrity sha512-TNPjfTr432qx7yOjQyaXm3dSR0MH9vXp7eT1BFSl/C51g+EFnOR9hTg1IreahGBmDNCehscshe45f+C1TBZbLw==
    dependencies:
      ansi-align "^2.0.0"
      camelcase "^4.0.0"
      chalk "^2.0.1"
      cli-boxes "^1.0.0"
      string-width "^2.0.0"
      term-size "^1.2.0"
      widest-line "^2.0.0"
  
  brace-expansion@^1.1.7:
    version "1.1.11"
    resolved "https://registry.npmjs.org/brace-expansion/-/brace-expansion-1.1.11.tgz"
    integrity sha512-iCuPHDFgrHX7H2vEI/5xpz07zSHB00TpugqhmYtVmMO6518mCuRMoOYFldEBl0g187ufozdaHgWKcYFb61qGiA==
    dependencies:
      balanced-match "^1.0.0"
      concat-map "0.0.1"
  
  brace-expansion@^2.0.1:
    version "2.0.1"
    resolved "https://registry.npmjs.org/brace-expansion/-/brace-expansion-2.0.1.tgz"
    integrity sha512-XnAIvQ8eM+kC6aULx6wuQiwVsnzsi9d3WxzV3FpWTGA19F621kwdbsAcFKXgKUHZWsy+mY6iL1sHTxWEFCytDA==
    dependencies:
      balanced-match "^1.0.0"
  
  braces@^3.0.3, braces@~3.0.2:
    version "3.0.3"
    resolved "https://registry.npmjs.org/braces/-/braces-3.0.3.tgz"
    integrity sha512-yQbXgO/OSZVD2IsiLlro+7Hf6Q18EJrKSEsdoMzKePKXct3gvD8oLcOQdIzGupr5Fj+EDe8gO/lxc1BzfMpxvA==
    dependencies:
      fill-range "^7.1.1"
  
  buffer-alloc-unsafe@^1.1.0:
    version "1.1.0"
    resolved "https://registry.yarnpkg.com/buffer-alloc-unsafe/-/buffer-alloc-unsafe-1.1.0.tgz#bd7dc26ae2972d0eda253be061dba992349c19f0"
    integrity sha512-TEM2iMIEQdJ2yjPJoSIsldnleVaAk1oW3DBVUykyOLsEsFmEc9kn+SFFPz+gl54KQNxlDnAwCXosOS9Okx2xAg==
  
  buffer-alloc@^1.2.0:
    version "1.2.0"
    resolved "https://registry.yarnpkg.com/buffer-alloc/-/buffer-alloc-1.2.0.tgz#890dd90d923a873e08e10e5fd51a57e5b7cce0ec"
    integrity sha512-CFsHQgjtW1UChdXgbyJGtnm+O/uLQeZdtbDo8mfUgYXCHSM1wgrVxXm6bSyrUuErEb+4sYVGCzASBRot7zyrow==
    dependencies:
      buffer-alloc-unsafe "^1.1.0"
      buffer-fill "^1.0.0"
  
  buffer-fill@^1.0.0:
    version "1.0.0"
    resolved "https://registry.yarnpkg.com/buffer-fill/-/buffer-fill-1.0.0.tgz#f8f78b76789888ef39f205cd637f68e702122b2c"
    integrity sha512-T7zexNBwiiaCOGDg9xNX9PBmjrubblRkENuptryuI64URkXDFum9il/JGL8Lm8wYfAXpredVXXZz7eMHilimiQ==
  
  buffer-from@^1.0.0:
    version "1.1.2"
    resolved "https://registry.yarnpkg.com/buffer-from/-/buffer-from-1.1.2.tgz#2b146a6fd72e80b4f55d255f35ed59a3a9a41bd5"
    integrity sha512-E+XQCRwSbaaiChtv6k6Dwgc+bx+Bs6vuKJHHl5kox/BaKbhiXzqQOwK4cO22yElGp2OCmjwVhT3HmxgyPGnJfQ==
  
  builtin-modules@^1.0.0:
    version "1.1.1"
    resolved "https://registry.yarnpkg.com/builtin-modules/-/builtin-modules-1.1.1.tgz#270f076c5a72c02f5b65a47df94c5fe3a278892f"
    integrity sha512-wxXCdllwGhI2kCC0MnvTGYTMvnVZTvqgypkiTI8Pa5tcz2i6VqsqwYGgqwXji+4RgCzms6EajE4IxiUH6HH8nQ==
  
  builtins@^1.0.3:
    version "1.0.3"
    resolved "https://registry.npmjs.org/builtins/-/builtins-1.0.3.tgz"
    integrity sha512-uYBjakWipfaO/bXI7E8rq6kpwHRZK5cNYrUv2OzZSI/FvmdMyXJ2tG9dKcjEC5YHmHpUAwsargWIZNWdxb/bnQ==
  
  busboy@1.6.0:
    version "1.6.0"
    resolved "https://registry.npmjs.org/busboy/-/busboy-1.6.0.tgz"
    integrity sha512-8SFQbg/0hQ9xy3UNTB0YEnsNBbWfhf7RtnzpL7TkBiTBRfrQ9Fxcnz7VJsleJpyp6rVLvXiuORqjlHi5q+PYuA==
    dependencies:
      streamsearch "^1.1.0"
  
  cacache@^10.0.0:
    version "10.0.4"
    resolved "https://registry.yarnpkg.com/cacache/-/cacache-10.0.4.tgz#6452367999eff9d4188aefd9a14e9d7c6a263460"
    integrity sha512-Dph0MzuH+rTQzGPNT9fAnrPmMmjKfST6trxJeK7NQuHRaVw24VzPRWTmg9MpcwOVQZO0E1FBICUlFeNaKPIfHA==
    dependencies:
      bluebird "^3.5.1"
      chownr "^1.0.1"
      glob "^7.1.2"
      graceful-fs "^4.1.11"
      lru-cache "^4.1.1"
      mississippi "^2.0.0"
      mkdirp "^0.5.1"
      move-concurrently "^1.0.1"
      promise-inflight "^1.0.1"
      rimraf "^2.6.2"
      ssri "^5.2.4"
      unique-filename "^1.1.0"
      y18n "^4.0.0"
  
  cacache@^9.2.9:
    version "9.3.0"
    resolved "https://registry.yarnpkg.com/cacache/-/cacache-9.3.0.tgz#9cd58f2dd0b8c8cacf685b7067b416d6d3cf9db1"
    integrity sha512-Vbi8J1XfC8v+FbQ6QkOtKXsHpPnB0i9uMeYFJoj40EbdOsEqWB3DPpNjfsnYBkqOPYA8UvrqH6FZPpBP0zdN7g==
    dependencies:
      bluebird "^3.5.0"
      chownr "^1.0.1"
      glob "^7.1.2"
      graceful-fs "^4.1.11"
      lru-cache "^4.1.1"
      mississippi "^1.3.0"
      mkdirp "^0.5.1"
      move-concurrently "^1.0.1"
      promise-inflight "^1.0.1"
      rimraf "^2.6.1"
      ssri "^4.1.6"
      unique-filename "^1.1.0"
      y18n "^3.2.1"
  
  cacache@~9.2.9:
    version "9.2.9"
    resolved "https://registry.yarnpkg.com/cacache/-/cacache-9.2.9.tgz#f9d7ffe039851ec94c28290662afa4dd4bb9e8dd"
    integrity sha512-ghg1j5OyTJ6qsrqU++dN23QiTDxb5AZCFGsF3oB+v9v/gY+F4X8L/0gdQMEjd+8Ot3D29M2etX5PKozHRn2JQw==
    dependencies:
      bluebird "^3.5.0"
      chownr "^1.0.1"
      glob "^7.1.2"
      graceful-fs "^4.1.11"
      lru-cache "^4.1.1"
      mississippi "^1.3.0"
      mkdirp "^0.5.1"
      move-concurrently "^1.0.1"
      promise-inflight "^1.0.1"
      rimraf "^2.6.1"
      ssri "^4.1.6"
      unique-filename "^1.1.0"
      y18n "^3.2.1"
  
  call-bind@^1.0.2, call-bind@^1.0.5, call-bind@^1.0.6, call-bind@^1.0.7:
    version "1.0.7"
    resolved "https://registry.npmjs.org/call-bind/-/call-bind-1.0.7.tgz"
    integrity sha512-GHTSNSYICQ7scH7sZ+M2rFopRoLh8t2bLSW6BbgrtLsahOIB5iyAVJf9GjWK3cYTDaMj4XdBpM1cA6pIS0Kv2w==
    dependencies:
      es-define-property "^1.0.0"
      es-errors "^1.3.0"
      function-bind "^1.1.2"
      get-intrinsic "^1.2.4"
      set-function-length "^1.2.1"
  
  call-limit@~1.1.0:
    version "1.1.1"
    resolved "https://registry.yarnpkg.com/call-limit/-/call-limit-1.1.1.tgz#ef15f2670db3f1992557e2d965abc459e6e358d4"
    integrity sha512-5twvci5b9eRBw2wCfPtN0GmlR2/gadZqyFpPhOK6CvMFoFgA+USnZ6Jpu1lhG9h85pQ3Ouil3PfXWRD4EUaRiQ==
  
  callsites@^3.0.0:
    version "3.1.0"
    resolved "https://registry.npmjs.org/callsites/-/callsites-3.1.0.tgz"
    integrity sha512-P8BjAsXvZS+VIDUI11hHCQEv74YT67YUi5JJFNWIqL235sBmjX4+qx9Muvls5ivyNENctx46xQLQ3aTuE7ssaQ==
  
  camelcase-css@^2.0.1:
    version "2.0.1"
    resolved "https://registry.npmjs.org/camelcase-css/-/camelcase-css-2.0.1.tgz"
    integrity sha512-QOSvevhslijgYwRx6Rv7zKdMF8lbRmx+uQGx2+vDc+KI/eBnsy9kit5aj23AgGu3pa4t9AgwbnXWqS+iOY+2aA==
  
  camelcase@^4.0.0, camelcase@^4.1.0:
    version "4.1.0"
    resolved "https://registry.npmjs.org/camelcase/-/camelcase-4.1.0.tgz"
    integrity sha512-FxAv7HpHrXbh3aPo4o2qxHay2lkLY3x5Mw3KeE4KQE8ysVfziWeRZDwcjauvwBSGEC/nXUPzZy8zeh4HokqOnw==
  
  caniuse-lite@^1.0.30001579:
    version "1.0.30001680"
    resolved "https://registry.npmjs.org/caniuse-lite/-/caniuse-lite-1.0.30001680.tgz"
    integrity sha512-rPQy70G6AGUMnbwS1z6Xg+RkHYPAi18ihs47GH0jcxIG7wArmPgY3XbS2sRdBbxJljp3thdT8BIqv9ccCypiPA==
  
  capture-stack-trace@^1.0.0:
    version "1.0.2"
    resolved "https://registry.yarnpkg.com/capture-stack-trace/-/capture-stack-trace-1.0.2.tgz#1c43f6b059d4249e7f3f8724f15f048b927d3a8a"
    integrity sha512-X/WM2UQs6VMHUtjUDnZTRI+i1crWteJySFzr9UpGoQa4WQffXVTTXuekjl7TjZRlcF2XfjgITT0HxZ9RnxeT0w==
  
  caseless@~0.12.0:
    version "0.12.0"
    resolved "https://registry.yarnpkg.com/caseless/-/caseless-0.12.0.tgz#1b681c21ff84033c826543090689420d187151dc"
    integrity sha512-4tYFyifaFfGacoiObjJegolkwSU4xQNGbVgUiNYVUxbQ2x2lUsFvY4hVgVzGiIe6WLOPqycWXA40l+PWsxthUw==
  
  chalk@^1.0.0:
    version "1.1.3"
    resolved "https://registry.yarnpkg.com/chalk/-/chalk-1.1.3.tgz#a8115c55e4a702fe4d150abd3872822a7e09fc98"
    integrity sha512-U3lRVLMSlsCfjqYPbLyVv11M9CPW4I728d6TCKMAOJueEeB9/8o+eSsMnxPJD+Q+K909sdESg7C+tIkoH6on1A==
    dependencies:
      ansi-styles "^2.2.1"
      escape-string-regexp "^1.0.2"
      has-ansi "^2.0.0"
      strip-ansi "^3.0.0"
      supports-color "^2.0.0"
  
  chalk@^2.0.1:
    version "2.4.2"
    resolved "https://registry.npmjs.org/chalk/-/chalk-2.4.2.tgz"
    integrity sha512-Mti+f9lpJNcwF4tWV8/OrTTtF1gZi+f8FqlyAdouralcFWFQWF2+NgCHShjkCb+IFBLq9buZwE1xckQU4peSuQ==
    dependencies:
      ansi-styles "^3.2.1"
      escape-string-regexp "^1.0.5"
      supports-color "^5.3.0"
  
  chalk@^4.0.0:
    version "4.1.2"
    resolved "https://registry.npmjs.org/chalk/-/chalk-4.1.2.tgz"
    integrity sha512-oKnbhFyRIXpUuez8iBMmyEa4nbj4IOQyuhc/wy9kY7/WVPcwIO9VA668Pu8RkO7+0G76SLROeyw9CpQ061i4mA==
    dependencies:
      ansi-styles "^4.1.0"
      supports-color "^7.1.0"
  
  chokidar@^3.6.0:
    version "3.6.0"
    resolved "https://registry.npmjs.org/chokidar/-/chokidar-3.6.0.tgz"
    integrity sha512-7VT13fmjotKpGipCW9JEQAusEPE+Ei8nl6/g4FBAmIm0GOOLMua9NDDo/DWp0ZAxCr3cPq5ZpBqmPAQgDda2Pw==
    dependencies:
      anymatch "~3.1.2"
      braces "~3.0.2"
      glob-parent "~5.1.2"
      is-binary-path "~2.1.0"
      is-glob "~4.0.1"
      normalize-path "~3.0.0"
      readdirp "~3.6.0"
    optionalDependencies:
      fsevents "~2.3.2"
  
  chownr@^1.0.1:
    version "1.1.4"
    resolved "https://registry.yarnpkg.com/chownr/-/chownr-1.1.4.tgz#6fc9d7b42d32a583596337666e7d08084da2cc6b"
    integrity sha512-jJ0bqzaylmJtVnNgzTeSOs8DPavpbYgEr/b0YL8/2GO3xJEhInFmhKMUnEJQjZumK7KXGFhUy89PrsJWlakBVg==
  
  chownr@~1.0.1:
    version "1.0.1"
    resolved "https://registry.yarnpkg.com/chownr/-/chownr-1.0.1.tgz#e2a75042a9551908bebd25b8523d5f9769d79181"
    integrity sha512-cKnqUJAC8G6cuN1DiRRTifu+s1BlAQNtalzGphFEV0pl0p46dsxJD4l1AOlyKJeLZOFzo3c34R7F3djxaCu8Kw==
  
  ci-info@^1.5.0:
    version "1.6.0"
    resolved "https://registry.npmjs.org/ci-info/-/ci-info-1.6.0.tgz"
    integrity sha512-vsGdkwSCDpWmP80ncATX7iea5DWQemg1UgCW5J8tqjU3lYw4FBYuj89J0CTVomA7BEfvSZd84GmHko+MxFQU2A==
  
  class-variance-authority@^0.7.0:
    version "0.7.0"
    resolved "https://registry.npmjs.org/class-variance-authority/-/class-variance-authority-0.7.0.tgz"
    integrity sha512-jFI8IQw4hczaL4ALINxqLEXQbWcNjoSkloa4IaufXCJr6QawJyw7tuRysRsrE8w2p/4gGaxKIt/hX3qz/IbD1A==
    dependencies:
      clsx "2.0.0"
  
  classnames@^2.2.5, classnames@^2.2.6, classnames@^2.3.1:
    version "2.5.1"
    resolved "https://registry.npmjs.org/classnames/-/classnames-2.5.1.tgz"
    integrity sha512-saHYOzhIQs6wy2sVxTM6bUDsQO4F50V9RQ22qBpEdCW+I+/Wmke2HOl6lS6dTpdxVhb88/I6+Hs+438c3lfUow==
  
  cli-boxes@^1.0.0:
    version "1.0.0"
    resolved "https://registry.npmjs.org/cli-boxes/-/cli-boxes-1.0.0.tgz"
    integrity sha512-3Fo5wu8Ytle8q9iCzS4D2MWVL2X7JVWRiS1BnXbTFDhS9c/REkM9vd1AmabsoZoY5/dGi5TT9iKL8Kb6DeBRQg==
  
  client-only@0.0.1:
    version "0.0.1"
    resolved "https://registry.npmjs.org/client-only/-/client-only-0.0.1.tgz"
    integrity sha512-IV3Ou0jSMzZrd3pZ48nLkT9DA7Ag1pnPzaiQhpW7c3RbcqqzvzzVu+L8gfqMp/8IM2MQtSiqaCxrrcfu8I8rMA==
  
  cliui@^4.0.0:
    version "4.1.0"
    resolved "https://registry.npmjs.org/cliui/-/cliui-4.1.0.tgz"
    integrity sha512-4FG+RSG9DL7uEwRUZXZn3SS34DiDPfzP0VOiEwtUWlE+AR2EIg+hSyvrIgUUfhdgR/UkAeW2QHgeP+hWrXs7jQ==
    dependencies:
      string-width "^2.1.1"
      strip-ansi "^4.0.0"
      wrap-ansi "^2.0.0"
  
  clone@^1.0.2:
    version "1.0.4"
    resolved "https://registry.yarnpkg.com/clone/-/clone-1.0.4.tgz#da309cc263df15994c688ca902179ca3c7cd7c7e"
    integrity sha512-JQHZ2QMW6l3aH/j6xCqQThY/9OH4D/9ls34cgkUBiEeocRTU04tHfKPBsUK1PqZCUQM7GiA0IIXJSuXHI64Kbg==
  
  clsx@2.0.0:
    version "2.0.0"
    resolved "https://registry.npmjs.org/clsx/-/clsx-2.0.0.tgz"
    integrity sha512-rQ1+kcj+ttHG0MKVGBUXwayCCF1oh39BF5COIpRzuCEv8Mwjv0XucrI2ExNTOn9IlLifGClWQcU9BrZORvtw6Q==
  
  clsx@^2.1.1:
    version "2.1.1"
    resolved "https://registry.npmjs.org/clsx/-/clsx-2.1.1.tgz"
    integrity sha512-eYm0QWBtUrBWZWG0d386OGAw16Z995PiOVo2B7bjWSbHedGl5e0ZWaq65kOGgUSNesEIDkB9ISbTg/JK9dhCZA==
  
  cmd-shim@~2.0.2:
    version "2.0.2"
    resolved "https://registry.yarnpkg.com/cmd-shim/-/cmd-shim-2.0.2.tgz#6fcbda99483a8fd15d7d30a196ca69d688a2efdb"
    integrity sha512-NLt0ntM0kvuSNrToO0RTFiNRHdioWsLW+OgDAEVDvIivsYwR+AjlzvLaMJ2Z+SNRpV3vdsDrHp1WI00eetDYzw==
    dependencies:
      graceful-fs "^4.1.2"
      mkdirp "~0.5.0"
  
  co@^4.6.0:
    version "4.6.0"
    resolved "https://registry.yarnpkg.com/co/-/co-4.6.0.tgz#6ea6bdf3d853ae54ccb8e47bfa0bf3f9031fb184"
    integrity sha512-QVb0dM5HvG+uaxitm8wONl7jltx8dqhfU33DcqtOZcLSVIKSDDLDi7+0LbAKiyI8hD9u42m2YxXSkMGWThaecQ==
  
  code-point-at@^1.0.0:
    version "1.1.0"
    resolved "https://registry.npmjs.org/code-point-at/-/code-point-at-1.1.0.tgz"
    integrity sha512-RpAVKQA5T63xEj6/giIbUEtZwJ4UFIc3ZtvEkiaUERylqe8xb5IvqcgOurZLahv93CLKfxcw5YI+DZcUBRyLXA==
  
  color-convert@^1.9.0:
    version "1.9.3"
    resolved "https://registry.npmjs.org/color-convert/-/color-convert-1.9.3.tgz"
    integrity sha512-QfAUtd+vFdAtFQcC8CCyYt1fYWxSqAiK2cSD6zDB8N3cpsEBAvRxp9zOGg6G/SHHJYAT88/az/IuDGALsNVbGg==
    dependencies:
      color-name "1.1.3"
  
  color-convert@^2.0.1:
    version "2.0.1"
    resolved "https://registry.npmjs.org/color-convert/-/color-convert-2.0.1.tgz"
    integrity sha512-RRECPsj7iu/xb5oKYcsFHSppFNnsj/52OVTRKb4zP5onXwVF3zVmmToNcOfGC+CRDpfK/U584fMg38ZHCaElKQ==
    dependencies:
      color-name "~1.1.4"
  
  color-name@1.1.3:
    version "1.1.3"
    resolved "https://registry.npmjs.org/color-name/-/color-name-1.1.3.tgz"
    integrity sha512-72fSenhMw2HZMTVHeCA9KCmpEIbzWiQsjN+BHcBbS9vr1mtt+vJjPdksIBNUmKAW8TFUDPJK5SUU3QhE9NEXDw==
  
  color-name@^1.0.0, color-name@~1.1.4:
    version "1.1.4"
    resolved "https://registry.npmjs.org/color-name/-/color-name-1.1.4.tgz"
    integrity sha512-dOy+3AuW3a2wNbZHIuMZpTcgjGuLU/uBL/ubcZF9OXbDo8ff4O8yVp5Bf0efS8uEoYo5q4Fx7dY9OgQGXgAsQA==
  
  color-string@^1.9.0:
    version "1.9.1"
    resolved "https://registry.yarnpkg.com/color-string/-/color-string-1.9.1.tgz#4467f9146f036f855b764dfb5bf8582bf342c7a4"
    integrity sha512-shrVawQFojnZv6xM40anx4CkoDP+fZsw/ZerEMsW/pyzsRbElpsL/DBVW7q3ExxwusdNXI3lXpuhEZkzs8p5Eg==
    dependencies:
      color-name "^1.0.0"
      simple-swizzle "^0.2.2"
  
  color@^4.2.3:
    version "4.2.3"
    resolved "https://registry.yarnpkg.com/color/-/color-4.2.3.tgz#d781ecb5e57224ee43ea9627560107c0e0c6463a"
    integrity sha512-1rXeuUUiGGrykh+CeBdu5Ie7OJwinCgQY0bc7GCRxy5xVHy+moaqkpL/jqQq0MtQOeYcrqEz4abc5f0KtU7W4A==
    dependencies:
      color-convert "^2.0.1"
      color-string "^1.9.0"
  
  columnify@~1.5.4:
    version "1.5.4"
    resolved "https://registry.yarnpkg.com/columnify/-/columnify-1.5.4.tgz#4737ddf1c7b69a8a7c340570782e947eec8e78bb"
    integrity sha512-rFl+iXVT1nhLQPfGDw+3WcS8rmm7XsLKUmhsGE3ihzzpIikeGrTaZPIRKYWeLsLBypsHzjXIvYEltVUZS84XxQ==
    dependencies:
      strip-ansi "^3.0.0"
      wcwidth "^1.0.0"
  
  combined-stream@^1.0.5, combined-stream@^1.0.6, combined-stream@~1.0.5, combined-stream@~1.0.6:
    version "1.0.8"
    resolved "https://registry.yarnpkg.com/combined-stream/-/combined-stream-1.0.8.tgz#c3d45a8b34fd730631a110a8a2520682b31d5a7f"
    integrity sha512-FQN4MRfuJeHf7cBbBMJFXhKSDq+2kAArBlmRBvcvFE5BB1HZKXtSFASDhdlz9zOYwxh8lDdnvmMOe/+5cdoEdg==
    dependencies:
      delayed-stream "~1.0.0"
  
  commander@^4.0.0:
    version "4.1.1"
    resolved "https://registry.npmjs.org/commander/-/commander-4.1.1.tgz"
    integrity sha512-NOKm8xhkzAjzFx8B2v5OAHT+u5pRQc2UCa2Vq9jYL/31o2wi9mxBA7LIFs3sV5VSC49z6pEhfbMULvShKj26WA==
  
  concat-map@0.0.1:
    version "0.0.1"
    resolved "https://registry.npmjs.org/concat-map/-/concat-map-0.0.1.tgz"
    integrity sha512-/Srv4dswyQNBfohGpz9o6Yb3Gz3SrUDqBH5rTuhGR7ahtlbYKnVxw2bCFMRljaA7EXHaXZ8wsHdodFvbkhKmqg==
  
  concat-stream@^1.5.0, concat-stream@^1.5.2:
    version "1.6.2"
    resolved "https://registry.yarnpkg.com/concat-stream/-/concat-stream-1.6.2.tgz#904bdf194cd3122fc675c77fc4ac3d4ff0fd1a34"
    integrity sha512-27HBghJxjiZtIk3Ycvn/4kbJk/1uZuJFfuPEns6LaEvpvG1f0hTea8lilrouyo9mVc2GWdcEZ8OLoGmSADlrCw==
    dependencies:
      buffer-from "^1.0.0"
      inherits "^2.0.3"
      readable-stream "^2.2.2"
      typedarray "^0.0.6"
  
  config-chain@~1.1.11:
    version "1.1.13"
    resolved "https://registry.yarnpkg.com/config-chain/-/config-chain-1.1.13.tgz#fad0795aa6a6cdaff9ed1b68e9dff94372c232f4"
    integrity sha512-qj+f8APARXHrM0hraqXYb2/bOVSV4PvJQlNZ/DVj0QrmNM2q2euizkeuVckQ57J+W0mRH6Hvi+k50M4Jul2VRQ==
    dependencies:
      ini "^1.3.4"
      proto-list "~1.2.1"
  
  configstore@^3.0.0:
    version "3.1.5"
    resolved "https://registry.yarnpkg.com/configstore/-/configstore-3.1.5.tgz#e9af331fadc14dabd544d3e7e76dc446a09a530f"
    integrity sha512-nlOhI4+fdzoK5xmJ+NY+1gZK56bwEaWZr8fYuXohZ9Vkc1o3a4T/R3M+yE/w7x/ZVJ1zF8c+oaOvF0dztdUgmA==
    dependencies:
      dot-prop "^4.2.1"
      graceful-fs "^4.1.2"
      make-dir "^1.0.0"
      unique-string "^1.0.0"
      write-file-atomic "^2.0.0"
      xdg-basedir "^3.0.0"
  
  console-control-strings@^1.0.0, console-control-strings@~1.1.0:
    version "1.1.0"
    resolved "https://registry.npmjs.org/console-control-strings/-/console-control-strings-1.1.0.tgz"
    integrity sha512-ty/fTekppD2fIwRvnZAVdeOiGd1c7YXEixbgJTNzqcxJWKQnjJ/V1bNEEE6hygpM3WjwHFUVK6HTjWSzV4a8sQ==
  
  copy-concurrently@^1.0.0:
    version "1.0.5"
    resolved "https://registry.yarnpkg.com/copy-concurrently/-/copy-concurrently-1.0.5.tgz#92297398cae34937fcafd6ec8139c18051f0b5e0"
    integrity sha512-f2domd9fsVDFtaFcbaRZuYXwtdmnzqbADSwhSWYxYB/Q8zsdUUFMXVRwXGDMWmbEzAn1kdRrtI1T/KTFOL4X2A==
    dependencies:
      aproba "^1.1.1"
      fs-write-stream-atomic "^1.0.8"
      iferr "^0.1.5"
      mkdirp "^0.5.1"
      rimraf "^2.5.4"
      run-queue "^1.0.0"
  
  core-util-is@1.0.2:
    version "1.0.2"
    resolved "https://registry.yarnpkg.com/core-util-is/-/core-util-is-1.0.2.tgz#b5fd54220aa2bc5ab57aab7140c940754503c1a7"
    integrity sha512-3lqz5YjWTYnW6dlDa5TLaTCcShfar1e40rmcJVwCBJC6mWlFuj0eCHIElmG1g5kyuJ/GD+8Wn4FFCcz4gJPfaQ==
  
  core-util-is@~1.0.0:
    version "1.0.3"
    resolved "https://registry.yarnpkg.com/core-util-is/-/core-util-is-1.0.3.tgz#a6042d3634c2b27e9328f837b965fac83808db85"
    integrity sha512-ZQBvi1DcpJ4GDqanjucZ2Hj3wEO5pZDS89BWbkcrvdxksJorwUDDZamX9ldFkp9aw2lmBDLgkObEA4DWNJ9FYQ==
  
  create-error-class@^3.0.0:
    version "3.0.2"
    resolved "https://registry.npmjs.org/create-error-class/-/create-error-class-3.0.2.tgz"
    integrity sha512-gYTKKexFO3kh200H1Nit76sRwRtOY32vQd3jpAQKpLtZqyNsSQNfI4N7o3eP2wUjV35pTWKRYqFUDBvUha/Pkw==
    dependencies:
      capture-stack-trace "^1.0.0"
  
  cross-spawn@^5.0.1:
    version "5.1.0"
    resolved "https://registry.npmjs.org/cross-spawn/-/cross-spawn-5.1.0.tgz"
    integrity sha512-pTgQJ5KC0d2hcY8eyL1IzlBPYjTkyH72XRZPnLyKus2mBfNjQs3klqbJU2VILqZryAZUt9JOb3h/mWMy23/f5A==
    dependencies:
      lru-cache "^4.0.1"
      shebang-command "^1.2.0"
      which "^1.2.9"
  
  cross-spawn@^6.0.0:
    version "6.0.5"
    resolved "https://registry.npmjs.org/cross-spawn/-/cross-spawn-6.0.5.tgz"
    integrity sha512-eTVLrBSt7fjbDygz805pMnstIs2VTBNkRm0qxZd+M7A5XDdxVRWO5MxGBXZhjY4cqLYLdtrGqRf8mBPmzwSpWQ==
    dependencies:
      nice-try "^1.0.4"
      path-key "^2.0.1"
      semver "^5.5.0"
      shebang-command "^1.2.0"
      which "^1.2.9"
  
  cross-spawn@^7.0.0, cross-spawn@^7.0.2:
    version "7.0.5"
    resolved "https://registry.npmjs.org/cross-spawn/-/cross-spawn-7.0.5.tgz"
    integrity sha512-ZVJrKKYunU38/76t0RMOulHOnUcbU9GbpWKAOZ0mhjr7CX6FVrH+4FrAapSOekrgFQ3f/8gwMEuIft0aKq6Hug==
    dependencies:
      path-key "^3.1.0"
      shebang-command "^2.0.0"
      which "^2.0.1"
  
  cryptiles@2.x.x:
    version "2.0.5"
    resolved "https://registry.yarnpkg.com/cryptiles/-/cryptiles-2.0.5.tgz#3bdfecdc608147c1c67202fa291e7dca59eaa3b8"
    integrity sha512-FFN5KwpvvQTTS5hWPxrU8/QE4kQUc6uwZcrnlMBN82t1MgAtq8mnoDwINBly9Tdr02seeIIhtdF+UH1feBYGog==
    dependencies:
      boom "2.x.x"
  
  crypto-random-string@^1.0.0:
    version "1.0.0"
    resolved "https://registry.npmjs.org/crypto-random-string/-/crypto-random-string-1.0.0.tgz"
    integrity sha512-GsVpkFPlycH7/fRR7Dhcmnoii54gV1nz7y4CWyeFS14N+JVBBhY+r8amRHE4BwSYal7BPTDp8isvAlCxyFt3Hg==
  
  cssesc@^3.0.0:
    version "3.0.0"
    resolved "https://registry.npmjs.org/cssesc/-/cssesc-3.0.0.tgz"
    integrity sha512-/Tb/JcjK111nNScGob5MNtsntNM1aCNUDipB/TkwZFhyDrrE47SOx/18wF2bbjgc3ZzCSKW1T5nt5EbFoAz/Vg==
  
  csstype@^3.0.2:
    version "3.1.3"
    resolved "https://registry.npmjs.org/csstype/-/csstype-3.1.3.tgz"
    integrity sha512-M1uQkMl8rQK/szD0LNhtqxIPLpimGm8sOBwU7lLnCpSbTyY3yeU1Vc7l4KT5zT4s/yOxHH5O7tIuuLOCnLADRw==
  
  cyclist@^1.0.1:
    version "1.0.2"
    resolved "https://registry.yarnpkg.com/cyclist/-/cyclist-1.0.2.tgz#673b5f233bf34d8e602b949429f8171d9121bea3"
    integrity sha512-0sVXIohTfLqVIW3kb/0n6IiWF3Ifj5nm2XaSrLq2DI6fKIGa2fYAZdk917rUneaeLVpYfFcyXE2ft0fe3remsA==
  
  damerau-levenshtein@^1.0.8:
    version "1.0.8"
    resolved "https://registry.npmjs.org/damerau-levenshtein/-/damerau-levenshtein-1.0.8.tgz"
    integrity sha512-sdQSFB7+llfUcQHUQO3+B8ERRj0Oa4w9POWMI/puGtuf7gFywGmkaLCElnudfTiKZV+NvHqL0ifzdrI8Ro7ESA==
  
  dashdash@^1.12.0:
    version "1.14.1"
    resolved "https://registry.yarnpkg.com/dashdash/-/dashdash-1.14.1.tgz#853cfa0f7cbe2fed5de20326b8dd581035f6e2f0"
    integrity sha512-jRFi8UDGo6j+odZiEpjazZaWqEal3w/basFjQHQEwVtZJGDpxbH1MeYluwCS8Xq5wmLJooDlMgvVarmWfGM44g==
    dependencies:
      assert-plus "^1.0.0"
  
  data-view-buffer@^1.0.1:
    version "1.0.1"
    resolved "https://registry.npmjs.org/data-view-buffer/-/data-view-buffer-1.0.1.tgz"
    integrity sha512-0lht7OugA5x3iJLOWFhWK/5ehONdprk0ISXqVFn/NFrDu+cuc8iADFrGQz5BnRK7LLU3JmkbXSxaqX+/mXYtUA==
    dependencies:
      call-bind "^1.0.6"
      es-errors "^1.3.0"
      is-data-view "^1.0.1"
  
  data-view-byte-length@^1.0.1:
    version "1.0.1"
    resolved "https://registry.npmjs.org/data-view-byte-length/-/data-view-byte-length-1.0.1.tgz"
    integrity sha512-4J7wRJD3ABAzr8wP+OcIcqq2dlUKp4DVflx++hs5h5ZKydWMI6/D/fAot+yh6g2tHh8fLFTvNOaVN357NvSrOQ==
    dependencies:
      call-bind "^1.0.7"
      es-errors "^1.3.0"
      is-data-view "^1.0.1"
  
  data-view-byte-offset@^1.0.0:
    version "1.0.0"
    resolved "https://registry.npmjs.org/data-view-byte-offset/-/data-view-byte-offset-1.0.0.tgz"
    integrity sha512-t/Ygsytq+R995EJ5PZlD4Cu56sWa8InXySaViRzw9apusqsOO2bQP+SbYzAhR0pFKoB+43lYy8rWban9JSuXnA==
    dependencies:
      call-bind "^1.0.6"
      es-errors "^1.3.0"
      is-data-view "^1.0.1"
  
  date-fns@^2.29.3:
    version "2.30.0"
    resolved "https://registry.npmjs.org/date-fns/-/date-fns-2.30.0.tgz"
    integrity sha512-fnULvOpxnC5/Vg3NCiWelDsLiUc9bRwAPs/+LfTLNvetFCtCTN+yQz15C/fs4AwX1R9K5GLtLfn8QW+dWisaAw==
    dependencies:
      "@babel/runtime" "^7.21.0"
  
  debug@3.1.0:
    version "3.1.0"
    resolved "https://registry.yarnpkg.com/debug/-/debug-3.1.0.tgz#5bb5a0672628b64149566ba16819e61518c67261"
    integrity sha512-OX8XqP7/1a9cqkxYw2yXss15f26NKWBpDXQd0/uK/KPqdQhxbPa994hnzjcE2VqQpDslf55723cKPUOGSmMY3g==
    dependencies:
      ms "2.0.0"
  
  debug@^3.1.0, debug@^3.2.7:
    version "3.2.7"
    resolved "https://registry.yarnpkg.com/debug/-/debug-3.2.7.tgz#72580b7e9145fb39b6676f9c5e5fb100b934179a"
    integrity sha512-CFjzYYAi4ThfiQvizrFQevTTXHtnCqWfe7x1AhgEscTz6ZbLbfoLRLPugTQyBth6f8ZERVUSyWHFD/7Wu4t1XQ==
    dependencies:
      ms "^2.1.1"
  
  debug@^4.3.1, debug@^4.3.2, debug@^4.3.4, debug@^4.3.5:
    version "4.3.7"
    resolved "https://registry.npmjs.org/debug/-/debug-4.3.7.tgz"
    integrity sha512-Er2nc/H7RrMXZBFCEim6TCmMk02Z8vLC2Rbi1KEBggpo0fS6l0S1nnapwmIi3yW/+GOJap1Krg4w0Hg80oCqgQ==
    dependencies:
      ms "^2.1.3"
  
  debuglog@^1.0.1:
    version "1.0.1"
    resolved "https://registry.npmjs.org/debuglog/-/debuglog-1.0.1.tgz"
    integrity sha512-syBZ+rnAK3EgMsH2aYEOLUW7mZSY9Gb+0wUMCFsZvcmiz+HigA0LOcq/HoQqVuGG+EKykunc7QG2bzrponfaSw==
  
  decamelize@^1.1.1:
    version "1.2.0"
    resolved "https://registry.npmjs.org/decamelize/-/decamelize-1.2.0.tgz"
    integrity sha512-z2S+W9X73hAUUki+N+9Za2lBlun89zigOyGrsax+KUQ6wKW4ZoWpEYBkGhQjwAjjDCkWxhY0VKEhk8wzY7F5cA==
  
  deep-extend@^0.6.0:
    version "0.6.0"
    resolved "https://registry.npmjs.org/deep-extend/-/deep-extend-0.6.0.tgz"
    integrity sha512-LOHxIOaPYdHlJRtCQfDIVZtfw/ufM8+rVj649RIHzcm/vGwQRXFt6OPqIFWsm2XEMrNIEtWR64sY1LEKD2vAOA==
  
  deep-is@^0.1.3:
    version "0.1.4"
    resolved "https://registry.npmjs.org/deep-is/-/deep-is-0.1.4.tgz"
    integrity sha512-oIPzksmTg4/MriiaYGO+okXDT7ztn/w3Eptv/+gSIdMdKsJo0u4CfYNFJPy+4SKMuCqGw2wxnA+URMg3t8a/bQ==
  
  defaults@^1.0.3:
    version "1.0.4"
    resolved "https://registry.yarnpkg.com/defaults/-/defaults-1.0.4.tgz#b0b02062c1e2aa62ff5d9528f0f98baa90978d7a"
    integrity sha512-eFuaLoy/Rxalv2kr+lqMlUnrDWV+3j4pljOIJgLIhI058IQfWJ7vXhyEIHu+HtC738klGALYxOKDO0bQP3tg8A==
    dependencies:
      clone "^1.0.2"
  
  define-data-property@^1.0.1, define-data-property@^1.1.4:
    version "1.1.4"
    resolved "https://registry.npmjs.org/define-data-property/-/define-data-property-1.1.4.tgz"
    integrity sha512-rBMvIzlpA8v6E+SJZoo++HAYqsLrkg7MSfIinMPFhmkorw7X+dOXVJQs+QT69zGkzMyfDnIMN2Wid1+NbL3T+A==
    dependencies:
      es-define-property "^1.0.0"
      es-errors "^1.3.0"
      gopd "^1.0.1"
  
  define-properties@^1.1.3, define-properties@^1.2.0, define-properties@^1.2.1:
    version "1.2.1"
    resolved "https://registry.npmjs.org/define-properties/-/define-properties-1.2.1.tgz"
    integrity sha512-8QmQKqEASLd5nx0U1B1okLElbUuuttJ/AnYmRXbbbGDWh6uS208EjD4Xqq/I9wK7u0v6O08XhTWnt5XtEbR6Dg==
    dependencies:
      define-data-property "^1.0.1"
      has-property-descriptors "^1.0.0"
      object-keys "^1.1.1"
  
  delayed-stream@~1.0.0:
    version "1.0.0"
    resolved "https://registry.yarnpkg.com/delayed-stream/-/delayed-stream-1.0.0.tgz#df3ae199acadfb7d440aaae0b29e2272b24ec619"
    integrity sha512-ZySD7Nf91aLB0RxL4KGrKHBXl7Eds1DAmEdcoVawXnLD7SDhpNgtuII2aAkg7a7QS41jxPSZ17p4VdGnMHk3MQ==
  
  delegates@^1.0.0:
    version "1.0.0"
    resolved "https://registry.yarnpkg.com/delegates/-/delegates-1.0.0.tgz#84c6e159b81904fdca59a0ef44cd870d31250f9a"
    integrity sha512-bd2L678uiWATM6m5Z1VzNCErI3jiGzt6HGY8OVICs40JQq/HALfbyNJmp0UDakEY4pMMaN0Ly5om/B1VI/+xfQ==
  
  detect-indent@~5.0.0:
    version "5.0.0"
    resolved "https://registry.yarnpkg.com/detect-indent/-/detect-indent-5.0.0.tgz#3871cc0a6a002e8c3e5b3cf7f336264675f06b9d"
    integrity sha512-rlpvsxUtM0PQvy9iZe640/IWwWYyBsTApREbA1pHOpmOUIl9MkP/U4z7vTtg4Oaojvqhxt7sdufnT0EzGaR31g==
  
  detect-libc@^2.0.3:
    version "2.0.3"
    resolved "https://registry.yarnpkg.com/detect-libc/-/detect-libc-2.0.3.tgz#f0cd503b40f9939b894697d19ad50895e30cf700"
    integrity sha512-bwy0MGW55bG41VqxxypOsdSdGqLwXPI/focwgTYCFMbdUiBAxLg9CFzG08sz2aqzknwiX7Hkl0bQENjg8iLByw==
  
  detect-node-es@^1.1.0:
    version "1.1.0"
    resolved "https://registry.npmjs.org/detect-node-es/-/detect-node-es-1.1.0.tgz"
    integrity sha512-ypdmJU/TbBby2Dxibuv7ZLW3Bs1QEmM7nHjEANfohJLvE0XVujisn1qPJcZxg+qDucsr+bP6fLD1rPS3AhJ7EQ==
  
  dezalgo@^1.0.0, dezalgo@~1.0.3:
    version "1.0.4"
    resolved "https://registry.yarnpkg.com/dezalgo/-/dezalgo-1.0.4.tgz#751235260469084c132157dfa857f386d4c33d81"
    integrity sha512-rXSP0bf+5n0Qonsb+SVVfNfIsimO4HEtmnIpPHY8Q1UCzKlQrDMfdobr8nJOOsRgWCyMRqeSBQzmWUMq7zvVig==
    dependencies:
      asap "^2.0.0"
      wrappy "1"
  
  didyoumean@^1.2.2:
    version "1.2.2"
    resolved "https://registry.npmjs.org/didyoumean/-/didyoumean-1.2.2.tgz"
    integrity sha512-gxtyfqMg7GKyhQmb056K7M3xszy/myH8w+B4RT+QXBQsvAOdc3XymqDDPHx1BgPgsdAA5SIifona89YtRATDzw==
  
  dir-glob@^3.0.1:
    version "3.0.1"
    resolved "https://registry.npmjs.org/dir-glob/-/dir-glob-3.0.1.tgz"
    integrity sha512-WkrWp9GR4KXfKGYzOLmTuGVi1UWFfws377n9cc55/tb6DuqyF6pcQ5AbiHEshaDpY9v6oaSr2XCDidGmMwdzIA==
    dependencies:
      path-type "^4.0.0"
  
  dlv@^1.1.3:
    version "1.1.3"
    resolved "https://registry.npmjs.org/dlv/-/dlv-1.1.3.tgz"
    integrity sha512-+HlytyjlPKnIG8XuRG8WvmBP8xs8P71y+SKKS6ZXWoEgLuePxtDoUEiH7WkdePWrQ5JBpE6aoVqfZfJUQkjXwA==
  
  doctrine@^2.1.0:
    version "2.1.0"
    resolved "https://registry.npmjs.org/doctrine/-/doctrine-2.1.0.tgz"
    integrity sha512-35mSku4ZXK0vfCuHEDAwt55dg2jNajHZ1odvF+8SSr82EsZY4QmXfuWso8oEd8zRhVObSN18aM0CjSdoBX7zIw==
    dependencies:
      esutils "^2.0.2"
  
  doctrine@^3.0.0:
    version "3.0.0"
    resolved "https://registry.npmjs.org/doctrine/-/doctrine-3.0.0.tgz"
    integrity sha512-yS+Q5i3hBf7GBkd4KG8a7eBNNWNGLTaEwwYWUijIYM7zrlYDM0BFXHjjPWlWZ1Rg7UaddZeIDmi9jF3HmqiQ2w==
    dependencies:
      esutils "^2.0.2"
  
  dom-lib@^3.3.1:
    version "3.3.2"
    resolved "https://registry.npmjs.org/dom-lib/-/dom-lib-3.3.2.tgz"
    integrity sha512-ux0wcf6lggOCcJ6O3Q3mewbCOM/CL9f6+NXmxaWsF0/AKCvFNbfdmmqNnMG7cMVupCr9VeFEYWspSAD9WT/6gA==
    dependencies:
      "@babel/runtime" "^7.20.0"
  
  dot-prop@^4.2.1:
    version "4.2.1"
    resolved "https://registry.yarnpkg.com/dot-prop/-/dot-prop-4.2.1.tgz#45884194a71fc2cda71cbb4bceb3a4dd2f433ba4"
    integrity sha512-l0p4+mIuJIua0mhxGoh4a+iNL9bmeK5DvnSVQa6T0OhrVmaEa1XScX5Etc673FePCJOArq/4Pa2cLGODUWTPOQ==
    dependencies:
      is-obj "^1.0.0"
  
  dotenv@^5.0.1:
    version "5.0.1"
    resolved "https://registry.npmjs.org/dotenv/-/dotenv-5.0.1.tgz"
    integrity sha512-4As8uPrjfwb7VXC+WnLCbXK7y+Ueb2B3zgNCePYfhxS1PYeaO1YTeplffTEcbfLhvFNGLAz90VvJs9yomG7bow==
  
  duplexer3@^0.1.4:
    version "0.1.5"
    resolved "https://registry.yarnpkg.com/duplexer3/-/duplexer3-0.1.5.tgz#0b5e4d7bad5de8901ea4440624c8e1d20099217e"
    integrity sha512-1A8za6ws41LQgv9HrE/66jyC5yuSjQ3L/KOpFtoBilsAK2iA2wuS5rTt1OCzIvtS2V7nVmedsUU+DGRcjBmOYA==
  
  duplexify@^3.4.2, duplexify@^3.6.0:
    version "3.7.1"
    resolved "https://registry.yarnpkg.com/duplexify/-/duplexify-3.7.1.tgz#2a4df5317f6ccfd91f86d6fd25d8d8a103b88309"
    integrity sha512-07z8uv2wMyS51kKhD1KsdXJg5WQ6t93RneqRxUHnskXVtlYYkLqM0gqStQZ3pj073g687jPCHrqNfCzawLYh5g==
    dependencies:
      end-of-stream "^1.0.0"
      inherits "^2.0.1"
      readable-stream "^2.0.0"
      stream-shift "^1.0.0"
  
  eastasianwidth@^0.2.0:
    version "0.2.0"
    resolved "https://registry.npmjs.org/eastasianwidth/-/eastasianwidth-0.2.0.tgz"
    integrity sha512-I88TYZWc9XiYHRQ4/3c5rjjfgkjhLyW2luGIheGERbNQ6OY7yTybanSpDXZa8y7VUP9YmDcYa+eyq4ca7iLqWA==
  
  ecc-jsbn@~0.1.1:
    version "0.1.2"
    resolved "https://registry.yarnpkg.com/ecc-jsbn/-/ecc-jsbn-0.1.2.tgz#3a83a904e54353287874c564b7549386849a98c9"
    integrity sha512-eh9O+hwRHNbG4BLTjEl3nw044CkGm5X6LoaCf7LPp7UU8Qrt47JYNi6nPX8xjW97TKGKm1ouctg0QSpZe9qrnw==
    dependencies:
      jsbn "~0.1.0"
      safer-buffer "^2.1.0"
  
  editor@~1.0.0:
    version "1.0.0"
    resolved "https://registry.yarnpkg.com/editor/-/editor-1.0.0.tgz#60c7f87bd62bcc6a894fa8ccd6afb7823a24f742"
    integrity sha512-SoRmbGStwNYHgKfjOrX2L0mUvp9bUVv0uPppZSOMAntEbcFtoC3MKF5b3T6HQPXKIV+QGY3xPO3JK5it5lVkuw==
  
  emoji-regex@^8.0.0:
    version "8.0.0"
    resolved "https://registry.npmjs.org/emoji-regex/-/emoji-regex-8.0.0.tgz"
    integrity sha512-MSjYzcWNOA0ewAHpz0MxpYFvwg6yjy1NG3xteoqz644VCo/RPgnr1/GGt+ic3iJTzQ8Eu3TdM14SawnVUmGE6A==
  
  emoji-regex@^9.2.2:
    version "9.2.2"
    resolved "https://registry.npmjs.org/emoji-regex/-/emoji-regex-9.2.2.tgz"
    integrity sha512-L18DaJsXSUk2+42pv8mLs5jJT2hqFkFE4j21wOmgbUqsZ2hL72NsUU785g9RXgo3s0ZNgVl42TiHp3ZtOv/Vyg==
  
  encoding@^0.1.11:
    version "0.1.13"
    resolved "https://registry.yarnpkg.com/encoding/-/encoding-0.1.13.tgz#56574afdd791f54a8e9b2785c0582a2d26210fa9"
    integrity sha512-ETBauow1T35Y/WZMkio9jiM0Z5xjHHmJ4XmjZOq1l/dXz3lr2sRn87nJy20RupqSh1F2m3HHPSp8ShIPQJrJ3A==
    dependencies:
      iconv-lite "^0.6.2"
  
  end-of-stream@^1.0.0, end-of-stream@^1.1.0:
    version "1.4.4"
    resolved "https://registry.npmjs.org/end-of-stream/-/end-of-stream-1.4.4.tgz"
    integrity sha512-+uw1inIHVPQoaVuHzRyXd21icM+cnt4CzD5rW+NC1wjOUSTOs+Te7FOv7AhN7vS9x/oIyhLP5PR1H+phQAHu5Q==
    dependencies:
      once "^1.4.0"
  
  enhanced-resolve@^5.15.0:
    version "5.17.1"
    resolved "https://registry.npmjs.org/enhanced-resolve/-/enhanced-resolve-5.17.1.tgz"
    integrity sha512-LMHl3dXhTcfv8gM4kEzIUeTQ+7fpdA0l2tUf34BddXPkz2A5xJ5L/Pchd5BL6rdccM9QGvu0sWZzK1Z1t4wwyg==
    dependencies:
      graceful-fs "^4.2.4"
      tapable "^2.2.0"
  
  err-code@^1.0.0:
    version "1.1.2"
    resolved "https://registry.yarnpkg.com/err-code/-/err-code-1.1.2.tgz#06e0116d3028f6aef4806849eb0ea6a748ae6960"
    integrity sha512-CJAN+O0/yA1CKfRn9SXOGctSpEM7DCon/r/5r2eXFMY2zCCJBasFhcM5I+1kh3Ap11FsQCX+vGHceNPvpWKhoA==
  
  "errno@>=0.1.1 <0.2.0-0":
    version "0.1.8"
    resolved "https://registry.yarnpkg.com/errno/-/errno-0.1.8.tgz#8bb3e9c7d463be4976ff888f76b4809ebc2e811f"
    integrity sha512-dJ6oBr5SQ1VSd9qkk7ByRgb/1SH4JZjCHSW/mr63/QcXO9zLVxvJ6Oy13nio03rxpSnVDDjFor75SjVeZWPW/A==
    dependencies:
      prr "~1.0.1"
  
  es-abstract@^1.17.5, es-abstract@^1.22.1, es-abstract@^1.22.3, es-abstract@^1.23.0, es-abstract@^1.23.1, es-abstract@^1.23.2, es-abstract@^1.23.3:
    version "1.23.5"
    resolved "https://registry.npmjs.org/es-abstract/-/es-abstract-1.23.5.tgz"
    integrity sha512-vlmniQ0WNPwXqA0BnmwV3Ng7HxiGlh6r5U6JcTMNx8OilcAGqVJBHJcPjqOMaczU9fRuRK5Px2BdVyPRnKMMVQ==
    dependencies:
      array-buffer-byte-length "^1.0.1"
      arraybuffer.prototype.slice "^1.0.3"
      available-typed-arrays "^1.0.7"
      call-bind "^1.0.7"
      data-view-buffer "^1.0.1"
      data-view-byte-length "^1.0.1"
      data-view-byte-offset "^1.0.0"
      es-define-property "^1.0.0"
      es-errors "^1.3.0"
      es-object-atoms "^1.0.0"
      es-set-tostringtag "^2.0.3"
      es-to-primitive "^1.2.1"
      function.prototype.name "^1.1.6"
      get-intrinsic "^1.2.4"
      get-symbol-description "^1.0.2"
      globalthis "^1.0.4"
      gopd "^1.0.1"
      has-property-descriptors "^1.0.2"
      has-proto "^1.0.3"
      has-symbols "^1.0.3"
      hasown "^2.0.2"
      internal-slot "^1.0.7"
      is-array-buffer "^3.0.4"
      is-callable "^1.2.7"
      is-data-view "^1.0.1"
      is-negative-zero "^2.0.3"
      is-regex "^1.1.4"
      is-shared-array-buffer "^1.0.3"
      is-string "^1.0.7"
      is-typed-array "^1.1.13"
      is-weakref "^1.0.2"
      object-inspect "^1.13.3"
      object-keys "^1.1.1"
      object.assign "^4.1.5"
      regexp.prototype.flags "^1.5.3"
      safe-array-concat "^1.1.2"
      safe-regex-test "^1.0.3"
      string.prototype.trim "^1.2.9"
      string.prototype.trimend "^1.0.8"
      string.prototype.trimstart "^1.0.8"
      typed-array-buffer "^1.0.2"
      typed-array-byte-length "^1.0.1"
      typed-array-byte-offset "^1.0.2"
      typed-array-length "^1.0.6"
      unbox-primitive "^1.0.2"
      which-typed-array "^1.1.15"
  
  es-define-property@^1.0.0:
    version "1.0.0"
    resolved "https://registry.npmjs.org/es-define-property/-/es-define-property-1.0.0.tgz"
    integrity sha512-jxayLKShrEqqzJ0eumQbVhTYQM27CfT1T35+gCgDFoL82JLsXqTJ76zv6A0YLOgEnLUMvLzsDsGIrl8NFpT2gQ==
    dependencies:
      get-intrinsic "^1.2.4"
  
  es-errors@^1.2.1, es-errors@^1.3.0:
    version "1.3.0"
    resolved "https://registry.npmjs.org/es-errors/-/es-errors-1.3.0.tgz"
    integrity sha512-Zf5H2Kxt2xjTvbJvP2ZWLEICxA6j+hAmMzIlypy4xcBg1vKVnx89Wy0GbS+kf5cwCVFFzdCFh2XSCFNULS6csw==
  
  es-iterator-helpers@^1.1.0:
    version "1.2.0"
    resolved "https://registry.npmjs.org/es-iterator-helpers/-/es-iterator-helpers-1.2.0.tgz"
    integrity sha512-tpxqxncxnpw3c93u8n3VOzACmRFoVmWJqbWXvX/JfKbkhBw1oslgPrUfeSt2psuqyEJFD6N/9lg5i7bsKpoq+Q==
    dependencies:
      call-bind "^1.0.7"
      define-properties "^1.2.1"
      es-abstract "^1.23.3"
      es-errors "^1.3.0"
      es-set-tostringtag "^2.0.3"
      function-bind "^1.1.2"
      get-intrinsic "^1.2.4"
      globalthis "^1.0.4"
      gopd "^1.0.1"
      has-property-descriptors "^1.0.2"
      has-proto "^1.0.3"
      has-symbols "^1.0.3"
      internal-slot "^1.0.7"
      iterator.prototype "^1.1.3"
      safe-array-concat "^1.1.2"
  
  es-object-atoms@^1.0.0:
    version "1.0.0"
    resolved "https://registry.npmjs.org/es-object-atoms/-/es-object-atoms-1.0.0.tgz"
    integrity sha512-MZ4iQ6JwHOBQjahnjwaC1ZtIBH+2ohjamzAO3oaHcXYup7qxjF2fixyH+Q71voWHeOkI2q/TnJao/KfXYIZWbw==
    dependencies:
      es-errors "^1.3.0"
  
  es-set-tostringtag@^2.0.3:
    version "2.0.3"
    resolved "https://registry.npmjs.org/es-set-tostringtag/-/es-set-tostringtag-2.0.3.tgz"
    integrity sha512-3T8uNMC3OQTHkFUsFq8r/BwAXLHvU/9O9mE0fBc/MY5iq/8H7ncvO947LmYA6ldWw9Uh8Yhf25zu6n7nML5QWQ==
    dependencies:
      get-intrinsic "^1.2.4"
      has-tostringtag "^1.0.2"
      hasown "^2.0.1"
  
  es-shim-unscopables@^1.0.0, es-shim-unscopables@^1.0.2:
    version "1.0.2"
    resolved "https://registry.npmjs.org/es-shim-unscopables/-/es-shim-unscopables-1.0.2.tgz"
    integrity sha512-J3yBRXCzDu4ULnQwxyToo/OjdMx6akgVC7K6few0a7F/0wLtmKKN7I73AH5T2836UuXRqN7Qg+IIUw/+YJksRw==
    dependencies:
      hasown "^2.0.0"
  
  es-to-primitive@^1.2.1:
    version "1.2.1"
    resolved "https://registry.npmjs.org/es-to-primitive/-/es-to-primitive-1.2.1.tgz"
    integrity sha512-QCOllgZJtaUo9miYBcLChTUaHNjJF3PYs1VidD7AwiEj1kYxKeQTctLAezAOH5ZKRH0g2IgPn6KwB4IT8iRpvA==
    dependencies:
      is-callable "^1.1.4"
      is-date-object "^1.0.1"
      is-symbol "^1.0.2"
  
  es6-promise@^4.0.3:
    version "4.2.8"
    resolved "https://registry.yarnpkg.com/es6-promise/-/es6-promise-4.2.8.tgz#4eb21594c972bc40553d276e510539143db53e0a"
    integrity sha512-HJDGx5daxeIvxdBxvG2cb9g4tEvwIk3i8+nhX0yGrYmZUzbkdg8QbDevheDB8gd0//uPj4c1EQua8Q+MViT0/w==
  
  es6-promisify@^5.0.0:
    version "5.0.0"
    resolved "https://registry.yarnpkg.com/es6-promisify/-/es6-promisify-5.0.0.tgz#5109d62f3e56ea967c4b63505aef08291c8a5203"
    integrity sha512-C+d6UdsYDk0lMebHNR4S2NybQMMngAOnOwYBQjTOiv0MkoJMP0Myw2mgpDLBcpfCmRLxyFqYhS/CfOENq4SJhQ==
    dependencies:
      es6-promise "^4.0.3"
  
  escape-string-regexp@^1.0.2, escape-string-regexp@^1.0.5:
    version "1.0.5"
    resolved "https://registry.npmjs.org/escape-string-regexp/-/escape-string-regexp-1.0.5.tgz"
    integrity sha512-vbRorB5FUQWvla16U8R/qgaFIya2qGzwDrNmCZuYKrbdSUMG6I1ZCGQRefkRVhuOkIGVne7BQ35DSfo1qvJqFg==
  
  escape-string-regexp@^4.0.0:
    version "4.0.0"
    resolved "https://registry.npmjs.org/escape-string-regexp/-/escape-string-regexp-4.0.0.tgz"
    integrity sha512-TtpcNJ3XAzx3Gq8sWRzJaVajRs0uVxA2YAkdb1jm2YkPz4G6egUFAyA3n5vtEIZefPk5Wa4UXbKuS5fKkJWdgA==
  
  eslint-config-next@14.2.3:
    version "14.2.3"
    resolved "https://registry.npmjs.org/eslint-config-next/-/eslint-config-next-14.2.3.tgz"
    integrity sha512-ZkNztm3Q7hjqvB1rRlOX8P9E/cXRL9ajRcs8jufEtwMfTVYRqnmtnaSu57QqHyBlovMuiB8LEzfLBkh5RYV6Fg==
    dependencies:
      "@next/eslint-plugin-next" "14.2.3"
      "@rushstack/eslint-patch" "^1.3.3"
      "@typescript-eslint/parser" "^5.4.2 || ^6.0.0 || 7.0.0 - 7.2.0"
      eslint-import-resolver-node "^0.3.6"
      eslint-import-resolver-typescript "^3.5.2"
      eslint-plugin-import "^2.28.1"
      eslint-plugin-jsx-a11y "^6.7.1"
      eslint-plugin-react "^7.33.2"
      eslint-plugin-react-hooks "^4.5.0 || 5.0.0-canary-7118f5dd7-20230705"
  
  eslint-import-resolver-node@^0.3.6, eslint-import-resolver-node@^0.3.9:
    version "0.3.9"
    resolved "https://registry.npmjs.org/eslint-import-resolver-node/-/eslint-import-resolver-node-0.3.9.tgz"
    integrity sha512-WFj2isz22JahUv+B788TlO3N6zL3nNJGU8CcZbPZvVEkBPaJdCV4vy5wyghty5ROFbCRnm132v8BScu5/1BQ8g==
    dependencies:
      debug "^3.2.7"
      is-core-module "^2.13.0"
      resolve "^1.22.4"
  
  eslint-import-resolver-typescript@^3.5.2:
    version "3.6.3"
    resolved "https://registry.npmjs.org/eslint-import-resolver-typescript/-/eslint-import-resolver-typescript-3.6.3.tgz"
    integrity sha512-ud9aw4szY9cCT1EWWdGv1L1XR6hh2PaRWif0j2QjQ0pgTY/69iw+W0Z4qZv5wHahOl8isEr+k/JnyAqNQkLkIA==
    dependencies:
      "@nolyfill/is-core-module" "1.0.39"
      debug "^4.3.5"
      enhanced-resolve "^5.15.0"
      eslint-module-utils "^2.8.1"
      fast-glob "^3.3.2"
      get-tsconfig "^4.7.5"
      is-bun-module "^1.0.2"
      is-glob "^4.0.3"
  
  eslint-module-utils@^2.12.0, eslint-module-utils@^2.8.1:
    version "2.12.0"
    resolved "https://registry.npmjs.org/eslint-module-utils/-/eslint-module-utils-2.12.0.tgz"
    integrity sha512-wALZ0HFoytlyh/1+4wuZ9FJCD/leWHQzzrxJ8+rebyReSLk7LApMyd3WJaLVoN+D5+WIdJyDK1c6JnE65V4Zyg==
    dependencies:
      debug "^3.2.7"
  
  eslint-plugin-import@^2.28.1:
    version "2.31.0"
    resolved "https://registry.npmjs.org/eslint-plugin-import/-/eslint-plugin-import-2.31.0.tgz"
    integrity sha512-ixmkI62Rbc2/w8Vfxyh1jQRTdRTF52VxwRVHl/ykPAmqG+Nb7/kNn+byLP0LxPgI7zWA16Jt82SybJInmMia3A==
    dependencies:
      "@rtsao/scc" "^1.1.0"
      array-includes "^3.1.8"
      array.prototype.findlastindex "^1.2.5"
      array.prototype.flat "^1.3.2"
      array.prototype.flatmap "^1.3.2"
      debug "^3.2.7"
      doctrine "^2.1.0"
      eslint-import-resolver-node "^0.3.9"
      eslint-module-utils "^2.12.0"
      hasown "^2.0.2"
      is-core-module "^2.15.1"
      is-glob "^4.0.3"
      minimatch "^3.1.2"
      object.fromentries "^2.0.8"
      object.groupby "^1.0.3"
      object.values "^1.2.0"
      semver "^6.3.1"
      string.prototype.trimend "^1.0.8"
      tsconfig-paths "^3.15.0"
  
  eslint-plugin-jsx-a11y@^6.7.1:
    version "6.10.2"
    resolved "https://registry.npmjs.org/eslint-plugin-jsx-a11y/-/eslint-plugin-jsx-a11y-6.10.2.tgz"
    integrity sha512-scB3nz4WmG75pV8+3eRUQOHZlNSUhFNq37xnpgRkCCELU3XMvXAxLk1eqWWyE22Ki4Q01Fnsw9BA3cJHDPgn2Q==
    dependencies:
      aria-query "^5.3.2"
      array-includes "^3.1.8"
      array.prototype.flatmap "^1.3.2"
      ast-types-flow "^0.0.8"
      axe-core "^4.10.0"
      axobject-query "^4.1.0"
      damerau-levenshtein "^1.0.8"
      emoji-regex "^9.2.2"
      hasown "^2.0.2"
      jsx-ast-utils "^3.3.5"
      language-tags "^1.0.9"
      minimatch "^3.1.2"
      object.fromentries "^2.0.8"
      safe-regex-test "^1.0.3"
      string.prototype.includes "^2.0.1"
  
  "eslint-plugin-react-hooks@^4.5.0 || 5.0.0-canary-7118f5dd7-20230705":
    version "5.0.0-canary-7118f5dd7-20230705"
    resolved "https://registry.npmjs.org/eslint-plugin-react-hooks/-/eslint-plugin-react-hooks-5.0.0-canary-7118f5dd7-20230705.tgz"
    integrity sha512-AZYbMo/NW9chdL7vk6HQzQhT+PvTAEVqWk9ziruUoW2kAOcN5qNyelv70e0F1VNQAbvutOC9oc+xfWycI9FxDw==
  
  eslint-plugin-react@^7.33.2:
    version "7.37.2"
    resolved "https://registry.npmjs.org/eslint-plugin-react/-/eslint-plugin-react-7.37.2.tgz"
    integrity sha512-EsTAnj9fLVr/GZleBLFbj/sSuXeWmp1eXIN60ceYnZveqEaUCyW4X+Vh4WTdUhCkW4xutXYqTXCUSyqD4rB75w==
    dependencies:
      array-includes "^3.1.8"
      array.prototype.findlast "^1.2.5"
      array.prototype.flatmap "^1.3.2"
      array.prototype.tosorted "^1.1.4"
      doctrine "^2.1.0"
      es-iterator-helpers "^1.1.0"
      estraverse "^5.3.0"
      hasown "^2.0.2"
      jsx-ast-utils "^2.4.1 || ^3.0.0"
      minimatch "^3.1.2"
      object.entries "^1.1.8"
      object.fromentries "^2.0.8"
      object.values "^1.2.0"
      prop-types "^15.8.1"
      resolve "^2.0.0-next.5"
      semver "^6.3.1"
      string.prototype.matchall "^4.0.11"
      string.prototype.repeat "^1.0.0"
  
  eslint-scope@^7.2.2:
    version "7.2.2"
    resolved "https://registry.npmjs.org/eslint-scope/-/eslint-scope-7.2.2.tgz"
    integrity sha512-dOt21O7lTMhDM+X9mB4GX+DZrZtCUJPL/wlcTqxyrx5IvO0IYtILdtrQGQp+8n5S0gwSVmOf9NQrjMOgfQZlIg==
    dependencies:
      esrecurse "^4.3.0"
      estraverse "^5.2.0"
  
  eslint-visitor-keys@^3.4.1, eslint-visitor-keys@^3.4.3:
    version "3.4.3"
    resolved "https://registry.npmjs.org/eslint-visitor-keys/-/eslint-visitor-keys-3.4.3.tgz"
    integrity sha512-wpc+LXeiyiisxPlEkUzU6svyS1frIO3Mgxj1fdy7Pm8Ygzguax2N3Fa/D/ag1WqbOprdI+uY6wMUl8/a2G+iag==
  
  eslint@^8:
    version "8.57.1"
    resolved "https://registry.npmjs.org/eslint/-/eslint-8.57.1.tgz"
    integrity sha512-ypowyDxpVSYpkXr9WPv2PAZCtNip1Mv5KTW0SCurXv/9iOpcrH9PaqUElksqEB6pChqHGDRCFTyrZlGhnLNGiA==
    dependencies:
      "@eslint-community/eslint-utils" "^4.2.0"
      "@eslint-community/regexpp" "^4.6.1"
      "@eslint/eslintrc" "^2.1.4"
      "@eslint/js" "8.57.1"
      "@humanwhocodes/config-array" "^0.13.0"
      "@humanwhocodes/module-importer" "^1.0.1"
      "@nodelib/fs.walk" "^1.2.8"
      "@ungap/structured-clone" "^1.2.0"
      ajv "^6.12.4"
      chalk "^4.0.0"
      cross-spawn "^7.0.2"
      debug "^4.3.2"
      doctrine "^3.0.0"
      escape-string-regexp "^4.0.0"
      eslint-scope "^7.2.2"
      eslint-visitor-keys "^3.4.3"
      espree "^9.6.1"
      esquery "^1.4.2"
      esutils "^2.0.2"
      fast-deep-equal "^3.1.3"
      file-entry-cache "^6.0.1"
      find-up "^5.0.0"
      glob-parent "^6.0.2"
      globals "^13.19.0"
      graphemer "^1.4.0"
      ignore "^5.2.0"
      imurmurhash "^0.1.4"
      is-glob "^4.0.0"
      is-path-inside "^3.0.3"
      js-yaml "^4.1.0"
      json-stable-stringify-without-jsonify "^1.0.1"
      levn "^0.4.1"
      lodash.merge "^4.6.2"
      minimatch "^3.1.2"
      natural-compare "^1.4.0"
      optionator "^0.9.3"
      strip-ansi "^6.0.1"
      text-table "^0.2.0"
  
  espree@^9.6.0, espree@^9.6.1:
    version "9.6.1"
    resolved "https://registry.npmjs.org/espree/-/espree-9.6.1.tgz"
    integrity sha512-oruZaFkjorTpF32kDSI5/75ViwGeZginGGy2NoOSg3Q9bnwlnmDm4HLnkl0RE3n+njDXR037aY1+x58Z/zFdwQ==
    dependencies:
      acorn "^8.9.0"
      acorn-jsx "^5.3.2"
      eslint-visitor-keys "^3.4.1"
  
  esquery@^1.4.2:
    version "1.6.0"
    resolved "https://registry.npmjs.org/esquery/-/esquery-1.6.0.tgz"
    integrity sha512-ca9pw9fomFcKPvFLXhBKUK90ZvGibiGOvRJNbjljY7s7uq/5YO4BOzcYtJqExdx99rF6aAcnRxHmcUHcz6sQsg==
    dependencies:
      estraverse "^5.1.0"
  
  esrecurse@^4.3.0:
    version "4.3.0"
    resolved "https://registry.npmjs.org/esrecurse/-/esrecurse-4.3.0.tgz"
    integrity sha512-KmfKL3b6G+RXvP8N1vr3Tq1kL/oCFgn2NYXEtqP8/L3pKapUA4G8cFVaoF3SU323CD4XypR/ffioHmkti6/Tag==
    dependencies:
      estraverse "^5.2.0"
  
  estraverse@^5.1.0, estraverse@^5.2.0, estraverse@^5.3.0:
    version "5.3.0"
    resolved "https://registry.npmjs.org/estraverse/-/estraverse-5.3.0.tgz"
    integrity sha512-MMdARuVEQziNTeJD8DgMqmhwR11BRQ/cBP+pLtYdSTnf3MIO8fFeiINEbX36ZdNlfU/7A9f3gUw49B3oQsvwBA==
  
  esutils@^2.0.2:
    version "2.0.3"
    resolved "https://registry.npmjs.org/esutils/-/esutils-2.0.3.tgz"
    integrity sha512-kVscqXk4OCp68SZ0dkgEKVi6/8ij300KBWTJq32P/dYeWTSwK41WyTxalN1eRmA5Z9UU/LX9D7FWSmV9SAYx6g==
  
  execa@^0.7.0:
    version "0.7.0"
    resolved "https://registry.npmjs.org/execa/-/execa-0.7.0.tgz"
    integrity sha512-RztN09XglpYI7aBBrJCPW95jEH7YF1UEPOoX9yDhUTPdp7mK+CQvnLTuD10BNXZ3byLTu2uehZ8EcKT/4CGiFw==
    dependencies:
      cross-spawn "^5.0.1"
      get-stream "^3.0.0"
      is-stream "^1.1.0"
      npm-run-path "^2.0.0"
      p-finally "^1.0.0"
      signal-exit "^3.0.0"
      strip-eof "^1.0.0"
  
  execa@^1.0.0:
    version "1.0.0"
    resolved "https://registry.yarnpkg.com/execa/-/execa-1.0.0.tgz#c6236a5bb4df6d6f15e88e7f017798216749ddd8"
    integrity sha512-adbxcyWV46qiHyvSp50TKt05tB4tK3HcmF7/nxfAdhnox83seTDbwnaqKO4sXRy7roHAIFqJP/Rw/AuEbX61LA==
    dependencies:
      cross-spawn "^6.0.0"
      get-stream "^4.0.0"
      is-stream "^1.1.0"
      npm-run-path "^2.0.0"
      p-finally "^1.0.0"
      signal-exit "^3.0.0"
      strip-eof "^1.0.0"
  
  extend@~3.0.0, extend@~3.0.2:
    version "3.0.2"
    resolved "https://registry.yarnpkg.com/extend/-/extend-3.0.2.tgz#f8b1136b4071fbd8eb140aff858b1019ec2915fa"
    integrity sha512-fjquC59cD7CyW6urNXK0FBufkZcoiGG80wTuPujX590cB5Ttln20E2UB4S/WARVqhXffZl2LNgS+gQdPIIim/g==
  
  extsprintf@1.3.0:
    version "1.3.0"
    resolved "https://registry.yarnpkg.com/extsprintf/-/extsprintf-1.3.0.tgz#96918440e3041a7a414f8c52e3c574eb3c3e1e05"
    integrity sha512-11Ndz7Nv+mvAC1j0ktTa7fAb0vLyGGX+rMHNBYQviQDGU0Hw7lhctJANqbPhu9nV9/izT/IntTgZ7Im/9LJs9g==
  
  extsprintf@^1.2.0:
    version "1.4.1"
    resolved "https://registry.yarnpkg.com/extsprintf/-/extsprintf-1.4.1.tgz#8d172c064867f235c0c84a596806d279bf4bcc07"
    integrity sha512-Wrk35e8ydCKDj/ArClo1VrPVmN8zph5V4AtHwIuHhvMXsKf73UT3BOD+azBIW+3wOJ4FhEH7zyaJCFvChjYvMA==
  
  fast-deep-equal@^3.1.1, fast-deep-equal@^3.1.3:
    version "3.1.3"
    resolved "https://registry.npmjs.org/fast-deep-equal/-/fast-deep-equal-3.1.3.tgz"
    integrity sha512-f3qQ9oQy9j2AhBe/H9VC91wLmKBCCU/gDOnKNAYG5hswO7BLKj09Hc5HYNz9cGI++xlpDCIgDaitVs03ATR84Q==
  
  fast-glob@^3.2.9, fast-glob@^3.3.2:
    version "3.3.2"
    resolved "https://registry.npmjs.org/fast-glob/-/fast-glob-3.3.2.tgz"
    integrity sha512-oX2ruAFQwf/Orj8m737Y5adxDQO0LAB7/S5MnxCdTNDd4p6BsyIVsv9JQsATbTSq8KHRpLwIHbVlUNatxd+1Ow==
    dependencies:
      "@nodelib/fs.stat" "^2.0.2"
      "@nodelib/fs.walk" "^1.2.3"
      glob-parent "^5.1.2"
      merge2 "^1.3.0"
      micromatch "^4.0.4"
  
  fast-json-stable-stringify@^2.0.0:
    version "2.1.0"
    resolved "https://registry.npmjs.org/fast-json-stable-stringify/-/fast-json-stable-stringify-2.1.0.tgz"
    integrity sha512-lhd/wF+Lk98HZoTCtlVraHtfh5XYijIjalXck7saUtuanSDyLMxnHhSXEDJqHxD7msR8D0uCmqlkwjCV8xvwHw==
  
  fast-levenshtein@^2.0.6:
    version "2.0.6"
    resolved "https://registry.npmjs.org/fast-levenshtein/-/fast-levenshtein-2.0.6.tgz"
    integrity sha512-DCXu6Ifhqcks7TZKY3Hxp3y6qphY5SJZmrWMDrKcERSOXWQdMhU9Ig/PYrzyw/ul9jOIyh0N4M0tbC5hodg8dw==
  
  fastq@^1.6.0:
    version "1.17.1"
    resolved "https://registry.npmjs.org/fastq/-/fastq-1.17.1.tgz"
    integrity sha512-sRVD3lWVIXWg6By68ZN7vho9a1pQcN/WBFaAAsDDFzlJjvoGx0P8z7V1t72grFJfJhu3YPZBuu25f7Kaw2jN1w==
    dependencies:
      reusify "^1.0.4"
  
  file-entry-cache@^6.0.1:
    version "6.0.1"
    resolved "https://registry.npmjs.org/file-entry-cache/-/file-entry-cache-6.0.1.tgz"
    integrity sha512-7Gps/XWymbLk2QLYK4NzpMOrYjMhdIxXuIvy2QBsLE6ljuodKvdkWs/cpyJJ3CVIVpH0Oi1Hvg1ovbMzLdFBBg==
    dependencies:
      flat-cache "^3.0.4"
  
  fill-range@^7.1.1:
    version "7.1.1"
    resolved "https://registry.npmjs.org/fill-range/-/fill-range-7.1.1.tgz"
    integrity sha512-YsGpe3WHLK8ZYi4tWDg2Jy3ebRz2rXowDxnld4bkQB00cc/1Zw9AWnC0i9ztDJitivtQvaI9KaLyKrc+hBW0yg==
    dependencies:
      to-regex-range "^5.0.1"
  
  find-up@^2.1.0:
    version "2.1.0"
    resolved "https://registry.npmjs.org/find-up/-/find-up-2.1.0.tgz"
    integrity sha512-NWzkk0jSJtTt08+FBFMvXoeZnOJD+jTtsRmBYbAIzJdX6l7dLgR7CTubCM5/eDdPUBvLCeVasP1brfVR/9/EZQ==
    dependencies:
      locate-path "^2.0.0"
  
  find-up@^5.0.0:
    version "5.0.0"
    resolved "https://registry.npmjs.org/find-up/-/find-up-5.0.0.tgz"
    integrity sha512-78/PXT1wlLLDgTzDs7sjq9hzz0vXD+zn+7wypEe4fXQxCmdmqfGsEPQxmiCSQI3ajFV91bVSsvNtrJRiW6nGng==
    dependencies:
      locate-path "^6.0.0"
      path-exists "^4.0.0"
  
  flat-cache@^3.0.4:
    version "3.2.0"
    resolved "https://registry.npmjs.org/flat-cache/-/flat-cache-3.2.0.tgz"
    integrity sha512-CYcENa+FtcUKLmhhqyctpclsq7QF38pKjZHsGNiSQF5r4FtoKDWabFDl3hzaEQMvT1LHEysw5twgLvpYYb4vbw==
    dependencies:
      flatted "^3.2.9"
      keyv "^4.5.3"
      rimraf "^3.0.2"
  
  flatted@^3.2.9:
    version "3.3.1"
    resolved "https://registry.npmjs.org/flatted/-/flatted-3.3.1.tgz"
    integrity sha512-X8cqMLLie7KsNUDSdzeN8FYK9rEt4Dt67OsG/DNGnYTSDBG4uFAJFBnUeiV+zCVAvwFy56IjM9sH51jVaEhNxw==
  
  flush-write-stream@^1.0.0:
    version "1.1.1"
    resolved "https://registry.yarnpkg.com/flush-write-stream/-/flush-write-stream-1.1.1.tgz#8dd7d873a1babc207d94ead0c2e0e44276ebf2e8"
    integrity sha512-3Z4XhFZ3992uIq0XOqb9AreonueSYphE6oYbpt5+3u06JWklbsPkNv3ZKkP9Bz/r+1MWCaMoSQ28P85+1Yc77w==
    dependencies:
      inherits "^2.0.3"
      readable-stream "^2.3.6"
  
  for-each@^0.3.3:
    version "0.3.3"
    resolved "https://registry.npmjs.org/for-each/-/for-each-0.3.3.tgz"
    integrity sha512-jqYfLp7mo9vIyQf8ykW2v7A+2N4QjeCeI5+Dz9XraiO1ign81wjiH7Fb9vSOWvQfNtmSa4H2RoQTrrXivdUZmw==
    dependencies:
      is-callable "^1.1.3"
  
  foreground-child@^3.1.0:
    version "3.3.0"
    resolved "https://registry.npmjs.org/foreground-child/-/foreground-child-3.3.0.tgz"
    integrity sha512-Ld2g8rrAyMYFXBhEqMz8ZAHBi4J4uS1i/CxGMDnjyFWddMXLVcDp051DZfu+t7+ab7Wv6SMqpWmyFIj5UbfFvg==
    dependencies:
      cross-spawn "^7.0.0"
      signal-exit "^4.0.1"
  
  forever-agent@~0.6.1:
    version "0.6.1"
    resolved "https://registry.yarnpkg.com/forever-agent/-/forever-agent-0.6.1.tgz#fbc71f0c41adeb37f96c577ad1ed42d8fdacca91"
    integrity sha512-j0KLYPhm6zeac4lz3oJ3o65qvgQCcPubiyotZrXqEaG4hNagNYO8qdlUrX5vwqv9ohqeT/Z3j6+yW067yWWdUw==
  
  form-data@~2.1.1:
    version "2.1.4"
    resolved "https://registry.yarnpkg.com/form-data/-/form-data-2.1.4.tgz#33c183acf193276ecaa98143a69e94bfee1750d1"
    integrity sha512-8HWGSLAPr+AG0hBpsqi5Ob8HrLStN/LWeqhpFl14d7FJgHK48TmgLoALPz69XSUR65YJzDfLUX/BM8+MLJLghQ==
    dependencies:
      asynckit "^0.4.0"
      combined-stream "^1.0.5"
      mime-types "^2.1.12"
  
  form-data@~2.3.2:
    version "2.3.3"
    resolved "https://registry.yarnpkg.com/form-data/-/form-data-2.3.3.tgz#dcce52c05f644f298c6a7ab936bd724ceffbf3a6"
    integrity sha512-1lLKB2Mu3aGP1Q/2eCOx0fNbRMe7XdwktwOruhfqqd0rIJWwN4Dh+E3hrPSlDCXnSR7UtZ1N38rVXm+6+MEhJQ==
    dependencies:
      asynckit "^0.4.0"
      combined-stream "^1.0.6"
      mime-types "^2.1.12"
  
  from2@^1.3.0:
    version "1.3.0"
    resolved "https://registry.yarnpkg.com/from2/-/from2-1.3.0.tgz#88413baaa5f9a597cfde9221d86986cd3c061dfd"
    integrity sha512-1eKYoECvhpM4IT70THQV8XNfmZoIlnROymbwOSazfmQO3kK+zCV+LSqUDzl7gDo3MZddCFeVa9Zg3Hi6FXqcgg==
    dependencies:
      inherits "~2.0.1"
      readable-stream "~1.1.10"
  
  from2@^2.1.0:
    version "2.3.0"
    resolved "https://registry.yarnpkg.com/from2/-/from2-2.3.0.tgz#8bfb5502bde4a4d36cfdeea007fcca21d7e382af"
    integrity sha512-OMcX/4IC/uqEPVgGeyfN22LJk6AZrMkRZHxcHBMBvHScDGgwTm2GT2Wkgtocyd3JfZffjj2kYUDXXII0Fk9W0g==
    dependencies:
      inherits "^2.0.1"
      readable-stream "^2.0.0"
  
  fs-constants@^1.0.0:
    version "1.0.0"
    resolved "https://registry.yarnpkg.com/fs-constants/-/fs-constants-1.0.0.tgz#6be0de9be998ce16af8afc24497b9ee9b7ccd9ad"
    integrity sha512-y6OAwoSIf7FyjMIv94u+b5rdheZEjzR63GTyZJm5qh4Bi+2YgwLCcI/fPFZkL5PSixOt6ZNKm+w+Hfp/Bciwow==
  
  fs-vacuum@~1.2.10:
    version "1.2.10"
    resolved "https://registry.yarnpkg.com/fs-vacuum/-/fs-vacuum-1.2.10.tgz#b7629bec07a4031a2548fdf99f5ecf1cc8b31e36"
    integrity sha512-bwbv1FcWYwxN1F08I1THN8nS4Qe/pGq0gM8dy1J34vpxxp3qgZKJPPaqex36RyZO0sD2J+2ocnbwC2d/OjYICQ==
    dependencies:
      graceful-fs "^4.1.2"
      path-is-inside "^1.0.1"
      rimraf "^2.5.2"
  
  fs-write-stream-atomic@^1.0.8, fs-write-stream-atomic@~1.0.10:
    version "1.0.10"
    resolved "https://registry.npmjs.org/fs-write-stream-atomic/-/fs-write-stream-atomic-1.0.10.tgz"
    integrity sha512-gehEzmPn2nAwr39eay+x3X34Ra+M2QlVUTLhkXPjWdeO8RF9kszk116avgBJM3ZyNHgHXBNx+VmPaFC36k0PzA==
    dependencies:
      graceful-fs "^4.1.2"
      iferr "^0.1.5"
      imurmurhash "^0.1.4"
      readable-stream "1 || 2"
  
  fs.realpath@^1.0.0:
    version "1.0.0"
    resolved "https://registry.npmjs.org/fs.realpath/-/fs.realpath-1.0.0.tgz"
    integrity sha512-OO0pH2lK6a0hZnAdau5ItzHPI6pUlvI7jMVnxUQRtw4owF2wk8lOSabtGDCTP4Ggrg2MbGnWO9X8K1t4+fGMDw==
  
  fsevents@~2.3.2:
    version "2.3.3"
    resolved "https://registry.yarnpkg.com/fsevents/-/fsevents-2.3.3.tgz#cac6407785d03675a2a5e1a5305c697b347d90d6"
    integrity sha512-5xoDfX+fL7faATnagmWPpbFtwh/R77WmMMqqHGS65C3vvB0YHrgF+B1YmZ3441tMj5n63k0212XNoJwzlhffQw==
  
  fstream-ignore@^1.0.0:
    version "1.0.5"
    resolved "https://registry.yarnpkg.com/fstream-ignore/-/fstream-ignore-1.0.5.tgz#9c31dae34767018fe1d249b24dada67d092da105"
    integrity sha512-VVRuOs41VUqptEGiR0N5ZoWEcfGvbGRqLINyZAhHRnF3DH5wrqjNkYr3VbRoZnI41BZgO7zIVdiobc13TVI1ow==
    dependencies:
      fstream "^1.0.0"
      inherits "2"
      minimatch "^3.0.0"
  
  fstream-npm@~1.2.1:
    version "1.2.1"
    resolved "https://registry.yarnpkg.com/fstream-npm/-/fstream-npm-1.2.1.tgz#08c4a452f789dcbac4c89a4563c902b2c862fd5b"
    integrity sha512-iBHpm/LmD1qw0TlHMAqVd9rwdU6M+EHRUnPkXpRi5G/Hf0FIFH+oZFryodAU2MFNfGRh/CzhUFlMKV3pdeOTDw==
    dependencies:
      fstream-ignore "^1.0.0"
      inherits "2"
  
  fstream@^1.0.0, fstream@^1.0.12, fstream@~1.0.11:
    version "1.0.12"
    resolved "https://registry.yarnpkg.com/fstream/-/fstream-1.0.12.tgz#4e8ba8ee2d48be4f7d0de505455548eae5932045"
    integrity sha512-WvJ193OHa0GHPEL+AycEJgxvBEwyfRkN1vhjca23OaPVMCaLCXTd5qAu82AjTcgP1UJmytkOKb63Ypde7raDIg==
    dependencies:
      graceful-fs "^4.1.2"
      inherits "~2.0.0"
      mkdirp ">=0.5 0"
      rimraf "2"
  
  function-bind@^1.1.2:
    version "1.1.2"
    resolved "https://registry.npmjs.org/function-bind/-/function-bind-1.1.2.tgz"
    integrity sha512-7XHNxH7qX9xG5mIwxkhumTox/MIRNcOgDrxWsMt2pAr23WHp6MrRlN7FBSFpCpr+oVO0F744iUgR82nJMfG2SA==
  
  function.prototype.name@^1.1.6:
    version "1.1.6"
    resolved "https://registry.npmjs.org/function.prototype.name/-/function.prototype.name-1.1.6.tgz"
    integrity sha512-Z5kx79swU5P27WEayXM1tBi5Ze/lbIyiNgU3qyXUOf9b2rgXYyF9Dy9Cx+IQv/Lc8WCG6L82zwUPpSS9hGehIg==
    dependencies:
      call-bind "^1.0.2"
      define-properties "^1.2.0"
      es-abstract "^1.22.1"
      functions-have-names "^1.2.3"
  
  functions-have-names@^1.2.3:
    version "1.2.3"
    resolved "https://registry.npmjs.org/functions-have-names/-/functions-have-names-1.2.3.tgz"
    integrity sha512-xckBUXyTIqT97tq2x2AMb+g163b5JFysYk0x4qxNFwbfQkmNZoiRHb6sPzI9/QV33WeuvVYBUIiD4NzNIyqaRQ==
  
  gauge@~2.7.3:
    version "2.7.4"
    resolved "https://registry.yarnpkg.com/gauge/-/gauge-2.7.4.tgz#2c03405c7538c39d7eb37b317022e325fb018bf7"
    integrity sha512-14x4kjc6lkD3ltw589k0NrPD6cCNTD6CWoVUNpB85+DrtONoZn+Rug6xZU5RvSC4+TZPxA5AnBibQYAvZn41Hg==
    dependencies:
      aproba "^1.0.3"
      console-control-strings "^1.0.0"
      has-unicode "^2.0.0"
      object-assign "^4.1.0"
      signal-exit "^3.0.0"
      string-width "^1.0.1"
      strip-ansi "^3.0.1"
      wide-align "^1.1.0"
  
  genfun@^4.0.1:
    version "4.0.1"
    resolved "https://registry.yarnpkg.com/genfun/-/genfun-4.0.1.tgz#ed10041f2e4a7f1b0a38466d17a5c3e27df1dfc1"
    integrity sha512-48yv1eDS5Qrz6cbSDBBik0u7jCgC/eA9eZrl9MIN1LfKzFTuGt6EHgr31YM8yT9cjb5BplXb4Iz3VtOYmgt8Jg==
  
  get-caller-file@^1.0.1:
    version "1.0.3"
    resolved "https://registry.npmjs.org/get-caller-file/-/get-caller-file-1.0.3.tgz"
    integrity sha512-3t6rVToeoZfYSGd8YoLFR2DJkiQrIiUrGcjvFX2mDw3bn6k2OtwHN0TNCLbBO+w8qTvimhDkv+LSscbJY1vE6w==
  
  get-intrinsic@^1.1.3, get-intrinsic@^1.2.1, get-intrinsic@^1.2.3, get-intrinsic@^1.2.4:
    version "1.2.4"
    resolved "https://registry.npmjs.org/get-intrinsic/-/get-intrinsic-1.2.4.tgz"
    integrity sha512-5uYhsJH8VJBTv7oslg4BznJYhDoRI6waYCxMmCdnTrcCrHA/fCFKoTFz2JKKE0HdDFUF7/oQuhzumXJK7paBRQ==
    dependencies:
      es-errors "^1.3.0"
      function-bind "^1.1.2"
      has-proto "^1.0.1"
      has-symbols "^1.0.3"
      hasown "^2.0.0"
  
  get-nonce@^1.0.0:
    version "1.0.1"
    resolved "https://registry.npmjs.org/get-nonce/-/get-nonce-1.0.1.tgz"
    integrity sha512-FJhYRoDaiatfEkUK8HKlicmu/3SGFD51q3itKDGoSTysQJBnfOcxU5GxnhE1E6soB76MbT0MBtnKJuXyAx+96Q==
  
  get-stream@^3.0.0:
    version "3.0.0"
    resolved "https://registry.npmjs.org/get-stream/-/get-stream-3.0.0.tgz"
    integrity sha512-GlhdIUuVakc8SJ6kK0zAFbiGzRFzNnY4jUuEbV9UROo4Y+0Ny4fjvcZFVTeDA4odpFyOQzaw6hXukJSq/f28sQ==
  
  get-stream@^4.0.0:
    version "4.1.0"
    resolved "https://registry.npmjs.org/get-stream/-/get-stream-4.1.0.tgz"
    integrity sha512-GMat4EJ5161kIy2HevLlr4luNjBgvmj413KaQA7jt4V8B4RDsfpHk7WQ9GVqfYyyx8OS/L66Kox+rJRNklLK7w==
    dependencies:
      pump "^3.0.0"
  
  get-symbol-description@^1.0.2:
    version "1.0.2"
    resolved "https://registry.npmjs.org/get-symbol-description/-/get-symbol-description-1.0.2.tgz"
    integrity sha512-g0QYk1dZBxGwk+Ngc+ltRH2IBp2f7zBkBMBJZCDerh6EhlhSR6+9irMCuT/09zD6qkarHUSn529sK/yL4S27mg==
    dependencies:
      call-bind "^1.0.5"
      es-errors "^1.3.0"
      get-intrinsic "^1.2.4"
  
  get-tsconfig@^4.7.5:
    version "4.8.1"
    resolved "https://registry.npmjs.org/get-tsconfig/-/get-tsconfig-4.8.1.tgz"
    integrity sha512-k9PN+cFBmaLWtVz29SkUoqU5O0slLuHJXt/2P+tMVFT+phsSGXGkp9t3rQIqdz0e+06EHNGs3oM6ZX1s2zHxRg==
    dependencies:
      resolve-pkg-maps "^1.0.0"
  
  get-value@^3.0.1:
    version "3.0.1"
    resolved "https://registry.npmjs.org/get-value/-/get-value-3.0.1.tgz"
    integrity sha512-mKZj9JLQrwMBtj5wxi6MH8Z5eSKaERpAwjg43dPtlGI1ZVEgH/qC7T8/6R2OBSUA+zzHBZgICsVJaEIV2tKTDA==
    dependencies:
      isobject "^3.0.1"
  
  getpass@^0.1.1:
    version "0.1.7"
    resolved "https://registry.yarnpkg.com/getpass/-/getpass-0.1.7.tgz#5eff8e3e684d569ae4cb2b1282604e8ba62149fa"
    integrity sha512-0fzj9JxOLfJ+XGLhR8ze3unN0KZCgZwiSSDz168VERjK8Wl8kVSdcu2kspd4s4wtAa1y/qrVRiAA0WclVsu0ng==
    dependencies:
      assert-plus "^1.0.0"
  
  glob-parent@^5.1.2, glob-parent@~5.1.2:
    version "5.1.2"
    resolved "https://registry.npmjs.org/glob-parent/-/glob-parent-5.1.2.tgz"
    integrity sha512-AOIgSQCepiJYwP3ARnGx+5VnTu2HBYdzbGP45eLw1vr3zB3vZLeyed1sC9hnbcOc9/SrMyM5RPQrkGz4aS9Zow==
    dependencies:
      is-glob "^4.0.1"
  
  glob-parent@^6.0.2:
    version "6.0.2"
    resolved "https://registry.npmjs.org/glob-parent/-/glob-parent-6.0.2.tgz"
    integrity sha512-XxwI8EOhVQgWp6iDL+3b0r86f4d6AX6zSU55HfB4ydCEuXLXc5FcYeOu+nnGftS4TEju/11rt4KJPTMgbfmv4A==
    dependencies:
      is-glob "^4.0.3"
  
  glob@10.3.10, glob@^10.3.10:
    version "10.3.10"
    resolved "https://registry.npmjs.org/glob/-/glob-10.3.10.tgz"
    integrity sha512-fa46+tv1Ak0UPK1TOy/pZrIybNNt4HCv7SDzwyfiOZkvZLEbjsZkJBPtDHVshZjbecAoAGSC20MjLDG/qr679g==
    dependencies:
      foreground-child "^3.1.0"
      jackspeak "^2.3.5"
      minimatch "^9.0.1"
      minipass "^5.0.0 || ^6.0.2 || ^7.0.0"
      path-scurry "^1.10.1"
  
  glob@^7.0.3, glob@^7.1.1, glob@^7.1.2, glob@^7.1.3:
    version "7.2.3"
    resolved "https://registry.yarnpkg.com/glob/-/glob-7.2.3.tgz#b8df0fb802bbfa8e89bd1d938b4e16578ed44f2b"
    integrity sha512-nFR0zLpU2YCaRxwoCJvL6UvCH2JFyFVIvwTLsIf21AuHlMskA1hhTdk+LlYJtOlYt9v6dvszD2BGRqBL+iQK9Q==
    dependencies:
      fs.realpath "^1.0.0"
      inflight "^1.0.4"
      inherits "2"
      minimatch "^3.1.1"
      once "^1.3.0"
      path-is-absolute "^1.0.0"
  
  glob@~7.1.2:
    version "7.1.7"
    resolved "https://registry.yarnpkg.com/glob/-/glob-7.1.7.tgz#3b193e9233f01d42d0b3f78294bbeeb418f94a90"
    integrity sha512-OvD9ENzPLbegENnYP5UUfJIirTg4+XwMWGaQfQTY0JenxNvvIKP3U3/tAQSPIu/lHxXYSZmpXlUHeqAIdKzBLQ==
    dependencies:
      fs.realpath "^1.0.0"
      inflight "^1.0.4"
      inherits "2"
      minimatch "^3.0.4"
      once "^1.3.0"
      path-is-absolute "^1.0.0"
  
  global-dirs@^0.1.0:
    version "0.1.1"
    resolved "https://registry.npmjs.org/global-dirs/-/global-dirs-0.1.1.tgz"
    integrity sha512-NknMLn7F2J7aflwFOlGdNIuCDpN3VGoSoB+aap3KABFWbHVn1TCgFC+np23J8W2BiZbjfEw3BFBycSMv1AFblg==
    dependencies:
      ini "^1.3.4"
  
  globals@^13.19.0:
    version "13.24.0"
    resolved "https://registry.npmjs.org/globals/-/globals-13.24.0.tgz"
    integrity sha512-AhO5QUcj8llrbG09iWhPU2B204J1xnPeL8kQmVorSsy+Sjj1sk8gIyh6cUocGmH4L0UuhAJy+hJMRA4mgA4mFQ==
    dependencies:
      type-fest "^0.20.2"
  
  globalthis@^1.0.3, globalthis@^1.0.4:
    version "1.0.4"
    resolved "https://registry.npmjs.org/globalthis/-/globalthis-1.0.4.tgz"
    integrity sha512-DpLKbNU4WylpxJykQujfCcwYWiV/Jhm50Goo0wrVILAv5jOr9d+H+UR3PhSCD2rCCEIg0uc+G+muBTwD54JhDQ==
    dependencies:
      define-properties "^1.2.1"
      gopd "^1.0.1"
  
  globby@^11.1.0:
    version "11.1.0"
    resolved "https://registry.npmjs.org/globby/-/globby-11.1.0.tgz"
    integrity sha512-jhIXaOzy1sb8IyocaruWSn1TjmnBVs8Ayhcy83rmxNJ8q2uWKCAj3CnJY+KpGSXCueAPc0i05kVvVKtP1t9S3g==
    dependencies:
      array-union "^2.1.0"
      dir-glob "^3.0.1"
      fast-glob "^3.2.9"
      ignore "^5.2.0"
      merge2 "^1.4.1"
      slash "^3.0.0"
  
  gopd@^1.0.1:
    version "1.0.1"
    resolved "https://registry.npmjs.org/gopd/-/gopd-1.0.1.tgz"
    integrity sha512-d65bNlIadxvpb/A2abVdlqKqV563juRnZ1Wtk6s1sIR8uNsXR70xqIzVqxVf1eTqDunwT2MkczEeaezCKTZhwA==
    dependencies:
      get-intrinsic "^1.1.3"
  
  got@^6.7.1:
    version "6.7.1"
    resolved "https://registry.npmjs.org/got/-/got-6.7.1.tgz"
    integrity sha512-Y/K3EDuiQN9rTZhBvPRWMLXIKdeD1Rj0nzunfoi0Yyn5WBEbzxXKU9Ub2X41oZBagVWOBU3MuDonFMgPWQFnwg==
    dependencies:
      create-error-class "^3.0.0"
      duplexer3 "^0.1.4"
      get-stream "^3.0.0"
      is-redirect "^1.0.0"
      is-retry-allowed "^1.0.0"
      is-stream "^1.0.0"
      lowercase-keys "^1.0.0"
      safe-buffer "^5.0.1"
      timed-out "^4.0.0"
      unzip-response "^2.0.1"
      url-parse-lax "^1.0.0"
  
  graceful-fs@^4.1.11, graceful-fs@^4.1.2, graceful-fs@^4.1.6, graceful-fs@^4.2.4:
    version "4.2.11"
    resolved "https://registry.yarnpkg.com/graceful-fs/-/graceful-fs-4.2.11.tgz#4183e4e8bf08bb6e05bbb2f7d2e0c8f712ca40e3"
    integrity sha512-RbJ5/jmFcNNCcDV5o9eTnBLJ/HszWV0P73bc+Ff4nS/rJj+YaS6IGyiOL0VoBYX+l1Wrl3k63h/KrH+nhJ0XvQ==
  
  graceful-fs@~4.1.11:
    version "4.1.15"
    resolved "https://registry.yarnpkg.com/graceful-fs/-/graceful-fs-4.1.15.tgz#ffb703e1066e8a0eeaa4c8b80ba9253eeefbfb00"
    integrity sha512-6uHUhOPEBgQ24HM+r6b/QwWfZq+yiFcipKFrOFiBEnWdy5sdzYoi+pJeQaPI5qOLRFqWmAXUPQNsielzdLoecA==
  
  graphemer@^1.4.0:
    version "1.4.0"
    resolved "https://registry.npmjs.org/graphemer/-/graphemer-1.4.0.tgz"
    integrity sha512-EtKwoO6kxCL9WO5xipiHTZlSzBm7WLT627TqC/uVRd0HKmq8NXyebnNYxDoBi7wt8eTWrUrKXCOVaFq9x1kgag==
  
  har-schema@^1.0.5:
    version "1.0.5"
    resolved "https://registry.yarnpkg.com/har-schema/-/har-schema-1.0.5.tgz#d263135f43307c02c602afc8fe95970c0151369e"
    integrity sha512-f8xf2GOR6Rgwc9FPTLNzgwB+JQ2/zMauYXSWmX5YV5acex6VomT0ocSuwR7BfXo5MpHi+jL+saaux2fwsGJDKQ==
  
  har-schema@^2.0.0:
    version "2.0.0"
    resolved "https://registry.yarnpkg.com/har-schema/-/har-schema-2.0.0.tgz#a94c2224ebcac04782a0d9035521f24735b7ec92"
    integrity sha512-Oqluz6zhGX8cyRaTQlFMPw80bSJVG2x/cFb8ZPhUILGgHka9SsokCCOQgpveePerqidZOrT14ipqfJb7ILcW5Q==
  
  har-validator@~4.2.1:
    version "4.2.1"
    resolved "https://registry.yarnpkg.com/har-validator/-/har-validator-4.2.1.tgz#33481d0f1bbff600dd203d75812a6a5fba002e2a"
    integrity sha512-5Gbp6RAftMYYV3UEI4c4Vv3+a4dQ7taVyvHt+/L6kRt+f4HX1GweAk5UDWN0SvdVnRBzGQ6OG89pGaD9uSFnVw==
    dependencies:
      ajv "^4.9.1"
      har-schema "^1.0.5"
  
  har-validator@~5.1.3:
    version "5.1.5"
    resolved "https://registry.yarnpkg.com/har-validator/-/har-validator-5.1.5.tgz#1f0803b9f8cb20c0fa13822df1ecddb36bde1efd"
    integrity sha512-nmT2T0lljbxdQZfspsno9hgrG3Uir6Ks5afism62poxqBM6sDnMEuPmzTq8XN0OEwqKLLdh1jQI3qyE66Nzb3w==
    dependencies:
      ajv "^6.12.3"
      har-schema "^2.0.0"
  
  has-ansi@^2.0.0:
    version "2.0.0"
    resolved "https://registry.yarnpkg.com/has-ansi/-/has-ansi-2.0.0.tgz#34f5049ce1ecdf2b0649af3ef24e45ed35416d91"
    integrity sha512-C8vBJ8DwUCx19vhm7urhTuUsr4/IyP6l4VzNQDv+ryHQObW3TTTp9yB68WpYgRe2bbaGuZ/se74IqFeVnMnLZg==
    dependencies:
      ansi-regex "^2.0.0"
  
  has-bigints@^1.0.1, has-bigints@^1.0.2:
    version "1.0.2"
    resolved "https://registry.npmjs.org/has-bigints/-/has-bigints-1.0.2.tgz"
    integrity sha512-tSvCKtBr9lkF0Ex0aQiP9N+OpV4zi2r/Nee5VkRDbaqv35RLYMzbwQfFSZZH0kR+Rd6302UJZ2p/bJCEoR3VoQ==
  
  has-flag@^3.0.0:
    version "3.0.0"
    resolved "https://registry.npmjs.org/has-flag/-/has-flag-3.0.0.tgz"
    integrity sha512-sKJf1+ceQBr4SMkvQnBDNDtf4TXpVhVGateu0t918bl30FnbE2m4vNLX+VWe/dpjlb+HugGYzW7uQXH98HPEYw==
  
  has-flag@^4.0.0:
    version "4.0.0"
    resolved "https://registry.npmjs.org/has-flag/-/has-flag-4.0.0.tgz"
    integrity sha512-EykJT/Q1KjTWctppgIAgfSO0tKVuZUjhgMr17kqTumMl6Afv3EISleU7qZUzoXDFTAHTDC4NOoG/ZxU3EvlMPQ==
  
  has-property-descriptors@^1.0.0, has-property-descriptors@^1.0.2:
    version "1.0.2"
    resolved "https://registry.npmjs.org/has-property-descriptors/-/has-property-descriptors-1.0.2.tgz"
    integrity sha512-55JNKuIW+vq4Ke1BjOTjM2YctQIvCT7GFzHwmfZPGo5wnrgkid0YQtnAleFSqumZm4az3n2BS+erby5ipJdgrg==
    dependencies:
      es-define-property "^1.0.0"
  
  has-proto@^1.0.1, has-proto@^1.0.3:
    version "1.0.3"
    resolved "https://registry.npmjs.org/has-proto/-/has-proto-1.0.3.tgz"
    integrity sha512-SJ1amZAJUiZS+PhsVLf5tGydlaVB8EdFpaSO4gmiUKUOxk8qzn5AIy4ZeJUmh22znIdk/uMAUT2pl3FxzVUH+Q==
  
  has-symbols@^1.0.2, has-symbols@^1.0.3:
    version "1.0.3"
    resolved "https://registry.npmjs.org/has-symbols/-/has-symbols-1.0.3.tgz"
    integrity sha512-l3LCuF6MgDNwTDKkdYGEihYjt5pRPbEg46rtlmnSPlUbgmB8LOIrKJbYYFBSbnPaJexMKtiPO8hmeRjRz2Td+A==
  
  has-tostringtag@^1.0.0, has-tostringtag@^1.0.2:
    version "1.0.2"
    resolved "https://registry.npmjs.org/has-tostringtag/-/has-tostringtag-1.0.2.tgz"
    integrity sha512-NqADB8VjPFLM2V0VvHUewwwsw0ZWBaIdgo+ieHtK3hasLz4qeCRjYcqfB6AQrBggRKppKF8L52/VqdVsO47Dlw==
    dependencies:
      has-symbols "^1.0.3"
  
  has-unicode@^2.0.0, has-unicode@~2.0.1:
    version "2.0.1"
    resolved "https://registry.npmjs.org/has-unicode/-/has-unicode-2.0.1.tgz"
    integrity sha512-8Rf9Y83NBReMnx0gFzA8JImQACstCYWUplepDa9xprwwtmgEZUF0h/i5xSA625zB/I37EtrswSST6OXxwaaIJQ==
  
  hasown@^2.0.0, hasown@^2.0.1, hasown@^2.0.2:
    version "2.0.2"
    resolved "https://registry.npmjs.org/hasown/-/hasown-2.0.2.tgz"
    integrity sha512-0hJU9SCPvmMzIBdZFqNPXWa6dqh7WdH0cII9y+CyS8rG3nL48Bclra9HmKhVVUHyPWNH5Y7xDwAB7bfgSjkUMQ==
    dependencies:
      function-bind "^1.1.2"
  
  hawk@~3.1.3:
    version "3.1.3"
    resolved "https://registry.yarnpkg.com/hawk/-/hawk-3.1.3.tgz#078444bd7c1640b0fe540d2c9b73d59678e8e1c4"
    integrity sha512-X8xbmTc1cbPXcQV4WkLcRMALuyoxhfpFATmyuCxJPOAvrDS4DNnsTAOmKUxMTOWU6TzrTOkxPKwIx5ZOpJVSrg==
    dependencies:
      boom "2.x.x"
      cryptiles "2.x.x"
      hoek "2.x.x"
      sntp "1.x.x"
  
  hoek@2.x.x:
    version "2.16.3"
    resolved "https://registry.npmjs.org/hoek/-/hoek-2.16.3.tgz"
    integrity sha512-V6Yw1rIcYV/4JsnggjBU0l4Kr+EXhpwqXRusENU1Xx6ro00IHPHYNynCuBTOZAPlr3AAmLvchH9I7N/VUdvOwQ==
  
  hosted-git-info@^2.1.4, hosted-git-info@^2.4.2, hosted-git-info@^2.7.1:
    version "2.8.9"
    resolved "https://registry.yarnpkg.com/hosted-git-info/-/hosted-git-info-2.8.9.tgz#dffc0bf9a21c02209090f2aa69429e1414daf3f9"
    integrity sha512-mxIDAb9Lsm6DoOJ7xH+5+X4y1LU/4Hi50L9C5sIswK3JzULS4bwk1FvjdBgvYR4bzT4tuUQiC15FE2f5HbLvYw==
  
  hosted-git-info@~2.5.0:
    version "2.5.0"
    resolved "https://registry.yarnpkg.com/hosted-git-info/-/hosted-git-info-2.5.0.tgz#6d60e34b3abbc8313062c3b798ef8d901a07af3c"
    integrity sha512-pNgbURSuab90KbTqvRPsseaTxOJCZBD0a7t+haSN33piP9cCM4l0CqdzAif2hUqm716UovKB2ROmiabGAKVXyg==
  
  http-cache-semantics@^3.8.0:
    version "3.8.1"
    resolved "https://registry.yarnpkg.com/http-cache-semantics/-/http-cache-semantics-3.8.1.tgz#39b0e16add9b605bf0a9ef3d9daaf4843b4cacd2"
    integrity sha512-5ai2iksyV8ZXmnZhHH4rWPoxxistEexSi5936zIQ1bnNTW5VnA85B6P/VpXiRM017IgRvb2kKo1a//y+0wSp3w==
  
  http-proxy-agent@^2.0.0:
    version "2.1.0"
    resolved "https://registry.yarnpkg.com/http-proxy-agent/-/http-proxy-agent-2.1.0.tgz#e4821beef5b2142a2026bd73926fe537631c5405"
    integrity sha512-qwHbBLV7WviBl0rQsOzH6o5lwyOIvwp/BdFnvVxXORldu5TmjFfjzBcWUWS5kWAZhmv+JtiDhSuQCp4sBfbIgg==
    dependencies:
      agent-base "4"
      debug "3.1.0"
  
  http-signature@~1.1.0:
    version "1.1.1"
    resolved "https://registry.yarnpkg.com/http-signature/-/http-signature-1.1.1.tgz#df72e267066cd0ac67fb76adf8e134a8fbcf91bf"
    integrity sha512-iUn0NcRULlDGtqNLN1Jxmzayk8ogm7NToldASyZBpM2qggbphjXzNOiw3piN8tgz+e/DRs6X5gAzFwTI6BCRcg==
    dependencies:
      assert-plus "^0.2.0"
      jsprim "^1.2.2"
      sshpk "^1.7.0"
  
  http-signature@~1.2.0:
    version "1.2.0"
    resolved "https://registry.yarnpkg.com/http-signature/-/http-signature-1.2.0.tgz#9aecd925114772f3d95b65a60abb8f7c18fbace1"
    integrity sha512-CAbnr6Rz4CYQkLYUtSNXxQPUH2gK8f3iWexVlsnMeD+GjlsQ0Xsy1cOX+mN3dtxYomRy21CiOzU8Uhw6OwncEQ==
    dependencies:
      assert-plus "^1.0.0"
      jsprim "^1.2.2"
      sshpk "^1.7.0"
  
  https-proxy-agent@^2.1.0:
    version "2.2.4"
    resolved "https://registry.yarnpkg.com/https-proxy-agent/-/https-proxy-agent-2.2.4.tgz#4ee7a737abd92678a293d9b34a1af4d0d08c787b"
    integrity sha512-OmvfoQ53WLjtA9HeYP9RNrWMJzzAz1JGaSFr1nijg0PVR1JaD/xbJq1mdEIIlxGpXp9eSe/O2LgU9DJmTPd0Eg==
    dependencies:
      agent-base "^4.3.0"
      debug "^3.1.0"
  
  humanize-ms@^1.2.1:
    version "1.2.1"
    resolved "https://registry.yarnpkg.com/humanize-ms/-/humanize-ms-1.2.1.tgz#c46e3159a293f6b896da29316d8b6fe8bb79bbed"
    integrity sha512-Fl70vYtsAFb/C06PTS9dZBo7ihau+Tu/DNCk/OyHhea07S+aeMWpFFkUaXRa8fI+ScZbEI8dfSxwY7gxZ9SAVQ==
    dependencies:
      ms "^2.0.0"
  
  iconv-lite@^0.6.2:
    version "0.6.3"
    resolved "https://registry.yarnpkg.com/iconv-lite/-/iconv-lite-0.6.3.tgz#a52f80bf38da1952eb5c681790719871a1a72501"
    integrity sha512-4fCk79wshMdzMp2rH06qWrJE4iolqLhCUH+OiuIgU++RB0+94NlDL81atO7GX55uUKueo0txHNtvEyI6D7WdMw==
    dependencies:
      safer-buffer ">= 2.1.2 < 3.0.0"
  
  iferr@^0.1.5, iferr@~0.1.5:
    version "0.1.5"
    resolved "https://registry.npmjs.org/iferr/-/iferr-0.1.5.tgz"
    integrity sha512-DUNFN5j7Tln0D+TxzloUjKB+CtVu6myn0JEFak6dG18mNt9YkQ6lzGCdafwofISZ1lLF3xRHJ98VKy9ynkcFaA==
  
  ignore@^5.2.0:
    version "5.3.2"
    resolved "https://registry.npmjs.org/ignore/-/ignore-5.3.2.tgz"
    integrity sha512-hsBTNUqQTDwkWtcdYI2i06Y/nUBEsNEDJKjWdigLvegy8kDuJAS8uRlpkkcQpyEXL0Z/pjDy5HBmMjRCJ2gq+g==
  
  import-fresh@^3.2.1:
    version "3.3.0"
    resolved "https://registry.npmjs.org/import-fresh/-/import-fresh-3.3.0.tgz"
    integrity sha512-veYYhQa+D1QBKznvhUHxb8faxlrwUnxseDAbAp457E0wLNio2bOSKnjYDhMj+YiAq61xrMGhQk9iXVk5FzgQMw==
    dependencies:
      parent-module "^1.0.0"
      resolve-from "^4.0.0"
  
  import-lazy@^2.1.0:
    version "2.1.0"
    resolved "https://registry.npmjs.org/import-lazy/-/import-lazy-2.1.0.tgz"
    integrity sha512-m7ZEHgtw69qOGw+jwxXkHlrlIPdTGkyh66zXZ1ajZbxkDBNjSY/LGbmjc7h0s2ELsUDTAhFr55TrPSSqJGPG0A==
  
  imurmurhash@^0.1.4:
    version "0.1.4"
    resolved "https://registry.npmjs.org/imurmurhash/-/imurmurhash-0.1.4.tgz"
    integrity sha512-JmXMZ6wuvDmLiHEml9ykzqO6lwFbof0GG4IkcGaENdCRDDmMVnny7s5HsIgHCbaq0w2MyPhDqkhTUgS2LU2PHA==
  
  inflight@^1.0.4, inflight@~1.0.6:
    version "1.0.6"
    resolved "https://registry.npmjs.org/inflight/-/inflight-1.0.6.tgz"
    integrity sha512-k92I/b08q4wvFscXCLvqfsHCrjrF7yiXsQuIVvVE7N82W3+aqpzuUdBbfhWcy/FZR3/4IgflMgKLOsvPDrGCJA==
    dependencies:
      once "^1.3.0"
      wrappy "1"
  
  inherits@2, inherits@^2.0.1, inherits@^2.0.3, inherits@~2.0.0, inherits@~2.0.1, inherits@~2.0.3:
    version "2.0.4"
    resolved "https://registry.npmjs.org/inherits/-/inherits-2.0.4.tgz"
    integrity sha512-k/vGaX4/Yla3WzyMCvTQOXYeIHvqOKtnqBduzTHpzpQZzAskKMhZ2K+EnBiSM9zGSoIFeMpXKxa4dYeZIQqewQ==
  
  ini@^1.3.4, ini@~1.3.0, ini@~1.3.4:
    version "1.3.8"
    resolved "https://registry.yarnpkg.com/ini/-/ini-1.3.8.tgz#a29da425b48806f34767a4efce397269af28432c"
    integrity sha512-JV/yugV2uzW5iMRSiZAyDtQd+nxtUnjeLt0acNdw98kKLrvuRVyB80tsREOE7yvGVgalhZ6RNXCmEHkUKBKxew==
  
  init-package-json@~1.10.1:
    version "1.10.3"
    resolved "https://registry.yarnpkg.com/init-package-json/-/init-package-json-1.10.3.tgz#45ffe2f610a8ca134f2bd1db5637b235070f6cbe"
    integrity sha512-zKSiXKhQveNteyhcj1CoOP8tqp1QuxPIPBl8Bid99DGLFqA1p87M6lNgfjJHSBoWJJlidGOv5rWjyYKEB3g2Jw==
    dependencies:
      glob "^7.1.1"
      npm-package-arg "^4.0.0 || ^5.0.0 || ^6.0.0"
      promzard "^0.3.0"
      read "~1.0.1"
      read-package-json "1 || 2"
      semver "2.x || 3.x || 4 || 5"
      validate-npm-package-license "^3.0.1"
      validate-npm-package-name "^3.0.0"
  
  internal-slot@^1.0.7:
    version "1.0.7"
    resolved "https://registry.npmjs.org/internal-slot/-/internal-slot-1.0.7.tgz"
    integrity sha512-NGnrKwXzSms2qUUih/ILZ5JBqNTSa1+ZmP6flaIp6KmSElgE9qdndzS3cqjrDovwFdmwsGsLdeFgB6suw+1e9g==
    dependencies:
      es-errors "^1.3.0"
      hasown "^2.0.0"
      side-channel "^1.0.4"
  
  invariant@^2.2.4:
    version "2.2.4"
    resolved "https://registry.npmjs.org/invariant/-/invariant-2.2.4.tgz"
    integrity sha512-phJfQVBuaJM5raOpJjSfkiD6BpbCE4Ns//LaXl6wGYtUBY83nWS6Rf9tXm2e8VaK60JEjYldbPif/A2B1C2gNA==
    dependencies:
      loose-envify "^1.0.0"
  
  invert-kv@^2.0.0:
    version "2.0.0"
    resolved "https://registry.npmjs.org/invert-kv/-/invert-kv-2.0.0.tgz"
    integrity sha512-wPVv/y/QQ/Uiirj/vh3oP+1Ww+AWehmi1g5fFWGPF6IpCBCDVrhgHRMvrLfdYcwDh3QJbGXDW4JAuzxElLSqKA==
  
  ip@^1.1.4:
    version "1.1.9"
    resolved "https://registry.yarnpkg.com/ip/-/ip-1.1.9.tgz#8dfbcc99a754d07f425310b86a99546b1151e396"
    integrity sha512-cyRxvOEpNHNtchU3Ln9KC/auJgup87llfQpQ+t5ghoC/UhL16SWzbueiCsdTnWmqAWl7LadfuwhlqmtOaqMHdQ==
  
  is-array-buffer@^3.0.4:
    version "3.0.4"
    resolved "https://registry.npmjs.org/is-array-buffer/-/is-array-buffer-3.0.4.tgz"
    integrity sha512-wcjaerHw0ydZwfhiKbXJWLDY8A7yV7KhjQOpb83hGgGfId/aQa4TOvwyzn2PuswW2gPCYEL/nEAiSVpdOj1lXw==
    dependencies:
      call-bind "^1.0.2"
      get-intrinsic "^1.2.1"
  
  is-arrayish@^0.3.1:
    version "0.3.2"
    resolved "https://registry.yarnpkg.com/is-arrayish/-/is-arrayish-0.3.2.tgz#4574a2ae56f7ab206896fb431eaeed066fdf8f03"
    integrity sha512-eVRqCvVlZbuw3GrM63ovNSNAeA1K16kaR/LRY/92w0zxQ5/1YzwblUX652i4Xs9RwAGjW9d9y6X88t8OaAJfWQ==
  
  is-async-function@^2.0.0:
    version "2.0.0"
    resolved "https://registry.npmjs.org/is-async-function/-/is-async-function-2.0.0.tgz"
    integrity sha512-Y1JXKrfykRJGdlDwdKlLpLyMIiWqWvuSd17TvZk68PLAOGOoF4Xyav1z0Xhoi+gCYjZVeC5SI+hYFOfvXmGRCA==
    dependencies:
      has-tostringtag "^1.0.0"
  
  is-bigint@^1.0.1:
    version "1.0.4"
    resolved "https://registry.npmjs.org/is-bigint/-/is-bigint-1.0.4.tgz"
    integrity sha512-zB9CruMamjym81i2JZ3UMn54PKGsQzsJeo6xvN3HJJ4CAsQNB6iRutp2To77OfCNuoxspsIhzaPoO1zyCEhFOg==
    dependencies:
      has-bigints "^1.0.1"
  
  is-binary-path@~2.1.0:
    version "2.1.0"
    resolved "https://registry.npmjs.org/is-binary-path/-/is-binary-path-2.1.0.tgz"
    integrity sha512-ZMERYes6pDydyuGidse7OsHxtbI7WVeUEozgR/g7rd0xUimYNlvZRE/K2MgZTjWy725IfelLeVcEM97mmtRGXw==
    dependencies:
      binary-extensions "^2.0.0"
  
  is-boolean-object@^1.1.0:
    version "1.1.2"
    resolved "https://registry.npmjs.org/is-boolean-object/-/is-boolean-object-1.1.2.tgz"
    integrity sha512-gDYaKHJmnj4aWxyj6YHyXVpdQawtVLHU5cb+eztPGczf6cjuTdwve5ZIEfgXqH4e57An1D1AKf8CZ3kYrQRqYA==
    dependencies:
      call-bind "^1.0.2"
      has-tostringtag "^1.0.0"
  
  is-builtin-module@^1.0.0:
    version "1.0.0"
    resolved "https://registry.yarnpkg.com/is-builtin-module/-/is-builtin-module-1.0.0.tgz#540572d34f7ac3119f8f76c30cbc1b1e037affbe"
    integrity sha512-C2wz7Juo5pUZTFQVer9c+9b4qw3I5T/CHQxQyhVu7BJel6C22FmsLIWsdseYyOw6xz9Pqy9eJWSkQ7+3iN1HVw==
    dependencies:
      builtin-modules "^1.0.0"
  
  is-bun-module@^1.0.2:
    version "1.2.1"
    resolved "https://registry.npmjs.org/is-bun-module/-/is-bun-module-1.2.1.tgz"
    integrity sha512-AmidtEM6D6NmUiLOvvU7+IePxjEjOzra2h0pSrsfSAcXwl/83zLLXDByafUJy9k/rKK0pvXMLdwKwGHlX2Ke6Q==
    dependencies:
      semver "^7.6.3"
  
  is-callable@^1.1.3, is-callable@^1.1.4, is-callable@^1.2.7:
    version "1.2.7"
    resolved "https://registry.npmjs.org/is-callable/-/is-callable-1.2.7.tgz"
    integrity sha512-1BC0BVFhS/p0qtw6enp8e+8OD0UrK0oFLztSjNzhcKA3WDuJxxAPXzPuPtKkjEY9UUoEWlX/8fgKeu2S8i9JTA==
  
  is-ci@^1.0.10:
    version "1.2.1"
    resolved "https://registry.npmjs.org/is-ci/-/is-ci-1.2.1.tgz"
    integrity sha512-s6tfsaQaQi3JNciBH6shVqEDvhGut0SUXr31ag8Pd8BBbVVlcGfWhpPmEOoM6RJ5TFhbypvf5yyRw/VXW1IiWg==
    dependencies:
      ci-info "^1.5.0"
  
  is-core-module@^2.13.0, is-core-module@^2.15.1:
    version "2.15.1"
    resolved "https://registry.npmjs.org/is-core-module/-/is-core-module-2.15.1.tgz"
    integrity sha512-z0vtXSwucUJtANQWldhbtbt7BnL0vxiFjIdDLAatwhDYty2bad6s+rijD6Ri4YuYJubLzIJLUidCh09e1djEVQ==
    dependencies:
      hasown "^2.0.2"
  
  is-data-view@^1.0.1:
    version "1.0.1"
    resolved "https://registry.npmjs.org/is-data-view/-/is-data-view-1.0.1.tgz"
    integrity sha512-AHkaJrsUVW6wq6JS8y3JnM/GJF/9cf+k20+iDzlSaJrinEo5+7vRiteOSwBhHRiAyQATN1AmY4hwzxJKPmYf+w==
    dependencies:
      is-typed-array "^1.1.13"
  
  is-date-object@^1.0.1, is-date-object@^1.0.5:
    version "1.0.5"
    resolved "https://registry.npmjs.org/is-date-object/-/is-date-object-1.0.5.tgz"
    integrity sha512-9YQaSxsAiSwcvS33MBk3wTCVnWK+HhF8VZR2jRxehM16QcVOdHqPn4VPHmRK4lSr38n9JriurInLcP90xsYNfQ==
    dependencies:
      has-tostringtag "^1.0.0"
  
  is-extglob@^2.1.1:
    version "2.1.1"
    resolved "https://registry.npmjs.org/is-extglob/-/is-extglob-2.1.1.tgz"
    integrity sha512-SbKbANkN603Vi4jEZv49LeVJMn4yGwsbzZworEoyEiutsN3nJYdbO36zfhGJ6QEDpOZIFkDtnq5JRxmvl3jsoQ==
  
  is-finalizationregistry@^1.0.2:
    version "1.0.2"
    resolved "https://registry.npmjs.org/is-finalizationregistry/-/is-finalizationregistry-1.0.2.tgz"
    integrity sha512-0by5vtUJs8iFQb5TYUHHPudOR+qXYIMKtiUzvLIZITZUjknFmziyBJuLhVRc+Ds0dREFlskDNJKYIdIzu/9pfw==
    dependencies:
      call-bind "^1.0.2"
  
  is-fullwidth-code-point@^1.0.0:
    version "1.0.0"
    resolved "https://registry.npmjs.org/is-fullwidth-code-point/-/is-fullwidth-code-point-1.0.0.tgz"
    integrity sha512-1pqUqRjkhPJ9miNq9SwMfdvi6lBJcd6eFxvfaivQhaH3SgisfiuudvFntdKOmxuee/77l+FPjKrQjWvmPjWrRw==
    dependencies:
      number-is-nan "^1.0.0"
  
  is-fullwidth-code-point@^2.0.0:
    version "2.0.0"
    resolved "https://registry.npmjs.org/is-fullwidth-code-point/-/is-fullwidth-code-point-2.0.0.tgz"
    integrity sha512-VHskAKYM8RfSFXwee5t5cbN5PZeq1Wrh6qd5bkyiXIf6UQcN6w/A0eXM9r6t8d+GYOh+o6ZhiEnb88LN/Y8m2w==
  
  is-fullwidth-code-point@^3.0.0:
    version "3.0.0"
    resolved "https://registry.npmjs.org/is-fullwidth-code-point/-/is-fullwidth-code-point-3.0.0.tgz"
    integrity sha512-zymm5+u+sCsSWyD9qNaejV3DFvhCKclKdizYaJUuHA83RLjb7nSuGnddCHGv0hk+KY7BMAlsWeK4Ueg6EV6XQg==
  
  is-generator-function@^1.0.10:
    version "1.0.10"
    resolved "https://registry.npmjs.org/is-generator-function/-/is-generator-function-1.0.10.tgz"
    integrity sha512-jsEjy9l3yiXEQ+PsXdmBwEPcOxaXWLspKdplFUVI9vq1iZgIekeC0L167qeu86czQaxed3q/Uzuw0swL0irL8A==
    dependencies:
      has-tostringtag "^1.0.0"
  
  is-glob@^4.0.0, is-glob@^4.0.1, is-glob@^4.0.3, is-glob@~4.0.1:
    version "4.0.3"
    resolved "https://registry.npmjs.org/is-glob/-/is-glob-4.0.3.tgz"
    integrity sha512-xelSayHH36ZgE7ZWhli7pW34hNbNl8Ojv5KVmkJD4hBdD3th8Tfk9vYasLM+mXWOZhFkgZfxhLSnrwRr4elSSg==
    dependencies:
      is-extglob "^2.1.1"
  
  is-installed-globally@^0.1.0:
    version "0.1.0"
    resolved "https://registry.npmjs.org/is-installed-globally/-/is-installed-globally-0.1.0.tgz"
    integrity sha512-ERNhMg+i/XgDwPIPF3u24qpajVreaiSuvpb1Uu0jugw7KKcxGyCX8cgp8P5fwTmAuXku6beDHHECdKArjlg7tw==
    dependencies:
      global-dirs "^0.1.0"
      is-path-inside "^1.0.0"
  
  is-map@^2.0.3:
    version "2.0.3"
    resolved "https://registry.npmjs.org/is-map/-/is-map-2.0.3.tgz"
    integrity sha512-1Qed0/Hr2m+YqxnM09CjA2d/i6YZNfF6R2oRAOj36eUdS6qIV/huPJNSEpKbupewFs+ZsJlxsjjPbc0/afW6Lw==
  
  is-negative-zero@^2.0.3:
    version "2.0.3"
    resolved "https://registry.npmjs.org/is-negative-zero/-/is-negative-zero-2.0.3.tgz"
    integrity sha512-5KoIu2Ngpyek75jXodFvnafB6DJgr3u8uuK0LEZJjrU19DrMD3EVERaR8sjz8CCGgpZvxPl9SuE1GMVPFHx1mw==
  
  is-npm@^1.0.0:
    version "1.0.0"
    resolved "https://registry.npmjs.org/is-npm/-/is-npm-1.0.0.tgz"
    integrity sha512-9r39FIr3d+KD9SbX0sfMsHzb5PP3uimOiwr3YupUaUFG4W0l1U57Rx3utpttV7qz5U3jmrO5auUa04LU9pyHsg==
  
  is-number-object@^1.0.4:
    version "1.0.7"
    resolved "https://registry.npmjs.org/is-number-object/-/is-number-object-1.0.7.tgz"
    integrity sha512-k1U0IRzLMo7ZlYIfzRu23Oh6MiIFasgpb9X76eqfFZAqwH44UI4KTBvBYIZ1dSL9ZzChTB9ShHfLkR4pdW5krQ==
    dependencies:
      has-tostringtag "^1.0.0"
  
  is-number@^7.0.0:
    version "7.0.0"
    resolved "https://registry.npmjs.org/is-number/-/is-number-7.0.0.tgz"
    integrity sha512-41Cifkg6e8TylSpdtTpeLVMqvSBEVzTttHvERD741+pnZ8ANv0004MRL43QKPDlK9cGvNp6NZWZUBlbGXYxxng==
  
  is-obj@^1.0.0:
    version "1.0.1"
    resolved "https://registry.npmjs.org/is-obj/-/is-obj-1.0.1.tgz"
    integrity sha512-l4RyHgRqGN4Y3+9JHVrNqO+tN0rV5My76uW5/nuO4K1b6vw5G8d/cmFjP9tRfEsdhZNt0IFdZuK/c2Vr4Nb+Qg==
  
  is-path-inside@^1.0.0:
    version "1.0.1"
    resolved "https://registry.npmjs.org/is-path-inside/-/is-path-inside-1.0.1.tgz"
    integrity sha512-qhsCR/Esx4U4hg/9I19OVUAJkGWtjRYHMRgUMZE2TDdj+Ag+kttZanLupfddNyglzz50cUlmWzUaI37GDfNx/g==
    dependencies:
      path-is-inside "^1.0.1"
  
  is-path-inside@^3.0.3:
    version "3.0.3"
    resolved "https://registry.npmjs.org/is-path-inside/-/is-path-inside-3.0.3.tgz"
    integrity sha512-Fd4gABb+ycGAmKou8eMftCupSir5lRxqf4aD/vd0cD2qc4HL07OjCeuHMr8Ro4CoMaeCKDB0/ECBOVWjTwUvPQ==
  
  is-plain-object@^2.0.4:
    version "2.0.4"
    resolved "https://registry.npmjs.org/is-plain-object/-/is-plain-object-2.0.4.tgz"
    integrity sha512-h5PpgXkWitc38BBMYawTYMWJHFZJVnBquFE57xFpjB8pJFiF6gZ+bU+WyI/yqXiFR5mdLsgYNaPe8uao6Uv9Og==
    dependencies:
      isobject "^3.0.1"
  
  is-primitive@^3.0.1:
    version "3.0.1"
    resolved "https://registry.npmjs.org/is-primitive/-/is-primitive-3.0.1.tgz"
    integrity sha512-GljRxhWvlCNRfZyORiH77FwdFwGcMO620o37EOYC0ORWdq+WYNVqW0w2Juzew4M+L81l6/QS3t5gkkihyRqv9w==
  
  is-redirect@^1.0.0:
    version "1.0.0"
    resolved "https://registry.npmjs.org/is-redirect/-/is-redirect-1.0.0.tgz"
    integrity sha512-cr/SlUEe5zOGmzvj9bUyC4LVvkNVAXu4GytXLNMr1pny+a65MpQ9IJzFHD5vi7FyJgb4qt27+eS3TuQnqB+RQw==
  
  is-regex@^1.1.4:
    version "1.1.4"
    resolved "https://registry.npmjs.org/is-regex/-/is-regex-1.1.4.tgz"
    integrity sha512-kvRdxDsxZjhzUX07ZnLydzS1TU/TJlTUHHY4YLL87e37oUA49DfkLqgy+VjFocowy29cKvcSiu+kIv728jTTVg==
    dependencies:
      call-bind "^1.0.2"
      has-tostringtag "^1.0.0"
  
  is-retry-allowed@^1.0.0:
    version "1.2.0"
    resolved "https://registry.npmjs.org/is-retry-allowed/-/is-retry-allowed-1.2.0.tgz"
    integrity sha512-RUbUeKwvm3XG2VYamhJL1xFktgjvPzL0Hq8C+6yrWIswDy3BIXGqCxhxkc30N9jqK311gVU137K8Ei55/zVJRg==
  
  is-set@^2.0.3:
    version "2.0.3"
    resolved "https://registry.npmjs.org/is-set/-/is-set-2.0.3.tgz"
    integrity sha512-iPAjerrse27/ygGLxw+EBR9agv9Y6uLeYVJMu+QNCoouJ1/1ri0mGrcWpfCqFZuzzx3WjtwxG098X+n4OuRkPg==
  
  is-shared-array-buffer@^1.0.2, is-shared-array-buffer@^1.0.3:
    version "1.0.3"
    resolved "https://registry.npmjs.org/is-shared-array-buffer/-/is-shared-array-buffer-1.0.3.tgz"
    integrity sha512-nA2hv5XIhLR3uVzDDfCIknerhx8XUKnstuOERPNNIinXG7v9u+ohXF67vxm4TPTEPU6lm61ZkwP3c9PCB97rhg==
    dependencies:
      call-bind "^1.0.7"
  
  is-stream@^1.0.0, is-stream@^1.1.0:
    version "1.1.0"
    resolved "https://registry.npmjs.org/is-stream/-/is-stream-1.1.0.tgz"
    integrity sha512-uQPm8kcs47jx38atAcWTVxyltQYoPT68y9aWYdV6yWXSyW8mzSat0TL6CiWdZeCdF3KrAvpVtnHbTv4RN+rqdQ==
  
  is-string@^1.0.5, is-string@^1.0.7:
    version "1.0.7"
    resolved "https://registry.npmjs.org/is-string/-/is-string-1.0.7.tgz"
    integrity sha512-tE2UXzivje6ofPW7l23cjDOMa09gb7xlAqG6jG5ej6uPV32TlWP3NKPigtaGeHNu9fohccRYvIiZMfOOnOYUtg==
    dependencies:
      has-tostringtag "^1.0.0"
  
  is-symbol@^1.0.2, is-symbol@^1.0.3:
    version "1.0.4"
    resolved "https://registry.npmjs.org/is-symbol/-/is-symbol-1.0.4.tgz"
    integrity sha512-C/CPBqKWnvdcxqIARxyOh4v1UUEOCHpgDa0WYgpKDFMszcrPcffg5uhwSgPCLD2WWxmq6isisz87tzT01tuGhg==
    dependencies:
      has-symbols "^1.0.2"
  
  is-typed-array@^1.1.13:
    version "1.1.13"
    resolved "https://registry.npmjs.org/is-typed-array/-/is-typed-array-1.1.13.tgz"
    integrity sha512-uZ25/bUAlUY5fR4OKT4rZQEBrzQWYV9ZJYGGsUmEJ6thodVJ1HX64ePQ6Z0qPWP+m+Uq6e9UugrE38jeYsDSMw==
    dependencies:
      which-typed-array "^1.1.14"
  
  is-typedarray@~1.0.0:
    version "1.0.0"
    resolved "https://registry.yarnpkg.com/is-typedarray/-/is-typedarray-1.0.0.tgz#e479c80858df0c1b11ddda6940f96011fcda4a9a"
    integrity sha512-cyA56iCMHAh5CdzjJIa4aohJyeO1YbwLi3Jc35MmRU6poroFjIGZzUzupGiRPOjgHg9TLu43xbpwXk523fMxKA==
  
  is-weakmap@^2.0.2:
    version "2.0.2"
    resolved "https://registry.npmjs.org/is-weakmap/-/is-weakmap-2.0.2.tgz"
    integrity sha512-K5pXYOm9wqY1RgjpL3YTkF39tni1XajUIkawTLUo9EZEVUFga5gSQJF8nNS7ZwJQ02y+1YCNYcMh+HIf1ZqE+w==
  
  is-weakref@^1.0.2:
    version "1.0.2"
    resolved "https://registry.npmjs.org/is-weakref/-/is-weakref-1.0.2.tgz"
    integrity sha512-qctsuLZmIQ0+vSSMfoVvyFe2+GSEvnmZ2ezTup1SBse9+twCCeial6EEi3Nc2KFcf6+qz2FBPnjXsk8xhKSaPQ==
    dependencies:
      call-bind "^1.0.2"
  
  is-weakset@^2.0.3:
    version "2.0.3"
    resolved "https://registry.npmjs.org/is-weakset/-/is-weakset-2.0.3.tgz"
    integrity sha512-LvIm3/KWzS9oRFHugab7d+M/GcBXuXX5xZkzPmN+NxihdQlZUQ4dWuSV1xR/sq6upL1TJEDrfBgRepHFdBtSNQ==
    dependencies:
      call-bind "^1.0.7"
      get-intrinsic "^1.2.4"
  
  isarray@0.0.1:
    version "0.0.1"
    resolved "https://registry.yarnpkg.com/isarray/-/isarray-0.0.1.tgz#8a18acfca9a8f4177e09abfc6038939b05d1eedf"
    integrity sha512-D2S+3GLxWH+uhrNEcoh/fnmYeP8E8/zHl644d/jdA0g2uyXvy3sb0qxotE+ne0LtccHknQzWwZEzhak7oJ0COQ==
  
  isarray@^2.0.5:
    version "2.0.5"
    resolved "https://registry.npmjs.org/isarray/-/isarray-2.0.5.tgz"
    integrity sha512-xHjhDr3cNBK0BzdUJSPXZntQUx/mwMS5Rw4A7lPJ90XGAO6ISP/ePDNuo0vhqOZU+UD5JoodwCAAoZQd3FeAKw==
  
  isarray@~1.0.0:
    version "1.0.0"
    resolved "https://registry.yarnpkg.com/isarray/-/isarray-1.0.0.tgz#bb935d48582cba168c06834957a54a3e07124f11"
    integrity sha512-VLghIWNM6ELQzo7zwmcg0NmTVyWKYjvIeM83yjp0wRDTmUnrM678fQbcKBo6n2CJEF0szoG//ytg+TKla89ALQ==
  
  isexe@^2.0.0:
    version "2.0.0"
    resolved "https://registry.npmjs.org/isexe/-/isexe-2.0.0.tgz"
    integrity sha512-RHxMLp9lnKHGHRng9QFhRCMbYAcVpn69smSGcq3f36xjgVVWThj4qqLbTLlq7Ssj8B+fIQ1EuCEGI2lKsyQeIw==
  
  isobject@^3.0.1:
    version "3.0.1"
    resolved "https://registry.npmjs.org/isobject/-/isobject-3.0.1.tgz"
    integrity sha512-WhB9zCku7EGTj/HQQRz5aUQEUeoQZH2bWcltRErOpymJ4boYE6wL9Tbr23krRPSZ+C5zqNSrSw+Cc7sZZ4b7vg==
  
  isstream@~0.1.2:
    version "0.1.2"
    resolved "https://registry.yarnpkg.com/isstream/-/isstream-0.1.2.tgz#47e63f7af55afa6f92e1500e690eb8b8529c099a"
    integrity sha512-Yljz7ffyPbrLpLngrMtZ7NduUgVvi6wG9RJ9IUcyCd59YQ911PBJphODUcbOVbqYfxe1wuYf/LJ8PauMRwsM/g==
  
  iterator.prototype@^1.1.3:
    version "1.1.3"
    resolved "https://registry.npmjs.org/iterator.prototype/-/iterator.prototype-1.1.3.tgz"
    integrity sha512-FW5iMbeQ6rBGm/oKgzq2aW4KvAGpxPzYES8N4g4xNXUKpL1mclMvOe+76AcLDTvD+Ze+sOpVhgdAQEKF4L9iGQ==
    dependencies:
      define-properties "^1.2.1"
      get-intrinsic "^1.2.1"
      has-symbols "^1.0.3"
      reflect.getprototypeof "^1.0.4"
      set-function-name "^2.0.1"
  
  jackspeak@^2.3.5:
    version "2.3.6"
    resolved "https://registry.npmjs.org/jackspeak/-/jackspeak-2.3.6.tgz"
    integrity sha512-N3yCS/NegsOBokc8GAdM8UcmfsKiSS8cipheD/nivzr700H+nsMOxJjQnvwOcRYVuFkdH0wGUvW2WbXGmrZGbQ==
    dependencies:
      "@isaacs/cliui" "^8.0.2"
    optionalDependencies:
      "@pkgjs/parseargs" "^0.11.0"
  
  jiti@^1.21.6:
    version "1.21.6"
    resolved "https://registry.npmjs.org/jiti/-/jiti-1.21.6.tgz"
    integrity sha512-2yTgeWTWzMWkHu6Jp9NKgePDaYHbntiwvYuuJLbbN9vl7DC9DvXKOB2BC3ZZ92D3cvV/aflH0osDfwpHepQ53w==
  
  "js-tokens@^3.0.0 || ^4.0.0":
    version "4.0.0"
    resolved "https://registry.npmjs.org/js-tokens/-/js-tokens-4.0.0.tgz"
    integrity sha512-RdJUflcE3cUzKiMqQgsCu06FPu9UdIJO0beYbPhHN4k6apgJtifcoCtT9bcxOpYBtpD2kCM6Sbzg4CausW/PKQ==
  
  js-yaml@^4.1.0:
    version "4.1.0"
    resolved "https://registry.npmjs.org/js-yaml/-/js-yaml-4.1.0.tgz"
    integrity sha512-wpxZs9NoxZaJESJGIZTyDEaYpl0FKSA+FB9aJiyemKhMwkxQg63h4T1KJgUGHpTqPDNRcmmYLugrRjJlBtWvRA==
    dependencies:
      argparse "^2.0.1"
  
  jsbn@~0.1.0:
    version "0.1.1"
    resolved "https://registry.npmjs.org/jsbn/-/jsbn-0.1.1.tgz"
    integrity sha512-UVU9dibq2JcFWxQPA6KCqj5O42VOmAY3zQUfEKxU0KpTGXwNoCjkX1e13eHNvw/xPynt6pU0rZ1htjWTNTSXsg==
  
  jsesc@^3.0.2:
    version "3.0.2"
    resolved "https://registry.npmjs.org/jsesc/-/jsesc-3.0.2.tgz"
    integrity sha512-xKqzzWXDttJuOcawBt4KnKHHIf5oQ/Cxax+0PWFG+DFDgHNAdi+TXECADI+RYiFUMmx8792xsMbbgXj4CwnP4g==
  
  json-buffer@3.0.1:
    version "3.0.1"
    resolved "https://registry.npmjs.org/json-buffer/-/json-buffer-3.0.1.tgz"
    integrity sha512-4bV5BfR2mqfQTJm+V5tPPdf+ZpuhiIvTuAB5g8kcrXOZpTT/QwwVRWBywX1ozr6lEuPdbHxwaJlm9G6mI2sfSQ==
  
  json-parse-better-errors@^1.0.0, json-parse-better-errors@^1.0.1:
    version "1.0.2"
    resolved "https://registry.yarnpkg.com/json-parse-better-errors/-/json-parse-better-errors-1.0.2.tgz#bb867cfb3450e69107c131d1c514bab3dc8bcaa9"
    integrity sha512-mrqyZKfX5EhL7hvqcV6WG1yYjnjeuYDzDhhcAAUrq8Po85NBQBJP+ZDUT75qZQ98IkUoBqdkExkukOU7Ts2wrw==
  
  json-parse-even-better-errors@^2.3.0:
    version "2.3.1"
    resolved "https://registry.yarnpkg.com/json-parse-even-better-errors/-/json-parse-even-better-errors-2.3.1.tgz#7c47805a94319928e05777405dc12e1f7a4ee02d"
    integrity sha512-xyFwyhro/JEof6Ghe2iz2NcXoj2sloNsWr/XsERDK/oiPCfaNhl5ONfp+jQdAZRQQ0IJWNzH9zIZF7li91kh2w==
  
  json-schema-traverse@^0.4.1:
    version "0.4.1"
    resolved "https://registry.npmjs.org/json-schema-traverse/-/json-schema-traverse-0.4.1.tgz"
    integrity sha512-xbbCH5dCYU5T8LcEhhuh7HJ88HXuW3qsI3Y0zOZFKfZEHcpWiHU/Jxzk629Brsab/mMiHQti9wMP+845RPe3Vg==
  
  json-schema@0.4.0:
    version "0.4.0"
    resolved "https://registry.yarnpkg.com/json-schema/-/json-schema-0.4.0.tgz#f7de4cf6efab838ebaeb3236474cbba5a1930ab5"
    integrity sha512-es94M3nTIfsEPisRafak+HDLfHXnKBhV3vU5eqPcS3flIWqcxJWgXHXiey3YrpaNsanY5ei1VoYEbOzijuq9BA==
  
  json-stable-stringify-without-jsonify@^1.0.1:
    version "1.0.1"
    resolved "https://registry.npmjs.org/json-stable-stringify-without-jsonify/-/json-stable-stringify-without-jsonify-1.0.1.tgz"
    integrity sha512-Bdboy+l7tA3OGW6FjyFHWkP5LuByj1Tk33Ljyq0axyzdk9//JSi2u3fP1QSmd1KNwq6VOKYGlAu87CisVir6Pw==
  
  json-stable-stringify@^1.0.1:
    version "1.1.1"
    resolved "https://registry.yarnpkg.com/json-stable-stringify/-/json-stable-stringify-1.1.1.tgz#52d4361b47d49168bcc4e564189a42e5a7439454"
    integrity sha512-SU/971Kt5qVQfJpyDveVhQ/vya+5hvrjClFOcr8c0Fq5aODJjMwutrOfCU+eCnVD5gpx1Q3fEqkyom77zH1iIg==
    dependencies:
      call-bind "^1.0.5"
      isarray "^2.0.5"
      jsonify "^0.0.1"
      object-keys "^1.1.1"
  
  json-stringify-safe@~5.0.1:
    version "5.0.1"
    resolved "https://registry.yarnpkg.com/json-stringify-safe/-/json-stringify-safe-5.0.1.tgz#1296a2d58fd45f19a0f6ce01d65701e2c735b6eb"
    integrity sha512-ZClg6AaYvamvYEE82d3Iyd3vSSIjQ+odgjaTzRuO3s7toCdFKczob2i0zCh7JE8kWn17yvAWhUVxvqGwUalsRA==
  
  json5@^1.0.2:
    version "1.0.2"
    resolved "https://registry.npmjs.org/json5/-/json5-1.0.2.tgz"
    integrity sha512-g1MWMLBiz8FKi1e4w0UyVL3w+iJceWAFBAaBnnGKOpNa5f8TLktkbre1+s6oICydWAm+HRUGTmI+//xv2hvXYA==
    dependencies:
      minimist "^1.2.0"
  
  jsonify@^0.0.1:
    version "0.0.1"
    resolved "https://registry.yarnpkg.com/jsonify/-/jsonify-0.0.1.tgz#2aa3111dae3d34a0f151c63f3a45d995d9420978"
    integrity sha512-2/Ki0GcmuqSrgFyelQq9M05y7PS0mEwuIzrf3f1fPqkVDVRvZrPZtVSMHxdgo8Aq0sxAOb/cr2aqqA3LeWHVPg==
  
  jsonparse@^1.2.0:
    version "1.3.1"
    resolved "https://registry.yarnpkg.com/jsonparse/-/jsonparse-1.3.1.tgz#3f4dae4a91fac315f71062f8521cc239f1366280"
    integrity sha512-POQXvpdL69+CluYsillJ7SUhKvytYjW9vG/GKpnf+xP8UWgYEM/RaMzHHofbALDiKbbP1W8UEYmgGl39WkPZsg==
  
  jsprim@^1.2.2:
    version "1.4.2"
    resolved "https://registry.yarnpkg.com/jsprim/-/jsprim-1.4.2.tgz#712c65533a15c878ba59e9ed5f0e26d5b77c5feb"
    integrity sha512-P2bSOMAc/ciLz6DzgjVlGJP9+BrJWu5UDGK70C2iweC5QBIeFf0ZXRvGjEj2uYgrY2MkAAhsSWHDWlFtEroZWw==
    dependencies:
      assert-plus "1.0.0"
      extsprintf "1.3.0"
      json-schema "0.4.0"
      verror "1.10.0"
  
  "jsx-ast-utils@^2.4.1 || ^3.0.0", jsx-ast-utils@^3.3.5:
    version "3.3.5"
    resolved "https://registry.npmjs.org/jsx-ast-utils/-/jsx-ast-utils-3.3.5.tgz"
    integrity sha512-ZZow9HBI5O6EPgSJLUb8n2NKgmVWTwCvHGwFuJlMjvLFqlGG6pjirPhtdsseaLZjSibD8eegzmYpUZwoIlj2cQ==
    dependencies:
      array-includes "^3.1.6"
      array.prototype.flat "^1.3.1"
      object.assign "^4.1.4"
      object.values "^1.1.6"
  
  keyv@^4.5.3:
    version "4.5.4"
    resolved "https://registry.npmjs.org/keyv/-/keyv-4.5.4.tgz"
    integrity sha512-oxVHkHR/EJf2CNXnWxRLW6mg7JyCCUcG0DtEGmL2ctUo1PNTin1PUil+r/+4r5MpVgC/fn1kjsx7mjSujKqIpw==
    dependencies:
      json-buffer "3.0.1"
  
  language-subtag-registry@^0.3.20:
    version "0.3.23"
    resolved "https://registry.npmjs.org/language-subtag-registry/-/language-subtag-registry-0.3.23.tgz"
    integrity sha512-0K65Lea881pHotoGEa5gDlMxt3pctLi2RplBb7Ezh4rRdLEOtgi7n4EwK9lamnUCkKBqaeKRVebTq6BAxSkpXQ==
  
  language-tags@^1.0.9:
    version "1.0.9"
    resolved "https://registry.npmjs.org/language-tags/-/language-tags-1.0.9.tgz"
    integrity sha512-MbjN408fEndfiQXbFQ1vnd+1NoLDsnQW41410oQBXiyXDMYH5z505juWa4KUE1LqxRC7DgOgZDbKLxHIwm27hA==
    dependencies:
      language-subtag-registry "^0.3.20"
  
  latest-version@^3.0.0:
    version "3.1.0"
    resolved "https://registry.npmjs.org/latest-version/-/latest-version-3.1.0.tgz"
    integrity sha512-Be1YRHWWlZaSsrz2U+VInk+tO0EwLIyV+23RhWLINJYwg/UIikxjlj3MhH37/6/EDCAusjajvMkMMUXRaMWl/w==
    dependencies:
      package-json "^4.0.0"
  
  lazy-property@~1.0.0:
    version "1.0.0"
    resolved "https://registry.yarnpkg.com/lazy-property/-/lazy-property-1.0.0.tgz#84ddc4b370679ba8bd4cdcfa4c06b43d57111147"
    integrity sha512-O52TK7FHpBPzdtvc5GoF0EPLQIBMqrAupANPGBidPkrDpl9IXlzuma3T+m0o0OpkRVPmTu3SDoT7985lw4KbNQ==
  
  lcid@^2.0.0:
    version "2.0.0"
    resolved "https://registry.npmjs.org/lcid/-/lcid-2.0.0.tgz"
    integrity sha512-avPEb8P8EGnwXKClwsNUgryVjllcRqtMYa49NTsbQagYuT1DcXnl1915oxWjoyGrXR6zH/Y0Zc96xWsPcoDKeA==
    dependencies:
      invert-kv "^2.0.0"
  
  levn@^0.4.1:
    version "0.4.1"
    resolved "https://registry.npmjs.org/levn/-/levn-0.4.1.tgz"
    integrity sha512-+bT2uH4E5LGE7h/n3evcS/sQlJXCpIp6ym8OWJ5eV6+67Dsql/LaaT7qJBAt2rzfoa/5QBGBhxDix1dMt2kQKQ==
    dependencies:
      prelude-ls "^1.2.1"
      type-check "~0.4.0"
  
  libnpx@10.2.2:
    version "10.2.2"
    resolved "https://registry.npmjs.org/libnpx/-/libnpx-10.2.2.tgz"
    integrity sha512-ujaYToga1SAX5r7FU5ShMFi88CWpY75meNZtr6RtEyv4l2ZK3+Wgvxq2IqlwWBiDZOqhumdeiocPS1aKrCMe3A==
    dependencies:
      dotenv "^5.0.1"
      npm-package-arg "^6.0.0"
      rimraf "^2.6.2"
      safe-buffer "^5.1.0"
      update-notifier "^2.3.0"
      which "^1.3.0"
      y18n "^4.0.0"
      yargs "^11.0.0"
  
  lilconfig@^2.1.0:
    version "2.1.0"
    resolved "https://registry.npmjs.org/lilconfig/-/lilconfig-2.1.0.tgz"
    integrity sha512-utWOt/GHzuUxnLKxB6dk81RoOeoNeHgbrXiuGk4yyF5qlRz+iIVWu56E2fqGHFrXz0QNUhLB/8nKqvRH66JKGQ==
  
  lilconfig@^3.0.0:
    version "3.1.2"
    resolved "https://registry.npmjs.org/lilconfig/-/lilconfig-3.1.2.tgz"
    integrity sha512-eop+wDAvpItUys0FWkHIKeC9ybYrTGbU41U5K7+bttZZeohvnY7M9dZ5kB21GNWiFT2q1OoPTvncPCgSOVO5ow==
  
  lines-and-columns@^1.1.6:
    version "1.2.4"
    resolved "https://registry.npmjs.org/lines-and-columns/-/lines-and-columns-1.2.4.tgz"
    integrity sha512-7ylylesZQ/PV29jhEDl3Ufjo6ZX7gCqJr5F7PKrqc93v7fzSymt1BpwEU8nAUXs8qzzvqhbjhK5QZg6Mt/HkBg==
  
  locate-path@^2.0.0:
    version "2.0.0"
    resolved "https://registry.npmjs.org/locate-path/-/locate-path-2.0.0.tgz"
    integrity sha512-NCI2kiDkyR7VeEKm27Kda/iQHyKJe1Bu0FlTbYp3CqJu+9IFe9bLyAjMxf5ZDDbEg+iMPzB5zYyUTSm8wVTKmA==
    dependencies:
      p-locate "^2.0.0"
      path-exists "^3.0.0"
  
  locate-path@^6.0.0:
    version "6.0.0"
    resolved "https://registry.npmjs.org/locate-path/-/locate-path-6.0.0.tgz"
    integrity sha512-iPZK6eYjbxRu3uB4/WZ3EsEIMJFMqAoopl3R+zuq0UjcAm/MO6KCweDgPfP3elTztoKP3KtnVHxTn2NHBSDVUw==
    dependencies:
      p-locate "^5.0.0"
  
  lockfile@~1.0.3:
    version "1.0.4"
    resolved "https://registry.yarnpkg.com/lockfile/-/lockfile-1.0.4.tgz#07f819d25ae48f87e538e6578b6964a4981a5609"
    integrity sha512-cvbTwETRfsFh4nHsL1eGWapU1XFi5Ot9E85sWAwia7Y7EgB7vfqcZhTKZ+l7hCGxSPoushMv5GKhT5PdLv03WA==
    dependencies:
      signal-exit "^3.0.2"
  
  lodash._baseuniq@~4.6.0:
    version "4.6.0"
    resolved "https://registry.yarnpkg.com/lodash._baseuniq/-/lodash._baseuniq-4.6.0.tgz#0ebb44e456814af7905c6212fa2c9b2d51b841e8"
    integrity sha512-Ja1YevpHZctlI5beLA7oc5KNDhGcPixFhcqSiORHNsp/1QTv7amAXzw+gu4YOvErqVlMVyIJGgtzeepCnnur0A==
    dependencies:
      lodash._createset "~4.0.0"
      lodash._root "~3.0.0"
  
  lodash._createset@~4.0.0:
    version "4.0.3"
    resolved "https://registry.yarnpkg.com/lodash._createset/-/lodash._createset-4.0.3.tgz#0f4659fbb09d75194fa9e2b88a6644d363c9fe26"
    integrity sha512-GTkC6YMprrJZCYU3zcqZj+jkXkrXzq3IPBcF/fIPpNEAB4hZEtXU8zp/RwKOvZl43NUmwDbyRk3+ZTbeRdEBXA==
  
  lodash._root@~3.0.0:
    version "3.0.1"
    resolved "https://registry.yarnpkg.com/lodash._root/-/lodash._root-3.0.1.tgz#fba1c4524c19ee9a5f8136b4609f017cf4ded692"
    integrity sha512-O0pWuFSK6x4EXhM1dhZ8gchNtG7JMqBtrHdoUFUWXD7dJnNSUze1GuyQr5sOs0aCvgGeI3o/OJW8f4ca7FDxmQ==
  
  lodash.clonedeep@~4.5.0:
    version "4.5.0"
    resolved "https://registry.yarnpkg.com/lodash.clonedeep/-/lodash.clonedeep-4.5.0.tgz#e23f3f9c4f8fbdde872529c1071857a086e5ccef"
    integrity sha512-H5ZhCF25riFd9uB5UCkVKo61m3S/xZk1x4wA6yp/L3RFP6Z/eHH1ymQcGLo7J3GMPfm0V/7m1tryHuGVxpqEBQ==
  
  lodash.merge@^4.6.2:
    version "4.6.2"
    resolved "https://registry.npmjs.org/lodash.merge/-/lodash.merge-4.6.2.tgz"
    integrity sha512-0KpjqXRVvrYyCsX1swR/XTK0va6VQkQM6MNo7PqW77ByjAhoARA8EfrP1N4+KlKj8YS0ZUCtRT/YUuhyYDujIQ==
  
  lodash.union@~4.6.0:
    version "4.6.0"
    resolved "https://registry.yarnpkg.com/lodash.union/-/lodash.union-4.6.0.tgz#48bb5088409f16f1821666641c44dd1aaae3cd88"
    integrity sha512-c4pB2CdGrGdjMKYLA+XiRDO7Y0PRQbm/Gzg8qMj+QH+pFVAoTp5sBpO0odL3FjoPCGjK96p6qsP+yQoiLoOBcw==
  
  lodash.uniq@~4.5.0:
    version "4.5.0"
    resolved "https://registry.yarnpkg.com/lodash.uniq/-/lodash.uniq-4.5.0.tgz#d0225373aeb652adc1bc82e4945339a842754773"
    integrity sha512-xfBaXQd9ryd9dlSDvnvI0lvxfLJlYAZzXomUYzLKtUeOQvOP5piqAWuGtrhWeqaXK9hhoM/iyJc5AV+XfsX3HQ==
  
  lodash.without@~4.4.0:
    version "4.4.0"
    resolved "https://registry.yarnpkg.com/lodash.without/-/lodash.without-4.4.0.tgz#3cd4574a00b67bae373a94b748772640507b7aac"
    integrity sha512-M3MefBwfDhgKgINVuBJCO1YR3+gf6s9HNJsIiZ/Ru77Ws6uTb9eBuvrkpzO+9iLoAaRodGuq7tyrPCx+74QYGQ==
  
  lodash@^4.17.11, lodash@^4.17.21:
    version "4.17.21"
    resolved "https://registry.npmjs.org/lodash/-/lodash-4.17.21.tgz"
    integrity sha512-v2kDEe57lecTulaDIuNTPy3Ry4gLGJ6Z1O3vE1krgXZNrsQ+LFTGHVxVjcXPs17LhbZVGedAJv8XZ1tvj5FvSg==
  
  loose-envify@^1.0.0, loose-envify@^1.1.0, loose-envify@^1.4.0:
    version "1.4.0"
    resolved "https://registry.npmjs.org/loose-envify/-/loose-envify-1.4.0.tgz"
    integrity sha512-lyuxPGr/Wfhrlem2CL/UcnUc1zcqKAImBDzukY7Y5F/yQiNdko6+fRLevlw1HgMySw7f611UIY408EtxRSoK3Q==
    dependencies:
      js-tokens "^3.0.0 || ^4.0.0"
  
  lowercase-keys@^1.0.0:
    version "1.0.1"
    resolved "https://registry.npmjs.org/lowercase-keys/-/lowercase-keys-1.0.1.tgz"
    integrity sha512-G2Lj61tXDnVFFOi8VZds+SoQjtQC3dgokKdDG2mTm1tx4m50NUHBOZSBwQQHyy0V12A0JTG4icfZQH+xPyh8VA==
  
  lru-cache@^10.2.0:
    version "10.4.3"
    resolved "https://registry.npmjs.org/lru-cache/-/lru-cache-10.4.3.tgz"
    integrity sha512-JNAzZcXrCt42VGLuYz0zfAzDfAvJWW6AfYlDBQyDV5DClI2m5sAmK+OIO7s59XfsRsWHp02jAJrRadPRGTt6SQ==
  
  lru-cache@^4.0.1, lru-cache@^4.1.1, lru-cache@~4.1.1:
    version "4.1.5"
    resolved "https://registry.npmjs.org/lru-cache/-/lru-cache-4.1.5.tgz"
    integrity sha512-sWZlbEP2OsHNkXrMl5GYk/jKk70MBng6UU4YI/qGDYbgf6YbP4EvmqISbXCoJiRKs+1bSpFHVgQxvJ17F2li5g==
    dependencies:
      pseudomap "^1.0.2"
      yallist "^2.1.2"
  
  lucide-react@^0.460.0:
    version "0.460.0"
    resolved "https://registry.npmjs.org/lucide-react/-/lucide-react-0.460.0.tgz"
    integrity sha512-BVtq/DykVeIvRTJvRAgCsOwaGL8Un3Bxh8MbDxMhEWlZay3T4IpEKDEpwt5KZ0KJMHzgm6jrltxlT5eXOWXDHg==
  
  make-dir@^1.0.0:
    version "1.3.0"
    resolved "https://registry.npmjs.org/make-dir/-/make-dir-1.3.0.tgz"
    integrity sha512-2w31R7SJtieJJnQtGc7RVL2StM2vGYVfqUOvUDxH6bC6aJTxPxTF0GnIgCyu7tjockiUWAYQRbxa7vKn34s5sQ==
    dependencies:
      pify "^3.0.0"
  
  make-fetch-happen@^2.4.13:
    version "2.6.0"
    resolved "https://registry.yarnpkg.com/make-fetch-happen/-/make-fetch-happen-2.6.0.tgz#8474aa52198f6b1ae4f3094c04e8370d35ea8a38"
    integrity sha512-FFq0lNI0ax+n9IWzWpH8A4JdgYiAp2DDYIZ3rsaav8JDe8I+72CzK6PQW/oom15YDZpV5bYW/9INd6nIJ2ZfZw==
    dependencies:
      agentkeepalive "^3.3.0"
      cacache "^10.0.0"
      http-cache-semantics "^3.8.0"
      http-proxy-agent "^2.0.0"
      https-proxy-agent "^2.1.0"
      lru-cache "^4.1.1"
      mississippi "^1.2.0"
      node-fetch-npm "^2.0.2"
      promise-retry "^1.1.1"
      socks-proxy-agent "^3.0.1"
      ssri "^5.0.0"
  
  map-age-cleaner@^0.1.1:
    version "0.1.3"
    resolved "https://registry.npmjs.org/map-age-cleaner/-/map-age-cleaner-0.1.3.tgz"
    integrity sha512-bJzx6nMoP6PDLPBFmg7+xRKeFZvFboMrGlxmNj9ClvX53KrmvM5bXFXEWjbz4cz1AFn+jWJ9z/DJSz7hrs0w3w==
    dependencies:
      p-defer "^1.0.0"
  
  mem@^4.0.0:
    version "4.3.0"
    resolved "https://registry.npmjs.org/mem/-/mem-4.3.0.tgz"
    integrity sha512-qX2bG48pTqYRVmDB37rn/6PT7LcR8T7oAX3bf99u1Tt1nzxYfxkgqDwUwolPlXweM0XzBOBFzSx4kfp7KP1s/w==
    dependencies:
      map-age-cleaner "^0.1.1"
      mimic-fn "^2.0.0"
      p-is-promise "^2.0.0"
  
  "memoize-one@>=3.1.1 <6":
    version "5.2.1"
    resolved "https://registry.npmjs.org/memoize-one/-/memoize-one-5.2.1.tgz"
    integrity sha512-zYiwtZUcYyXKo/np96AGZAckk+FWWsUdJ3cHGGmld7+AhvcWmQyGCYUh1hc4Q/pkOhb65dQR/pqCyK0cOaHz4Q==
  
  merge2@^1.3.0, merge2@^1.4.1:
    version "1.4.1"
    resolved "https://registry.npmjs.org/merge2/-/merge2-1.4.1.tgz"
    integrity sha512-8q7VEgMJW4J8tcfVPy8g09NcQwZdbwFEqhe/WZkoIzjn/3TGDwtOCYtXGxA3O8tPzpczCCDgv+P2P5y00ZJOOg==
  
  micromatch@^4.0.4, micromatch@^4.0.8:
    version "4.0.8"
    resolved "https://registry.npmjs.org/micromatch/-/micromatch-4.0.8.tgz"
    integrity sha512-PXwfBhYu0hBCPw8Dn0E+WDYb7af3dSLVWKi3HGv84IdF4TyFoC0ysxFd0Goxw7nSv4T/PzEJQxsYsEiFCKo2BA==
    dependencies:
      braces "^3.0.3"
      picomatch "^2.3.1"
  
  mime-db@1.52.0:
    version "1.52.0"
    resolved "https://registry.yarnpkg.com/mime-db/-/mime-db-1.52.0.tgz#bbabcdc02859f4987301c856e3387ce5ec43bf70"
    integrity sha512-sPU4uV7dYlvtWJxwwxHD0PuihVNiE7TyAbQ5SWxDCB9mUYvOgroQOwYQQOKPJ8CIbE+1ETVlOoK1UC2nU3gYvg==
  
  mime-types@^2.1.12, mime-types@~2.1.19, mime-types@~2.1.7:
    version "2.1.35"
    resolved "https://registry.yarnpkg.com/mime-types/-/mime-types-2.1.35.tgz#381a871b62a734450660ae3deee44813f70d959a"
    integrity sha512-ZDY+bPm5zTTF+YpCrAU9nK0UgICYPT0QtT1NZWFv4s++TNkcgVaT0g6+4R2uI4MjQjzysHB1zxuWL50hzaeXiw==
    dependencies:
      mime-db "1.52.0"
  
  mimic-fn@^2.0.0:
    version "2.1.0"
    resolved "https://registry.npmjs.org/mimic-fn/-/mimic-fn-2.1.0.tgz"
    integrity sha512-OqbOk5oEQeAZ8WXWydlu9HJjz9WVdEIvamMCcXmuqUYjTknH/sqsWvhQ3vgwKFRR1HpjvNBKQ37nbJgYzGqGcg==
  
  minimatch@9.0.3:
    version "9.0.3"
    resolved "https://registry.npmjs.org/minimatch/-/minimatch-9.0.3.tgz"
    integrity sha512-RHiac9mvaRw0x3AYRgDC1CxAP7HTcNrrECeA8YYJeWnpo+2Q5CegtZjaotWTWxDG3UeGA1coE05iH1mPjT/2mg==
    dependencies:
      brace-expansion "^2.0.1"
  
  minimatch@^3.0.0, minimatch@^3.0.2, minimatch@^3.0.4, minimatch@^3.0.5, minimatch@^3.1.1, minimatch@^3.1.2:
    version "3.1.2"
    resolved "https://registry.npmjs.org/minimatch/-/minimatch-3.1.2.tgz"
    integrity sha512-J7p63hRiAjw1NDEww1W7i37+ByIrOWO5XQQAzZ3VOcL0PNybwpfmV/N05zFAzwQ9USyEcX6t3UO+K5aqBQOIHw==
    dependencies:
      brace-expansion "^1.1.7"
  
  minimatch@^9.0.1:
    version "9.0.5"
    resolved "https://registry.npmjs.org/minimatch/-/minimatch-9.0.5.tgz"
    integrity sha512-G6T0ZX48xgozx7587koeX9Ys2NYy6Gmv//P89sEte9V9whIapMNF4idKxnW2QtCcLiTWlb/wfCabAtAFWhhBow==
    dependencies:
      brace-expansion "^2.0.1"
  
  minimist@^1.2.0, minimist@^1.2.6:
    version "1.2.8"
    resolved "https://registry.npmjs.org/minimist/-/minimist-1.2.8.tgz"
    integrity sha512-2yyAR8qBkN3YuheJanUpWC5U3bb5osDywNB8RzDVlDwDHbocAJveqqj1u8+SVD7jkWT4yvsHCpWqqWqAxb0zCA==
  
  "minipass@^5.0.0 || ^6.0.2 || ^7.0.0":
    version "7.1.2"
    resolved "https://registry.npmjs.org/minipass/-/minipass-7.1.2.tgz"
    integrity sha512-qOOzS1cBTWYF4BH8fVePDBOO9iptMnGUEZwNc/cMWnTV2nVLZ7VoNWEPHkYczZA0pdoA7dl6e7FL659nX9S2aw==
  
  mississippi@^1.2.0, mississippi@^1.3.0, mississippi@~1.3.0:
    version "1.3.1"
    resolved "https://registry.yarnpkg.com/mississippi/-/mississippi-1.3.1.tgz#2a8bb465e86550ac8b36a7b6f45599171d78671e"
    integrity sha512-/6rB8YXFbAtsUVRphIRQqB0+9c7VaPHCjVtvto+JqwVxgz8Zz+I+f68/JgQ+Pb4VlZb2svA9OtdXnHHsZz7ltg==
    dependencies:
      concat-stream "^1.5.0"
      duplexify "^3.4.2"
      end-of-stream "^1.1.0"
      flush-write-stream "^1.0.0"
      from2 "^2.1.0"
      parallel-transform "^1.1.0"
      pump "^1.0.0"
      pumpify "^1.3.3"
      stream-each "^1.1.0"
      through2 "^2.0.0"
  
  mississippi@^2.0.0:
    version "2.0.0"
    resolved "https://registry.yarnpkg.com/mississippi/-/mississippi-2.0.0.tgz#3442a508fafc28500486feea99409676e4ee5a6f"
    integrity sha512-zHo8v+otD1J10j/tC+VNoGK9keCuByhKovAvdn74dmxJl9+mWHnx6EMsDN4lgRoMI/eYo2nchAxniIbUPb5onw==
    dependencies:
      concat-stream "^1.5.0"
      duplexify "^3.4.2"
      end-of-stream "^1.1.0"
      flush-write-stream "^1.0.0"
      from2 "^2.1.0"
      parallel-transform "^1.1.0"
      pump "^2.0.1"
      pumpify "^1.3.3"
      stream-each "^1.1.0"
      through2 "^2.0.0"
  
  "mkdirp@>=0.5 0", mkdirp@^0.5.0, mkdirp@^0.5.1, mkdirp@~0.5.0, mkdirp@~0.5.1:
    version "0.5.6"
    resolved "https://registry.yarnpkg.com/mkdirp/-/mkdirp-0.5.6.tgz#7def03d2432dcae4ba1d611445c48396062255f6"
    integrity sha512-FP+p8RB8OWpF3YZBCrP5gtADmtXApB5AMLn+vdyA+PyxCjrCs00mjyUozssO33cwDeT3wNGdLxJ5M//YqtHAJw==
    dependencies:
      minimist "^1.2.6"
  
  move-concurrently@^1.0.1, move-concurrently@~1.0.1:
    version "1.0.1"
    resolved "https://registry.npmjs.org/move-concurrently/-/move-concurrently-1.0.1.tgz"
    integrity sha512-hdrFxZOycD/g6A6SoI2bB5NA/5NEqD0569+S47WZhPvm46sD50ZHdYaFmnua5lndde9rCHGjmfK7Z8BuCt/PcQ==
    dependencies:
      aproba "^1.1.1"
      copy-concurrently "^1.0.0"
      fs-write-stream-atomic "^1.0.8"
      mkdirp "^0.5.1"
      rimraf "^2.5.4"
      run-queue "^1.0.3"
  
  ms@2.0.0:
    version "2.0.0"
    resolved "https://registry.yarnpkg.com/ms/-/ms-2.0.0.tgz#5608aeadfc00be6c2901df5f9861788de0d597c8"
    integrity sha512-Tpp60P6IUJDTuOq/5Z8cdskzJujfwqfOTkrwIwj7IRISpnkJnT6SyJ4PCPnGMoFjC9ddhal5KVIYtAt97ix05A==
  
  ms@^2.0.0, ms@^2.1.1, ms@^2.1.3:
    version "2.1.3"
    resolved "https://registry.npmjs.org/ms/-/ms-2.1.3.tgz"
    integrity sha512-6FlzubTLZG3J2a/NVCAleEhjzq5oxgHyaCU9yYXvcLsvoVaHJq/s5xXI6/XXP6tz7R9xAOtHnSO/tXtF3WRTlA==
  
  mute-stream@~0.0.4:
    version "0.0.8"
    resolved "https://registry.yarnpkg.com/mute-stream/-/mute-stream-0.0.8.tgz#1630c42b2251ff81e2a283de96a5497ea92e5e0d"
    integrity sha512-nnbWWOkoWyUsTjKrhgD0dcz22mdkSnpYqbEjIm2nhwhuxlSkpywJmBo8h0ZqJdkp73mb90SssHkN4rsRaBAfAA==
  
  mz@^2.7.0:
    version "2.7.0"
    resolved "https://registry.npmjs.org/mz/-/mz-2.7.0.tgz"
    integrity sha512-z81GNO7nnYMEhrGh9LeymoE4+Yr0Wn5McHIZMK5cfQCl+NDX08sCZgUc9/6MHni9IWuFLm1Z3HTCXu2z9fN62Q==
    dependencies:
      any-promise "^1.0.0"
      object-assign "^4.0.1"
      thenify-all "^1.0.0"
  
  nanoid@^3.3.6, nanoid@^3.3.7:
    version "3.3.7"
    resolved "https://registry.npmjs.org/nanoid/-/nanoid-3.3.7.tgz"
    integrity sha512-eSRppjcPIatRIMC1U6UngP8XFcz8MQWGQdt1MTBQ7NaAmvXDfvNxbvWV3x2y6CdEUciCSsDHDQZbhYaB8QEo2g==
  
  natural-compare@^1.4.0:
    version "1.4.0"
    resolved "https://registry.npmjs.org/natural-compare/-/natural-compare-1.4.0.tgz"
    integrity sha512-OWND8ei3VtNC9h7V60qff3SVobHr996CTwgxubgyQYEpg290h9J0buyECNNJexkFm5sOajh5G116RYA1c8ZMSw==
  
  next@^15.0.3:
    version "15.0.3"
    resolved "https://registry.npmjs.org/next/-/next-15.0.3.tgz"
    integrity sha512-ontCbCRKJUIoivAdGB34yCaOcPgYXr9AAkV/IwqFfWWTXEPUgLYkSkqBhIk9KK7gGmgjc64B+RdoeIDM13Irnw==
    dependencies:
      "@next/env" "15.0.3"
      "@swc/counter" "0.1.3"
      "@swc/helpers" "0.5.13"
      busboy "1.6.0"
      caniuse-lite "^1.0.30001579"
      postcss "8.4.31"
      styled-jsx "5.1.6"
    optionalDependencies:
      "@next/swc-darwin-arm64" "15.0.3"
      "@next/swc-darwin-x64" "15.0.3"
      "@next/swc-linux-arm64-gnu" "15.0.3"
      "@next/swc-linux-arm64-musl" "15.0.3"
      "@next/swc-linux-x64-gnu" "15.0.3"
      "@next/swc-linux-x64-musl" "15.0.3"
      "@next/swc-win32-arm64-msvc" "15.0.3"
      "@next/swc-win32-x64-msvc" "15.0.3"
      sharp "^0.33.5"
  
  nice-try@^1.0.4:
    version "1.0.5"
    resolved "https://registry.npmjs.org/nice-try/-/nice-try-1.0.5.tgz"
    integrity sha512-1nh45deeb5olNY7eX82BkPO7SSxR5SSYJiPTrTdFUVYwAl8CKMA5N9PjTYkHiRjisVcxcQ1HXdLhx2qxxJzLNQ==
  
  node-fetch-npm@^2.0.2:
    version "2.0.4"
    resolved "https://registry.yarnpkg.com/node-fetch-npm/-/node-fetch-npm-2.0.4.tgz#6507d0e17a9ec0be3bec516958a497cec54bf5a4"
    integrity sha512-iOuIQDWDyjhv9qSDrj9aq/klt6F9z1p2otB3AV7v3zBDcL/x+OfGsvGQZZCcMZbUf4Ujw1xGNQkjvGnVT22cKg==
    dependencies:
      encoding "^0.1.11"
      json-parse-better-errors "^1.0.0"
      safe-buffer "^5.1.1"
  
  node-gyp@~3.6.2:
    version "3.6.3"
    resolved "https://registry.yarnpkg.com/node-gyp/-/node-gyp-3.6.3.tgz#369fcb09146ae2167f25d8d23d8b49cc1a110d8d"
    integrity sha512-7789TDMqJpv5iHxn1cAESCBEC/sBHAFxAvgXAcvzWenEWl0qf6E2Kk/Xwdl5ZclktUJzxJPVa27OMkBvaHKqCQ==
    dependencies:
      fstream "^1.0.0"
      glob "^7.0.3"
      graceful-fs "^4.1.2"
      minimatch "^3.0.2"
      mkdirp "^0.5.0"
      nopt "2 || 3"
      npmlog "0 || 1 || 2 || 3 || 4"
      osenv "0"
      request ">=2.9.0 <2.82.0"
      rimraf "2"
      semver "~5.3.0"
      tar "^2.0.0"
      which "1"
  
  "nopt@2 || 3":
    version "3.0.6"
    resolved "https://registry.yarnpkg.com/nopt/-/nopt-3.0.6.tgz#c6465dbf08abcd4db359317f79ac68a646b28ff9"
    integrity sha512-4GUt3kSEYmk4ITxzB/b9vaIDfUVWN/Ml1Fwl11IlnIG2iaJ9O6WXZ9SrYM9NLI8OCBieN2Y8SWC2oJV0RQ7qYg==
    dependencies:
      abbrev "1"
  
  nopt@~4.0.1:
    version "4.0.3"
    resolved "https://registry.yarnpkg.com/nopt/-/nopt-4.0.3.tgz#a375cad9d02fd921278d954c2254d5aa57e15e48"
    integrity sha512-CvaGwVMztSMJLOeXPrez7fyfObdZqNUK1cPAEzLHrTybIua9pMdmmPR5YwtfNftIOMv3DPUhFaxsZMNTQO20Kg==
    dependencies:
      abbrev "1"
      osenv "^0.1.4"
  
  normalize-package-data@^2.0.0, normalize-package-data@^2.4.0, "normalize-package-data@~1.0.1 || ^2.0.0":
    version "2.5.0"
    resolved "https://registry.yarnpkg.com/normalize-package-data/-/normalize-package-data-2.5.0.tgz#e66db1838b200c1dfc233225d12cb36520e234a8"
    integrity sha512-/5CMN3T0R4XTj4DcGaexo+roZSdSFW/0AOOTROrjxzCG1wrWXEsGbRKevjlIL+ZDE4sZlJr5ED4YW0yqmkK+eA==
    dependencies:
      hosted-git-info "^2.1.4"
      resolve "^1.10.0"
      semver "2 || 3 || 4 || 5"
      validate-npm-package-license "^3.0.1"
  
  normalize-package-data@~2.4.0:
    version "2.4.2"
    resolved "https://registry.yarnpkg.com/normalize-package-data/-/normalize-package-data-2.4.2.tgz#6b2abd85774e51f7936f1395e45acb905dc849b2"
    integrity sha512-YcMnjqeoUckXTPKZSAsPjUPLxH85XotbpqK3w4RyCwdFQSU5FxxBys8buehkSfg0j9fKvV1hn7O0+8reEgkAiw==
    dependencies:
      hosted-git-info "^2.1.4"
      is-builtin-module "^1.0.0"
      semver "2 || 3 || 4 || 5"
      validate-npm-package-license "^3.0.1"
  
  normalize-path@^3.0.0, normalize-path@~3.0.0:
    version "3.0.0"
    resolved "https://registry.npmjs.org/normalize-path/-/normalize-path-3.0.0.tgz"
    integrity sha512-6eZs5Ls3WtCisHWp9S2GUy8dqkpGi4BVSz3GaqiE6ezub0512ESztXUwUB6C6IKbQkY2Pnb/mD4WYojCRwcwLA==
  
  npm-cache-filename@~1.0.2:
    version "1.0.2"
    resolved "https://registry.yarnpkg.com/npm-cache-filename/-/npm-cache-filename-1.0.2.tgz#ded306c5b0bfc870a9e9faf823bc5f283e05ae11"
    integrity sha512-5v2y1KG06izpGvZJDSBR5q1Ej+NaPDO05yAAWBJE6+3eiId0R176Gz3Qc2vEmJnE+VGul84g6Qpq8fXzD82/JA==
  
  npm-install-checks@~3.0.0:
    version "3.0.2"
    resolved "https://registry.yarnpkg.com/npm-install-checks/-/npm-install-checks-3.0.2.tgz#ab2e32ad27baa46720706908e5b14c1852de44d9"
    integrity sha512-E4kzkyZDIWoin6uT5howP8VDvkM+E8IQDcHAycaAxMbwkqhIg5eEYALnXOl3Hq9MrkdQB/2/g1xwBINXdKSRkg==
    dependencies:
      semver "^2.3.0 || 3.x || 4 || 5"
  
  npm-normalize-package-bin@^1.0.0:
    version "1.0.1"
    resolved "https://registry.yarnpkg.com/npm-normalize-package-bin/-/npm-normalize-package-bin-1.0.1.tgz#6e79a41f23fd235c0623218228da7d9c23b8f6e2"
    integrity sha512-EPfafl6JL5/rU+ot6P3gRSCpPDW5VmIzX959Ob1+ySFUuuYHWHekXpwdUZcKP5C+DS4GEtdJluwBjnsNDl+fSA==
  
  "npm-package-arg@^3.0.0 || ^4.0.0 || ^5.0.0", npm-package-arg@^5.1.2, npm-package-arg@~5.1.2:
    version "5.1.2"
    resolved "https://registry.npmjs.org/npm-package-arg/-/npm-package-arg-5.1.2.tgz"
    integrity sha512-wJBsrf0qpypPT7A0LART18hCdyhpCMxeTtcb0X4IZO2jsP6Om7EHN1d9KSKiqD+KVH030RVNpWS9thk+pb7wzA==
    dependencies:
      hosted-git-info "^2.4.2"
      osenv "^0.1.4"
      semver "^5.1.0"
      validate-npm-package-name "^3.0.0"
  
  "npm-package-arg@^4.0.0 || ^5.0.0 || ^6.0.0", npm-package-arg@^6.0.0:
    version "6.1.1"
    resolved "https://registry.npmjs.org/npm-package-arg/-/npm-package-arg-6.1.1.tgz"
    integrity sha512-qBpssaL3IOZWi5vEKUKW0cO7kzLeT+EQO9W8RsLOZf76KF9E/K9+wH0C7t06HXPpaH8WH5xF1MExLuCwbTqRUg==
    dependencies:
      hosted-git-info "^2.7.1"
      osenv "^0.1.5"
      semver "^5.6.0"
      validate-npm-package-name "^3.0.0"
  
  npm-pick-manifest@^1.0.4:
    version "1.0.4"
    resolved "https://registry.yarnpkg.com/npm-pick-manifest/-/npm-pick-manifest-1.0.4.tgz#a5ee6510c1fe7221c0bc0414e70924c14045f7e8"
    integrity sha512-MKxNdeyOZysPRTTbHtW0M5Fw38Jo/3ARsoGw5qjCfS+XGjvNB/Gb4qtAZUFmKPM2mVum+eX559eHvKywU856BQ==
    dependencies:
      npm-package-arg "^5.1.2"
      semver "^5.3.0"
  
  npm-registry-client@~8.4.0:
    version "8.4.0"
    resolved "https://registry.yarnpkg.com/npm-registry-client/-/npm-registry-client-8.4.0.tgz#d52b901685647fc62a4c03eafecb6ceaa5018d4c"
    integrity sha512-PVNfqq0lyRdFnE//nDmn3CC9uqTsr8Bya9KPLIevlXMfkP0m4RpCVyFFk0W1Gfx436kKwyhLA6J+lV+rgR81gQ==
    dependencies:
      concat-stream "^1.5.2"
      graceful-fs "^4.1.6"
      normalize-package-data "~1.0.1 || ^2.0.0"
      npm-package-arg "^3.0.0 || ^4.0.0 || ^5.0.0"
      once "^1.3.3"
      request "^2.74.0"
      retry "^0.10.0"
      semver "2 >=2.2.1 || 3.x || 4 || 5"
      slide "^1.1.3"
      ssri "^4.1.2"
    optionalDependencies:
      npmlog "2 || ^3.1.0 || ^4.0.0"
  
  npm-run-path@^2.0.0:
    version "2.0.2"
    resolved "https://registry.npmjs.org/npm-run-path/-/npm-run-path-2.0.2.tgz"
    integrity sha512-lJxZYlT4DW/bRUtFh1MQIWqmLwQfAxnqWG4HhEdjMlkrJYnJn0Jrr2u3mgxqaWsdiBc76TYkTG/mhrnYTuzfHw==
    dependencies:
      path-key "^2.0.0"
  
  npm-user-validate@~1.0.0:
    version "1.0.1"
    resolved "https://registry.yarnpkg.com/npm-user-validate/-/npm-user-validate-1.0.1.tgz#31428fc5475fe8416023f178c0ab47935ad8c561"
    integrity sha512-uQwcd/tY+h1jnEaze6cdX/LrhWhoBxfSknxentoqmIuStxUExxjWd3ULMLFPiFUrZKbOVMowH6Jq2FRWfmhcEw==
  
  npm@5.1.0:
    version "5.1.0"
    resolved "https://registry.npmjs.org/npm/-/npm-5.1.0.tgz"
    integrity sha512-pt5ClxEmY/dLpb60SmGQQBKi3nB6Ljx1FXmpoCUdAULlGqGVn2uCyXxPCWFbcuHGthT7qGiaGa1wOfs/UjGYMw==
    dependencies:
      JSONStream "~1.3.1"
      abbrev "~1.1.0"
      ansi-regex "~3.0.0"
      ansicolors "~0.3.2"
      ansistyles "~0.1.3"
      aproba "~1.1.2"
      archy "~1.0.0"
      bluebird "~3.5.0"
      cacache "~9.2.9"
      call-limit "~1.1.0"
      chownr "~1.0.1"
      cmd-shim "~2.0.2"
      columnify "~1.5.4"
      config-chain "~1.1.11"
      detect-indent "~5.0.0"
      dezalgo "~1.0.3"
      editor "~1.0.0"
      fs-vacuum "~1.2.10"
      fs-write-stream-atomic "~1.0.10"
      fstream "~1.0.11"
      fstream-npm "~1.2.1"
      glob "~7.1.2"
      graceful-fs "~4.1.11"
      has-unicode "~2.0.1"
      hosted-git-info "~2.5.0"
      iferr "~0.1.5"
      inflight "~1.0.6"
      inherits "~2.0.3"
      ini "~1.3.4"
      init-package-json "~1.10.1"
      lazy-property "~1.0.0"
      lockfile "~1.0.3"
      lodash._baseuniq "~4.6.0"
      lodash.clonedeep "~4.5.0"
      lodash.union "~4.6.0"
      lodash.uniq "~4.5.0"
      lodash.without "~4.4.0"
      lru-cache "~4.1.1"
      mississippi "~1.3.0"
      mkdirp "~0.5.1"
      move-concurrently "~1.0.1"
      node-gyp "~3.6.2"
      nopt "~4.0.1"
      normalize-package-data "~2.4.0"
      npm-cache-filename "~1.0.2"
      npm-install-checks "~3.0.0"
      npm-package-arg "~5.1.2"
      npm-registry-client "~8.4.0"
      npm-user-validate "~1.0.0"
      npmlog "~4.1.2"
      once "~1.4.0"
      opener "~1.4.3"
      osenv "~0.1.4"
      pacote "~2.7.38"
      path-is-inside "~1.0.2"
      promise-inflight "~1.0.1"
      read "~1.0.7"
      read-cmd-shim "~1.0.1"
      read-installed "~4.0.3"
      read-package-json "~2.0.9"
      read-package-tree "~5.1.6"
      readable-stream "~2.3.2"
      request "~2.81.0"
      retry "~0.10.1"
      rimraf "~2.6.1"
      safe-buffer "~5.1.1"
      semver "~5.3.0"
      sha "~2.0.1"
      slide "~1.1.6"
      sorted-object "~2.0.1"
      sorted-union-stream "~2.1.3"
      ssri "~4.1.6"
      strip-ansi "~4.0.0"
      tar "~2.2.1"
      text-table "~0.2.0"
      uid-number "0.0.6"
      umask "~1.1.0"
      unique-filename "~1.1.0"
      unpipe "~1.0.0"
      update-notifier "~2.2.0"
      uuid "~3.1.0"
      validate-npm-package-name "~3.0.0"
      which "~1.2.14"
      worker-farm "~1.3.1"
      wrappy "~1.0.2"
      write-file-atomic "~2.1.0"
  
  "npmlog@0 || 1 || 2 || 3 || 4", "npmlog@2 || ^3.1.0 || ^4.0.0", npmlog@~4.1.2:
    version "4.1.2"
    resolved "https://registry.npmjs.org/npmlog/-/npmlog-4.1.2.tgz"
    integrity sha512-2uUqazuKlTaSI/dC8AzicUck7+IrEaOnN/e0jd3Xtt1KcGpwx30v50mL7oPyr/h9bL3E4aZccVwpwP+5W9Vjkg==
    dependencies:
      are-we-there-yet "~1.1.2"
      console-control-strings "~1.1.0"
      gauge "~2.7.3"
      set-blocking "~2.0.0"
  
  npx@^10.2.2:
    version "10.2.2"
    resolved "https://registry.npmjs.org/npx/-/npx-10.2.2.tgz"
    integrity sha512-eImmySusyeWphzs5iNh791XbZnZG0FSNvM4KSah34pdQQIDsdTDhIwg1sjN3AIVcjGLpbQ/YcfqHPshKZQK1fA==
    dependencies:
      libnpx "10.2.2"
      npm "5.1.0"
  
  number-is-nan@^1.0.0:
    version "1.0.1"
    resolved "https://registry.npmjs.org/number-is-nan/-/number-is-nan-1.0.1.tgz"
    integrity sha512-4jbtZXNAsfZbAHiiqjLPBiCl16dES1zI4Hpzzxw61Tk+loF+sBDBKx1ICKKKwIqQ7M0mFn1TmkN7euSncWgHiQ==
  
  oauth-sign@~0.8.1:
    version "0.8.2"
    resolved "https://registry.yarnpkg.com/oauth-sign/-/oauth-sign-0.8.2.tgz#46a6ab7f0aead8deae9ec0565780b7d4efeb9d43"
    integrity sha512-VlF07iu3VV3+BTXj43Nmp6Irt/G7j/NgEctUS6IweH1RGhURjjCc2NWtzXFPXXWWfc7hgbXQdtiQu2LGp6MxUg==
  
  oauth-sign@~0.9.0:
    version "0.9.0"
    resolved "https://registry.yarnpkg.com/oauth-sign/-/oauth-sign-0.9.0.tgz#47a7b016baa68b5fa0ecf3dee08a85c679ac6455"
    integrity sha512-fexhUFFPTGV8ybAtSIGbV6gOkSv8UtRbDBnAyLQw4QPKkgNlsH2ByPGtMUqdWkos6YCRmAqViwgZrJc/mRDzZQ==
  
  object-assign@^4.0.1, object-assign@^4.1.0, object-assign@^4.1.1:
    version "4.1.1"
    resolved "https://registry.yarnpkg.com/object-assign/-/object-assign-4.1.1.tgz#2109adc7965887cfc05cbbd442cac8bfbb360863"
    integrity sha512-rJgTQnkUnH1sFw8yT6VSU3zD3sWmu6sZhIseY8VX+GRu3P6F7Fu+JNDoXfklElbLJSnc3FUQHVe4cU5hj+BcUg==
  
  object-hash@^3.0.0:
    version "3.0.0"
    resolved "https://registry.npmjs.org/object-hash/-/object-hash-3.0.0.tgz"
    integrity sha512-RSn9F68PjH9HqtltsSnqYC1XXoWe9Bju5+213R98cNGttag9q9yAOTzdbsqvIa7aNm5WffBZFpWYr2aWrklWAw==
  
  object-inspect@^1.13.1, object-inspect@^1.13.3:
    version "1.13.3"
    resolved "https://registry.npmjs.org/object-inspect/-/object-inspect-1.13.3.tgz"
    integrity sha512-kDCGIbxkDSXE3euJZZXzc6to7fCrKHNI/hSRQnRuQ+BWjFNzZwiFF8fj/6o2t2G9/jTj8PSIYTfCLelLZEeRpA==
  
  object-keys@^1.1.1:
    version "1.1.1"
    resolved "https://registry.npmjs.org/object-keys/-/object-keys-1.1.1.tgz"
    integrity sha512-NuAESUOUMrlIXOfHKzD6bpPu3tYt3xvjNdRIQ+FeT0lNb4K8WR70CaDxhuNguS2XG+GjkyMwOzsN5ZktImfhLA==
  
  object.assign@^4.1.4, object.assign@^4.1.5:
    version "4.1.5"
    resolved "https://registry.npmjs.org/object.assign/-/object.assign-4.1.5.tgz"
    integrity sha512-byy+U7gp+FVwmyzKPYhW2h5l3crpmGsxl7X2s8y43IgxvG4g3QZ6CffDtsNQy1WsmZpQbO+ybo0AlW7TY6DcBQ==
    dependencies:
      call-bind "^1.0.5"
      define-properties "^1.2.1"
      has-symbols "^1.0.3"
      object-keys "^1.1.1"
  
  object.entries@^1.1.8:
    version "1.1.8"
    resolved "https://registry.npmjs.org/object.entries/-/object.entries-1.1.8.tgz"
    integrity sha512-cmopxi8VwRIAw/fkijJohSfpef5PdN0pMQJN6VC/ZKvn0LIknWD8KtgY6KlQdEc4tIjcQ3HxSMmnvtzIscdaYQ==
    dependencies:
      call-bind "^1.0.7"
      define-properties "^1.2.1"
      es-object-atoms "^1.0.0"
  
  object.fromentries@^2.0.8:
    version "2.0.8"
    resolved "https://registry.npmjs.org/object.fromentries/-/object.fromentries-2.0.8.tgz"
    integrity sha512-k6E21FzySsSK5a21KRADBd/NGneRegFO5pLHfdQLpRDETUNJueLXs3WCzyQ3tFRDYgbq3KHGXfTbi2bs8WQ6rQ==
    dependencies:
      call-bind "^1.0.7"
      define-properties "^1.2.1"
      es-abstract "^1.23.2"
      es-object-atoms "^1.0.0"
  
  object.groupby@^1.0.3:
    version "1.0.3"
    resolved "https://registry.npmjs.org/object.groupby/-/object.groupby-1.0.3.tgz"
    integrity sha512-+Lhy3TQTuzXI5hevh8sBGqbmurHbbIjAi0Z4S63nthVLmLxfbj4T54a4CfZrXIrt9iP4mVAPYMo/v99taj3wjQ==
    dependencies:
      call-bind "^1.0.7"
      define-properties "^1.2.1"
      es-abstract "^1.23.2"
  
  object.values@^1.1.6, object.values@^1.2.0:
    version "1.2.0"
    resolved "https://registry.npmjs.org/object.values/-/object.values-1.2.0.tgz"
    integrity sha512-yBYjY9QX2hnRmZHAjG/f13MzmBzxzYgQhFrke06TTyKY5zSTEqkOeukBzIdVA3j3ulu8Qa3MbVFShV7T2RmGtQ==
    dependencies:
      call-bind "^1.0.7"
      define-properties "^1.2.1"
      es-object-atoms "^1.0.0"
  
  once@^1.3.0, once@^1.3.1, once@^1.3.3, once@^1.4.0, once@~1.4.0:
    version "1.4.0"
    resolved "https://registry.npmjs.org/once/-/once-1.4.0.tgz"
    integrity sha512-lNaJgI+2Q5URQBkccEKHTQOPaXdUxnZZElQTZY0MFUAuaEqe1E+Nyvgdz/aIyNi6Z9MzO5dv1H8n58/GELp3+w==
    dependencies:
      wrappy "1"
  
  opener@~1.4.3:
    version "1.4.3"
    resolved "https://registry.yarnpkg.com/opener/-/opener-1.4.3.tgz#5c6da2c5d7e5831e8ffa3964950f8d6674ac90b8"
    integrity sha512-4Im9TrPJcjAYyGR5gBe3yZnBzw5n3Bfh1ceHHGNOpMurINKc6RdSIPXMyon4BZacJbJc36lLkhipioGbWh5pwg==
  
  optionator@^0.9.3:
    version "0.9.4"
    resolved "https://registry.npmjs.org/optionator/-/optionator-0.9.4.tgz"
    integrity sha512-6IpQ7mKUxRcZNLIObR0hz7lxsapSSIYNZJwXPGeF0mTVqGKFIXj1DQcMoT22S3ROcLyY/rz0PWaWZ9ayWmad9g==
    dependencies:
      deep-is "^0.1.3"
      fast-levenshtein "^2.0.6"
      levn "^0.4.1"
      prelude-ls "^1.2.1"
      type-check "^0.4.0"
      word-wrap "^1.2.5"
  
  os-homedir@^1.0.0:
    version "1.0.2"
    resolved "https://registry.npmjs.org/os-homedir/-/os-homedir-1.0.2.tgz"
    integrity sha512-B5JU3cabzk8c67mRRd3ECmROafjYMXbuzlwtqdM8IbS8ktlTix8aFGb2bAGKrSRIlnfKwovGUUr72JUPyOb6kQ==
  
  os-locale@^3.1.0:
    version "3.1.0"
    resolved "https://registry.npmjs.org/os-locale/-/os-locale-3.1.0.tgz"
    integrity sha512-Z8l3R4wYWM40/52Z+S265okfFj8Kt2cC2MKY+xNi3kFs+XGI7WXu/I309QQQYbRW4ijiZ+yxs9pqEhJh0DqW3Q==
    dependencies:
      execa "^1.0.0"
      lcid "^2.0.0"
      mem "^4.0.0"
  
  os-tmpdir@^1.0.0:
    version "1.0.2"
    resolved "https://registry.npmjs.org/os-tmpdir/-/os-tmpdir-1.0.2.tgz"
    integrity sha512-D2FR03Vir7FIu45XBY20mTb+/ZSWB00sjU9jdQXt83gDrI4Ztz5Fs7/yy74g2N5SVQY4xY1qDr4rNddwYRVX0g==
  
  osenv@0, osenv@^0.1.4, osenv@^0.1.5, osenv@~0.1.4:
    version "0.1.5"
    resolved "https://registry.npmjs.org/osenv/-/osenv-0.1.5.tgz"
    integrity sha512-0CWcCECdMVc2Rw3U5w9ZjqX6ga6ubk1xDVKxtBQPK7wis/0F2r9T6k4ydGYhecl7YUBxBVxhL5oisPsNxAPe2g==
    dependencies:
      os-homedir "^1.0.0"
      os-tmpdir "^1.0.0"
  
  p-defer@^1.0.0:
    version "1.0.0"
    resolved "https://registry.npmjs.org/p-defer/-/p-defer-1.0.0.tgz"
    integrity sha512-wB3wfAxZpk2AzOfUMJNL+d36xothRSyj8EXOa4f6GMqYDN9BJaaSISbsk+wS9abmnebVw95C2Kb5t85UmpCxuw==
  
  p-finally@^1.0.0:
    version "1.0.0"
    resolved "https://registry.npmjs.org/p-finally/-/p-finally-1.0.0.tgz"
    integrity sha512-LICb2p9CB7FS+0eR1oqWnHhp0FljGLZCWBE9aix0Uye9W8LTQPwMTYVGWQWIw9RdQiDg4+epXQODwIYJtSJaow==
  
  p-is-promise@^2.0.0:
    version "2.1.0"
    resolved "https://registry.npmjs.org/p-is-promise/-/p-is-promise-2.1.0.tgz"
    integrity sha512-Y3W0wlRPK8ZMRbNq97l4M5otioeA5lm1z7bkNkxCka8HSPjR0xRWmpCmc9utiaLP9Jb1eD8BgeIxTW4AIF45Pg==
  
  p-limit@^1.1.0:
    version "1.3.0"
    resolved "https://registry.npmjs.org/p-limit/-/p-limit-1.3.0.tgz"
    integrity sha512-vvcXsLAJ9Dr5rQOPk7toZQZJApBl2K4J6dANSsEuh6QI41JYcsS/qhTGa9ErIUUgK3WNQoJYvylxvjqmiqEA9Q==
    dependencies:
      p-try "^1.0.0"
  
  p-limit@^3.0.2:
    version "3.1.0"
    resolved "https://registry.npmjs.org/p-limit/-/p-limit-3.1.0.tgz"
    integrity sha512-TYOanM3wGwNGsZN2cVTYPArw454xnXj5qmWF1bEoAc4+cU/ol7GVh7odevjp1FNHduHc3KZMcFduxU5Xc6uJRQ==
    dependencies:
      yocto-queue "^0.1.0"
  
  p-locate@^2.0.0:
    version "2.0.0"
    resolved "https://registry.npmjs.org/p-locate/-/p-locate-2.0.0.tgz"
    integrity sha512-nQja7m7gSKuewoVRen45CtVfODR3crN3goVQ0DDZ9N3yHxgpkuBhZqsaiotSQRrADUrne346peY7kT3TSACykg==
    dependencies:
      p-limit "^1.1.0"
  
  p-locate@^5.0.0:
    version "5.0.0"
    resolved "https://registry.npmjs.org/p-locate/-/p-locate-5.0.0.tgz"
    integrity sha512-LaNjtRWUBY++zB5nE/NwcaoMylSPk+S+ZHNB1TzdbMJMny6dynpAGt7X/tl/QYq3TIeE6nxHppbo2LGymrG5Pw==
    dependencies:
      p-limit "^3.0.2"
  
  p-try@^1.0.0:
    version "1.0.0"
    resolved "https://registry.npmjs.org/p-try/-/p-try-1.0.0.tgz"
    integrity sha512-U1etNYuMJoIz3ZXSrrySFjsXQTWOx2/jdi86L+2pRvph/qMKL6sbcCYdH23fqsbm8TH2Gn0OybpT4eSFlCVHww==
  
  package-json@^4.0.0:
    version "4.0.1"
    resolved "https://registry.npmjs.org/package-json/-/package-json-4.0.1.tgz"
    integrity sha512-q/R5GrMek0vzgoomq6rm9OX+3PQve8sLwTirmK30YB3Cu0Bbt9OX9M/SIUnroN5BGJkzwGsFwDaRGD9EwBOlCA==
    dependencies:
      got "^6.7.1"
      registry-auth-token "^3.0.1"
      registry-url "^3.0.3"
      semver "^5.1.0"
  
  pacote@~2.7.38:
    version "2.7.38"
    resolved "https://registry.yarnpkg.com/pacote/-/pacote-2.7.38.tgz#5091f8774298c26c3eca24606037f1bb73db74c1"
    integrity sha512-XxHUyHQB7QCVBxoXeVu0yKxT+2PvJucsc0+1E+6f95lMUxEAYERgSAc71ckYXrYr35Ew3xFU/LrhdIK21GQFFA==
    dependencies:
      bluebird "^3.5.0"
      cacache "^9.2.9"
      glob "^7.1.2"
      lru-cache "^4.1.1"
      make-fetch-happen "^2.4.13"
      minimatch "^3.0.4"
      mississippi "^1.2.0"
      normalize-package-data "^2.4.0"
      npm-package-arg "^5.1.2"
      npm-pick-manifest "^1.0.4"
      osenv "^0.1.4"
      promise-inflight "^1.0.1"
      promise-retry "^1.1.1"
      protoduck "^4.0.0"
      safe-buffer "^5.1.1"
      semver "^5.3.0"
      ssri "^4.1.6"
      tar-fs "^1.15.3"
      tar-stream "^1.5.4"
      unique-filename "^1.1.0"
      which "^1.2.12"
  
  parallel-transform@^1.1.0:
    version "1.2.0"
    resolved "https://registry.yarnpkg.com/parallel-transform/-/parallel-transform-1.2.0.tgz#9049ca37d6cb2182c3b1d2c720be94d14a5814fc"
    integrity sha512-P2vSmIu38uIlvdcU7fDkyrxj33gTUy/ABO5ZUbGowxNCopBq/OoD42bP4UmMrJoPyk4Uqf0mu3mtWBhHCZD8yg==
    dependencies:
      cyclist "^1.0.1"
      inherits "^2.0.3"
      readable-stream "^2.1.5"
  
  parent-module@^1.0.0:
    version "1.0.1"
    resolved "https://registry.npmjs.org/parent-module/-/parent-module-1.0.1.tgz"
    integrity sha512-GQ2EWRpQV8/o+Aw8YqtfZZPfNRWZYkbidE9k5rpl/hC3vtHHBfGm2Ifi6qWV+coDGkrUKZAxE3Lot5kcsRlh+g==
    dependencies:
      callsites "^3.0.0"
  
  path-exists@^3.0.0:
    version "3.0.0"
    resolved "https://registry.npmjs.org/path-exists/-/path-exists-3.0.0.tgz"
    integrity sha512-bpC7GYwiDYQ4wYLe+FA8lhRjhQCMcQGuSgGGqDkg/QerRWw9CmGRT0iSOVRSZJ29NMLZgIzqaljJ63oaL4NIJQ==
  
  path-exists@^4.0.0:
    version "4.0.0"
    resolved "https://registry.npmjs.org/path-exists/-/path-exists-4.0.0.tgz"
    integrity sha512-ak9Qy5Q7jYb2Wwcey5Fpvg2KoAc/ZIhLSLOSBmRmygPsGwkVVt0fZa0qrtMz+m6tJTAHfZQ8FnmB4MG4LWy7/w==
  
  path-is-absolute@^1.0.0:
    version "1.0.1"
    resolved "https://registry.npmjs.org/path-is-absolute/-/path-is-absolute-1.0.1.tgz"
    integrity sha512-AVbw3UJ2e9bq64vSaS9Am0fje1Pa8pbGqTTsmXfaIiMpnr5DlDhfJOuLj9Sf95ZPVDAUerDfEk88MPmPe7UCQg==
  
  path-is-inside@^1.0.1, path-is-inside@~1.0.2:
    version "1.0.2"
    resolved "https://registry.npmjs.org/path-is-inside/-/path-is-inside-1.0.2.tgz"
    integrity sha512-DUWJr3+ULp4zXmol/SZkFf3JGsS9/SIv+Y3Rt93/UjPpDpklB5f1er4O3POIbUuUJ3FXgqte2Q7SrU6zAqwk8w==
  
  path-key@^2.0.0, path-key@^2.0.1:
    version "2.0.1"
    resolved "https://registry.npmjs.org/path-key/-/path-key-2.0.1.tgz"
    integrity sha512-fEHGKCSmUSDPv4uoj8AlD+joPlq3peND+HRYyxFz4KPw4z926S/b8rIuFs2FYJg3BwsxJf6A9/3eIdLaYC+9Dw==
  
  path-key@^3.1.0:
    version "3.1.1"
    resolved "https://registry.npmjs.org/path-key/-/path-key-3.1.1.tgz"
    integrity sha512-ojmeN0qd+y0jszEtoY48r0Peq5dwMEkIlCOu6Q5f41lfkswXuKtYrhgoTpLnyIcHm24Uhqx+5Tqm2InSwLhE6Q==
  
  path-parse@^1.0.7:
    version "1.0.7"
    resolved "https://registry.npmjs.org/path-parse/-/path-parse-1.0.7.tgz"
    integrity sha512-LDJzPVEEEPR+y48z93A0Ed0yXb8pAByGWo/k5YYdYgpY2/2EsOsksJrq7lOHxryrVOn1ejG6oAp8ahvOIQD8sw==
  
  path-scurry@^1.10.1:
    version "1.11.1"
    resolved "https://registry.npmjs.org/path-scurry/-/path-scurry-1.11.1.tgz"
    integrity sha512-Xa4Nw17FS9ApQFJ9umLiJS4orGjm7ZzwUrwamcGQuHSzDyth9boKDaycYdDcZDuqYATXw4HFXgaqWTctW/v1HA==
    dependencies:
      lru-cache "^10.2.0"
      minipass "^5.0.0 || ^6.0.2 || ^7.0.0"
  
  path-type@^4.0.0:
    version "4.0.0"
    resolved "https://registry.npmjs.org/path-type/-/path-type-4.0.0.tgz"
    integrity sha512-gDKb8aZMDeD/tZWs9P6+q0J9Mwkdl6xMV8TjnGP3qJVJ06bdMgkbBlLU8IdfOsIsFz2BW1rNVT3XuNEl8zPAvw==
  
  performance-now@^0.2.0:
    version "0.2.0"
    resolved "https://registry.yarnpkg.com/performance-now/-/performance-now-0.2.0.tgz#33ef30c5c77d4ea21c5a53869d91b56d8f2555e5"
    integrity sha512-YHk5ez1hmMR5LOkb9iJkLKqoBlL7WD5M8ljC75ZfzXriuBIVNuecaXuU7e+hOwyqf24Wxhh7Vxgt7Hnw9288Tg==
  
  performance-now@^2.1.0:
    version "2.1.0"
    resolved "https://registry.yarnpkg.com/performance-now/-/performance-now-2.1.0.tgz#6309f4e0e5fa913ec1c69307ae364b4b377c9e7b"
    integrity sha512-7EAHlyLHI56VEIdK57uwHdHKIaAGbnXPiw0yWbarQZOKaKpvUIgW0jWRVLiatnM+XXlSwsanIBH/hzGMJulMow==
  
  picocolors@^1.0.0, picocolors@^1.1.1:
    version "1.1.1"
    resolved "https://registry.npmjs.org/picocolors/-/picocolors-1.1.1.tgz"
    integrity sha512-xceH2snhtb5M9liqDsmEw56le376mTZkEX/jEb/RxNFyegNul7eNslCXP9FDj/Lcu0X8KEyMceP2ntpaHrDEVA==
  
  picomatch@^2.0.4, picomatch@^2.2.1, picomatch@^2.3.1:
    version "2.3.1"
    resolved "https://registry.npmjs.org/picomatch/-/picomatch-2.3.1.tgz"
    integrity sha512-JU3teHTNjmE2VCGFzuY8EXzCDVwEqB2a8fsIvwaStHhAWJEeVd1o1QD80CU6+ZdEXXSLbSsuLwJjkCBWqRQUVA==
  
  pify@^2.3.0:
    version "2.3.0"
    resolved "https://registry.npmjs.org/pify/-/pify-2.3.0.tgz"
    integrity sha512-udgsAY+fTnvv7kI7aaxbqwWNb0AHiB0qBO89PZKPkoTmGOgdbrHDKD+0B2X4uTfJ/FT1R09r9gTsjUjNJotuog==
  
  pify@^3.0.0:
    version "3.0.0"
    resolved "https://registry.npmjs.org/pify/-/pify-3.0.0.tgz"
    integrity sha512-C3FsVNH1udSEX48gGX1xfvwTWfsYWj5U+8/uK15BGzIGrKoUpghX8hWZwa/OFnakBiiVNmBvemTJR5mcy7iPcg==
  
  pirates@^4.0.1:
    version "4.0.6"
    resolved "https://registry.npmjs.org/pirates/-/pirates-4.0.6.tgz"
    integrity sha512-saLsH7WeYYPiD25LDuLRRY/i+6HaPYr6G1OUlN39otzkSTxKnubR9RTxS3/Kk50s1g2JTgFwWQDQyplC5/SHZg==
  
  possible-typed-array-names@^1.0.0:
    version "1.0.0"
    resolved "https://registry.npmjs.org/possible-typed-array-names/-/possible-typed-array-names-1.0.0.tgz"
    integrity sha512-d7Uw+eZoloe0EHDIYoe+bQ5WXnGMOpmiZFTuMWCwpjzzkL2nTjcKiAk4hh8TjnGye2TwWOk3UXucZ+3rbmBa8Q==
  
  postcss-import@^15.1.0:
    version "15.1.0"
    resolved "https://registry.npmjs.org/postcss-import/-/postcss-import-15.1.0.tgz"
    integrity sha512-hpr+J05B2FVYUAXHeK1YyI267J/dDDhMU6B6civm8hSY1jYJnBXxzKDKDswzJmtLHryrjhnDjqqp/49t8FALew==
    dependencies:
      postcss-value-parser "^4.0.0"
      read-cache "^1.0.0"
      resolve "^1.1.7"
  
  postcss-js@^4.0.1:
    version "4.0.1"
    resolved "https://registry.npmjs.org/postcss-js/-/postcss-js-4.0.1.tgz"
    integrity sha512-dDLF8pEO191hJMtlHFPRa8xsizHaM82MLfNkUHdUtVEV3tgTp5oj+8qbEqYM57SLfc74KSbw//4SeJma2LRVIw==
    dependencies:
      camelcase-css "^2.0.1"
  
  postcss-load-config@^4.0.2:
    version "4.0.2"
    resolved "https://registry.npmjs.org/postcss-load-config/-/postcss-load-config-4.0.2.tgz"
    integrity sha512-bSVhyJGL00wMVoPUzAVAnbEoWyqRxkjv64tUl427SKnPrENtq6hJwUojroMz2VB+Q1edmi4IfrAPpami5VVgMQ==
    dependencies:
      lilconfig "^3.0.0"
      yaml "^2.3.4"
  
  postcss-nested@^6.2.0:
    version "6.2.0"
    resolved "https://registry.npmjs.org/postcss-nested/-/postcss-nested-6.2.0.tgz"
    integrity sha512-HQbt28KulC5AJzG+cZtj9kvKB93CFCdLvog1WFLf1D+xmMvPGlBstkpTEZfK5+AN9hfJocyBFCNiqyS48bpgzQ==
    dependencies:
      postcss-selector-parser "^6.1.1"
  
  postcss-selector-parser@^6.1.1, postcss-selector-parser@^6.1.2:
    version "6.1.2"
    resolved "https://registry.npmjs.org/postcss-selector-parser/-/postcss-selector-parser-6.1.2.tgz"
    integrity sha512-Q8qQfPiZ+THO/3ZrOrO0cJJKfpYCagtMUkXbnEfmgUjwXg6z/WBeOyS9APBBPCTSiDV+s4SwQGu8yFsiMRIudg==
    dependencies:
      cssesc "^3.0.0"
      util-deprecate "^1.0.2"
  
  postcss-value-parser@^4.0.0:
    version "4.2.0"
    resolved "https://registry.npmjs.org/postcss-value-parser/-/postcss-value-parser-4.2.0.tgz"
    integrity sha512-1NNCs6uurfkVbeXG4S8JFT9t19m45ICnif8zWLd5oPSZ50QnwMfK+H3jv408d4jw/7Bttv5axS5IiHoLaVNHeQ==
  
  postcss@8.4.31:
    version "8.4.31"
    resolved "https://registry.npmjs.org/postcss/-/postcss-8.4.31.tgz"
    integrity sha512-PS08Iboia9mts/2ygV3eLpY5ghnUcfLV/EXTOW1E2qYxJKGGBUtNjN76FYHnMs36RmARn41bC0AZmn+rR0OVpQ==
    dependencies:
      nanoid "^3.3.6"
      picocolors "^1.0.0"
      source-map-js "^1.0.2"
  
  postcss@^8, postcss@^8.4.47:
    version "8.4.49"
    resolved "https://registry.npmjs.org/postcss/-/postcss-8.4.49.tgz"
    integrity sha512-OCVPnIObs4N29kxTjzLfUryOkvZEq+pf8jTF0lg8E7uETuWHA+v7j3c/xJmiqpX450191LlmZfUKkXxkTry7nA==
    dependencies:
      nanoid "^3.3.7"
      picocolors "^1.1.1"
      source-map-js "^1.2.1"
  
  prelude-ls@^1.2.1:
    version "1.2.1"
    resolved "https://registry.npmjs.org/prelude-ls/-/prelude-ls-1.2.1.tgz"
    integrity sha512-vkcDPrRZo1QZLbn5RLGPpg/WmIQ65qoWWhcGKf/b5eplkkarX0m9z8ppCat4mlOqUsWpyNuYgO3VRyrYHSzX5g==
  
  prepend-http@^1.0.1:
    version "1.0.4"
    resolved "https://registry.npmjs.org/prepend-http/-/prepend-http-1.0.4.tgz"
    integrity sha512-PhmXi5XmoyKw1Un4E+opM2KcsJInDvKyuOumcjjw3waw86ZNjHwVUOOWLc4bCzLdcKNaWBH9e99sbWzDQsVaYg==
  
  process-nextick-args@~2.0.0:
    version "2.0.1"
    resolved "https://registry.yarnpkg.com/process-nextick-args/-/process-nextick-args-2.0.1.tgz#7820d9b16120cc55ca9ae7792680ae7dba6d7fe2"
    integrity sha512-3ouUOpQhtgrbOa17J7+uxOTpITYWaGP7/AhoR3+A+/1e9skrzelGi/dXzEYyvbxubEF6Wn2ypscTKiKJFFn1ag==
  
  promise-inflight@^1.0.1, promise-inflight@~1.0.1:
    version "1.0.1"
    resolved "https://registry.npmjs.org/promise-inflight/-/promise-inflight-1.0.1.tgz"
    integrity sha512-6zWPyEOFaQBJYcGMHBKTKJ3u6TBsnMFOIZSa6ce1e/ZrrsOlnHRHbabMjLiBYKp+n44X9eUI6VUPaukCXHuG4g==
  
  promise-retry@^1.1.1:
    version "1.1.1"
    resolved "https://registry.npmjs.org/promise-retry/-/promise-retry-1.1.1.tgz"
    integrity sha512-StEy2osPr28o17bIW776GtwO6+Q+M9zPiZkYfosciUUMYqjhU/ffwRAH0zN2+uvGyUsn8/YICIHRzLbPacpZGw==
    dependencies:
      err-code "^1.0.0"
      retry "^0.10.0"
  
  promzard@^0.3.0:
    version "0.3.0"
    resolved "https://registry.yarnpkg.com/promzard/-/promzard-0.3.0.tgz#26a5d6ee8c7dee4cb12208305acfb93ba382a9ee"
    integrity sha512-JZeYqd7UAcHCwI+sTOeUDYkvEU+1bQ7iE0UT1MgB/tERkAPkesW46MrpIySzODi+owTjZtiF8Ay5j9m60KmMBw==
    dependencies:
      read "1"
  
  prop-types@^15.8.1:
    version "15.8.1"
    resolved "https://registry.npmjs.org/prop-types/-/prop-types-15.8.1.tgz"
    integrity sha512-oj87CgZICdulUohogVAR7AjlC0327U4el4L6eAvOqCeudMDVU0NThNaV+b9Df4dXgSP1gXMTnPdhfe/2qDH5cg==
    dependencies:
      loose-envify "^1.4.0"
      object-assign "^4.1.1"
      react-is "^16.13.1"
  
  proto-list@~1.2.1:
    version "1.2.4"
    resolved "https://registry.yarnpkg.com/proto-list/-/proto-list-1.2.4.tgz#212d5bfe1318306a420f6402b8e26ff39647a849"
    integrity sha512-vtK/94akxsTMhe0/cbfpR+syPuszcuwhqVjJq26CuNDgFGj682oRBXOP5MJpv2r7JtE8MsiepGIqvvOTBwn2vA==
  
  protoduck@^4.0.0:
    version "4.0.0"
    resolved "https://registry.yarnpkg.com/protoduck/-/protoduck-4.0.0.tgz#fe4874d8c7913366cfd9ead12453a22cd3657f8e"
    integrity sha512-9sxuz0YTU/68O98xuDn8NBxTVH9EuMhrBTxZdiBL0/qxRmWhB/5a8MagAebDa+98vluAZTs8kMZibCdezbRCeQ==
    dependencies:
      genfun "^4.0.1"
  
  prr@~1.0.1:
    version "1.0.1"
    resolved "https://registry.yarnpkg.com/prr/-/prr-1.0.1.tgz#d3fc114ba06995a45ec6893f484ceb1d78f5f476"
    integrity sha512-yPw4Sng1gWghHQWj0B3ZggWUm4qVbPwPFcRG8KyxiU7J2OHFSoEHKS+EZ3fv5l1t9CyCiop6l/ZYeWbrgoQejw==
  
  pseudomap@^1.0.2:
    version "1.0.2"
    resolved "https://registry.npmjs.org/pseudomap/-/pseudomap-1.0.2.tgz"
    integrity sha512-b/YwNhb8lk1Zz2+bXXpS/LK9OisiZZ1SNsSLxN1x2OXVEhW2Ckr/7mWE5vrC1ZTiJlD9g19jWszTmJsB+oEpFQ==
  
  psl@^1.1.28:
    version "1.10.0"
    resolved "https://registry.yarnpkg.com/psl/-/psl-1.10.0.tgz#1450f7e16f922c3beeb7bd9db3f312635018fa15"
    integrity sha512-KSKHEbjAnpUuAUserOq0FxGXCUrzC3WniuSJhvdbs102rL55266ZcHBqLWOsG30spQMlPdpy7icATiAQehg/iA==
    dependencies:
      punycode "^2.3.1"
  
  pump@^1.0.0:
    version "1.0.3"
    resolved "https://registry.yarnpkg.com/pump/-/pump-1.0.3.tgz#5dfe8311c33bbf6fc18261f9f34702c47c08a954"
    integrity sha512-8k0JupWme55+9tCVE+FS5ULT3K6AbgqrGa58lTT49RpyfwwcGedHqaC5LlQNdEAumn/wFsu6aPwkuPMioy8kqw==
    dependencies:
      end-of-stream "^1.1.0"
      once "^1.3.1"
  
  pump@^2.0.0, pump@^2.0.1:
    version "2.0.1"
    resolved "https://registry.yarnpkg.com/pump/-/pump-2.0.1.tgz#12399add6e4cf7526d973cbc8b5ce2e2908b3909"
    integrity sha512-ruPMNRkN3MHP1cWJc9OWr+T/xDP0jhXYCLfJcBuX54hhfIBnaQmAUMfDcG4DM5UMWByBbJY69QSphm3jtDKIkA==
    dependencies:
      end-of-stream "^1.1.0"
      once "^1.3.1"
  
  pump@^3.0.0:
    version "3.0.0"
    resolved "https://registry.npmjs.org/pump/-/pump-3.0.0.tgz"
    integrity sha512-LwZy+p3SFs1Pytd/jYct4wpv49HiYCqd9Rlc5ZVdk0V+8Yzv6jR5Blk3TRmPL1ft69TxP0IMZGJ+WPFU2BFhww==
    dependencies:
      end-of-stream "^1.1.0"
      once "^1.3.1"
  
  pumpify@^1.3.3:
    version "1.5.1"
    resolved "https://registry.yarnpkg.com/pumpify/-/pumpify-1.5.1.tgz#36513be246ab27570b1a374a5ce278bfd74370ce"
    integrity sha512-oClZI37HvuUJJxSKKrC17bZ9Cu0ZYhEAGPsPUy9KlMUmv9dKX2o77RUmq7f3XjIxbwyGwYzbzQ1L2Ks8sIradQ==
    dependencies:
      duplexify "^3.6.0"
      inherits "^2.0.3"
      pump "^2.0.0"
  
  punycode@^1.4.1:
    version "1.4.1"
    resolved "https://registry.yarnpkg.com/punycode/-/punycode-1.4.1.tgz#c0d5a63b2718800ad8e1eb0fa5269c84dd41845e"
    integrity sha512-jmYNElW7yvO7TV33CjSmvSiE2yco3bV2czu/OzDKdMNVZQWfxCblURLhf+47syQRBntjfLdd/H0egrzIG+oaFQ==
  
  punycode@^2.1.0, punycode@^2.1.1, punycode@^2.3.1:
    version "2.3.1"
    resolved "https://registry.yarnpkg.com/punycode/-/punycode-2.3.1.tgz#027422e2faec0b25e1549c3e1bd8309b9133b6e5"
    integrity sha512-vYt7UD1U9Wg6138shLtLOvdAu+8DsC/ilFtEVHcH+wydcSpNE20AfSOduf6MkRFahL5FY7X1oU7nKVZFtfq8Fg==
  
  qs@~6.4.0:
    version "6.4.1"
    resolved "https://registry.yarnpkg.com/qs/-/qs-6.4.1.tgz#2bad97710a5b661c366b378b1e3a44a592ff45e6"
    integrity sha512-LQy1Q1fcva/UsnP/6Iaa4lVeM49WiOitu2T4hZCyA/elLKu37L99qcBJk4VCCk+rdLvnMzfKyiN3SZTqdAZGSQ==
  
  qs@~6.5.2:
    version "6.5.3"
    resolved "https://registry.yarnpkg.com/qs/-/qs-6.5.3.tgz#3aeeffc91967ef6e35c0e488ef46fb296ab76aad"
    integrity sha512-qxXIEh4pCGfHICj1mAJQ2/2XVZkjCDTcEgfoSQxc/fYivUZxTkk7L3bDBJSoNrEzXI17oUO5Dp07ktqE5KzczA==
  
  queue-microtask@^1.2.2:
    version "1.2.3"
    resolved "https://registry.npmjs.org/queue-microtask/-/queue-microtask-1.2.3.tgz"
    integrity sha512-NuaNSa6flKT5JaSYQzJok04JzTL1CA6aGhv5rfLW3PgqA+M2ChpZQnAC8h8i4ZFkBS8X5RqkDBHA7r4hej3K9A==
  
  rc-util@^5.31.1:
    version "5.43.0"
    resolved "https://registry.npmjs.org/rc-util/-/rc-util-5.43.0.tgz"
    integrity sha512-AzC7KKOXFqAdIBqdGWepL9Xn7cm3vnAmjlHqUnoQaTMZYhM4VlXGLkkHHxj/BZ7Td0+SOPKB4RGPboBVKT9htw==
    dependencies:
      "@babel/runtime" "^7.18.3"
      react-is "^18.2.0"
  
  rc@^1.0.1, rc@^1.1.6:
    version "1.2.8"
    resolved "https://registry.npmjs.org/rc/-/rc-1.2.8.tgz"
    integrity sha512-y3bGgqKj3QBdxLbLkomlohkvsA8gdAiUQlSBJnBhfn+BPxg4bc62d8TcBW15wavDfgexCgccckhcZvywyQYPOw==
    dependencies:
      deep-extend "^0.6.0"
      ini "~1.3.0"
      minimist "^1.2.0"
      strip-json-comments "~2.0.1"
  
  react-dom@^18.3.1:
    version "18.3.1"
    resolved "https://registry.npmjs.org/react-dom/-/react-dom-18.3.1.tgz"
    integrity sha512-5m4nQKp+rZRb09LNH59GM4BxTh9251/ylbKIbpe7TpGxfJ+9kv6BLkLBXIjjspbgbnIBNqlI23tRnTWT0snUIw==
    dependencies:
      loose-envify "^1.1.0"
      scheduler "^0.23.2"
  
  react-hook-form@^7.53.2:
    version "7.53.2"
    resolved "https://registry.npmjs.org/react-hook-form/-/react-hook-form-7.53.2.tgz"
    integrity sha512-YVel6fW5sOeedd1524pltpHX+jgU2u3DSDtXEaBORNdqiNrsX/nUI/iGXONegttg0mJVnfrIkiV0cmTU6Oo2xw==
  
  react-icons@^5.2.1:
    version "5.3.0"
    resolved "https://registry.npmjs.org/react-icons/-/react-icons-5.3.0.tgz"
    integrity sha512-DnUk8aFbTyQPSkCfF8dbX6kQjXA9DktMeJqfjrg6cK9vwQVMxmcA3BfP4QoiztVmEHtwlTgLFsPuH2NskKT6eg==
  
  react-is@^16.13.1:
    version "16.13.1"
    resolved "https://registry.npmjs.org/react-is/-/react-is-16.13.1.tgz"
    integrity sha512-24e6ynE2H+OKt4kqsOvNd8kBpV65zoxbA4BVsEOB3ARVWQki/DHzaUoC5KuON/BiccDaCCTZBuOcfZs70kR8bQ==
  
  react-is@^17.0.2:
    version "17.0.2"
    resolved "https://registry.npmjs.org/react-is/-/react-is-17.0.2.tgz"
    integrity sha512-w2GsyukL62IJnlaff/nRegPQR94C/XXamvMWmSHRJ4y7Ts/4ocGRmTHvOs8PSE6pB3dWOrD/nueuU5sduBsQ4w==
  
  react-is@^18.2.0:
    version "18.3.1"
    resolved "https://registry.npmjs.org/react-is/-/react-is-18.3.1.tgz"
    integrity sha512-/LLMVyas0ljjAtoYiPqYiL8VWXzUUdThrmU5+n20DZv+a+ClRoevUzw5JxU+Ieh5/c87ytoTBV9G1FiKfNJdmg==
  
  react-remove-scroll-bar@^2.3.6:
    version "2.3.6"
    resolved "https://registry.npmjs.org/react-remove-scroll-bar/-/react-remove-scroll-bar-2.3.6.tgz"
    integrity sha512-DtSYaao4mBmX+HDo5YWYdBWQwYIQQshUV/dVxFxK+KM26Wjwp1gZ6rv6OC3oujI6Bfu6Xyg3TwK533AQutsn/g==
    dependencies:
      react-style-singleton "^2.2.1"
      tslib "^2.0.0"
  
  react-remove-scroll-bar@^2.3.7:
    version "2.3.8"
    resolved "https://registry.yarnpkg.com/react-remove-scroll-bar/-/react-remove-scroll-bar-2.3.8.tgz#99c20f908ee467b385b68a3469b4a3e750012223"
    integrity sha512-9r+yi9+mgU33AKcj6IbT9oRCO78WriSj6t/cF8DWBZJ9aOGPOTEDvdUDz1FwKim7QXWwmHqtdHnRJfhAxEG46Q==
    dependencies:
      react-style-singleton "^2.2.2"
      tslib "^2.0.0"
  
  react-remove-scroll@2.6.0:
    version "2.6.0"
    resolved "https://registry.npmjs.org/react-remove-scroll/-/react-remove-scroll-2.6.0.tgz"
    integrity sha512-I2U4JVEsQenxDAKaVa3VZ/JeJZe0/2DxPWL8Tj8yLKctQJQiZM52pn/GWFpSp8dftjM3pSAHVJZscAnC/y+ySQ==
    dependencies:
      react-remove-scroll-bar "^2.3.6"
      react-style-singleton "^2.2.1"
      tslib "^2.1.0"
      use-callback-ref "^1.3.0"
      use-sidecar "^1.1.2"
  
  react-remove-scroll@^2.6.1:
    version "2.6.2"
    resolved "https://registry.yarnpkg.com/react-remove-scroll/-/react-remove-scroll-2.6.2.tgz#2518d2c5112e71ea8928f1082a58459b5c7a2a97"
    integrity sha512-KmONPx5fnlXYJQqC62Q+lwIeAk64ws/cUw6omIumRzMRPqgnYqhSSti99nbj0Ry13bv7dF+BKn7NB+OqkdZGTw==
    dependencies:
      react-remove-scroll-bar "^2.3.7"
      react-style-singleton "^2.2.1"
      tslib "^2.1.0"
      use-callback-ref "^1.3.3"
      use-sidecar "^1.1.2"
  
  react-style-singleton@^2.2.1:
    version "2.2.1"
    resolved "https://registry.npmjs.org/react-style-singleton/-/react-style-singleton-2.2.1.tgz"
    integrity sha512-ZWj0fHEMyWkHzKYUr2Bs/4zU6XLmq9HsgBURm7g5pAVfyn49DgUiNgY2d4lXRlYSiCif9YBGpQleewkcqddc7g==
    dependencies:
      get-nonce "^1.0.0"
      invariant "^2.2.4"
      tslib "^2.0.0"
  
  react-style-singleton@^2.2.2:
    version "2.2.3"
    resolved "https://registry.yarnpkg.com/react-style-singleton/-/react-style-singleton-2.2.3.tgz#4265608be69a4d70cfe3047f2c6c88b2c3ace388"
    integrity sha512-b6jSvxvVnyptAiLjbkWLE/lOnR4lfTtDAl+eUC7RZy+QQWc6wRzIV2CE6xBuMmDxc2qIihtDCZD5NPOFl7fRBQ==
    dependencies:
      get-nonce "^1.0.0"
      tslib "^2.0.0"
  
  react-use-set@^1.0.0:
    version "1.0.0"
    resolved "https://registry.npmjs.org/react-use-set/-/react-use-set-1.0.0.tgz"
    integrity sha512-6BBbOcWc/tOKuwd9gDtdunvOr/g40S0SkCBYvrSJvpI0upzNlHmLoeDvylnoP8PrjQXItClAFxseVGGhEkk7kw==
  
  react-window@^1.8.8:
    version "1.8.10"
    resolved "https://registry.npmjs.org/react-window/-/react-window-1.8.10.tgz"
    integrity sha512-Y0Cx+dnU6NLa5/EvoHukUD0BklJ8qITCtVEPY1C/nL8wwoZ0b5aEw8Ff1dOVHw7fCzMt55XfJDd8S8W8LCaUCg==
    dependencies:
      "@babel/runtime" "^7.0.0"
      memoize-one ">=3.1.1 <6"
  
  react@^18.3.1:
    version "18.3.1"
    resolved "https://registry.npmjs.org/react/-/react-18.3.1.tgz"
    integrity sha512-wS+hAgJShR0KhEvPJArfuPVN1+Hz1t0Y6n5jLrGQbkb4urgPE/0Rve+1kMB1v/oWgHgm4WIcV+i7F2pTVj+2iQ==
    dependencies:
      loose-envify "^1.1.0"
  
  read-cache@^1.0.0:
    version "1.0.0"
    resolved "https://registry.npmjs.org/read-cache/-/read-cache-1.0.0.tgz"
    integrity sha512-Owdv/Ft7IjOgm/i0xvNDZ1LrRANRfew4b2prF3OWMQLxLfu3bS8FVhCsrSCMK4lR56Y9ya+AThoTpDCTxCmpRA==
    dependencies:
      pify "^2.3.0"
  
  read-cmd-shim@~1.0.1:
    version "1.0.5"
    resolved "https://registry.yarnpkg.com/read-cmd-shim/-/read-cmd-shim-1.0.5.tgz#87e43eba50098ba5a32d0ceb583ab8e43b961c16"
    integrity sha512-v5yCqQ/7okKoZZkBQUAfTsQ3sVJtXdNfbPnI5cceppoxEVLYA3k+VtV2omkeo8MS94JCy4fSiUwlRBAwCVRPUA==
    dependencies:
      graceful-fs "^4.1.2"
  
  read-installed@~4.0.3:
    version "4.0.3"
    resolved "https://registry.yarnpkg.com/read-installed/-/read-installed-4.0.3.tgz#ff9b8b67f187d1e4c29b9feb31f6b223acd19067"
    integrity sha512-O03wg/IYuV/VtnK2h/KXEt9VIbMUFbk3ERG0Iu4FhLZw0EP0T9znqrYDGn6ncbEsXUFaUjiVAWXHzxwt3lhRPQ==
    dependencies:
      debuglog "^1.0.1"
      read-package-json "^2.0.0"
      readdir-scoped-modules "^1.0.0"
      semver "2 || 3 || 4 || 5"
      slide "~1.1.3"
      util-extend "^1.0.1"
    optionalDependencies:
      graceful-fs "^4.1.2"
  
  "read-package-json@1 || 2", read-package-json@^2.0.0:
    version "2.1.2"
    resolved "https://registry.yarnpkg.com/read-package-json/-/read-package-json-2.1.2.tgz#6992b2b66c7177259feb8eaac73c3acd28b9222a"
    integrity sha512-D1KmuLQr6ZSJS0tW8hf3WGpRlwszJOXZ3E8Yd/DNRaM5d+1wVRZdHlpGBLAuovjr28LbWvjpWkBHMxpRGGjzNA==
    dependencies:
      glob "^7.1.1"
      json-parse-even-better-errors "^2.3.0"
      normalize-package-data "^2.0.0"
      npm-normalize-package-bin "^1.0.0"
  
  read-package-json@~2.0.9:
    version "2.0.13"
    resolved "https://registry.yarnpkg.com/read-package-json/-/read-package-json-2.0.13.tgz#2e82ebd9f613baa6d2ebe3aa72cefe3f68e41f4a"
    integrity sha512-/1dZ7TRZvGrYqE0UAfN6qQb5GYBsNcqS1C0tNK601CFOJmtHI7NIGXwetEPU/OtoFHZL3hDxm4rolFFVE9Bnmg==
    dependencies:
      glob "^7.1.1"
      json-parse-better-errors "^1.0.1"
      normalize-package-data "^2.0.0"
      slash "^1.0.0"
    optionalDependencies:
      graceful-fs "^4.1.2"
  
  read-package-tree@~5.1.6:
    version "5.1.6"
    resolved "https://registry.yarnpkg.com/read-package-tree/-/read-package-tree-5.1.6.tgz#4f03e83d0486856fb60d97c94882841c2a7b1b7a"
    integrity sha512-FCX1aT3GWyY658wzDICef4p+n0dB+ENRct8E/Qyvppj6xVpOYerBHfUu7OP5Rt1/393Tdglguf5ju5DEX4wZNg==
    dependencies:
      debuglog "^1.0.1"
      dezalgo "^1.0.0"
      once "^1.3.0"
      read-package-json "^2.0.0"
      readdir-scoped-modules "^1.0.0"
  
  read@1, read@~1.0.1, read@~1.0.7:
    version "1.0.7"
    resolved "https://registry.npmjs.org/read/-/read-1.0.7.tgz"
    integrity sha512-rSOKNYUmaxy0om1BNjMN4ezNT6VKK+2xF4GBhc81mkH7L60i6dp8qPYrkndNLT3QPphoII3maL9PVC9XmhHwVQ==
    dependencies:
      mute-stream "~0.0.4"
  
  "readable-stream@1 || 2", readable-stream@^2.0.0, readable-stream@^2.0.2, readable-stream@^2.0.6, readable-stream@^2.1.5, readable-stream@^2.2.2, readable-stream@^2.3.0, readable-stream@^2.3.5, readable-stream@^2.3.6, readable-stream@~2.3.2, readable-stream@~2.3.6:
    version "2.3.8"
    resolved "https://registry.yarnpkg.com/readable-stream/-/readable-stream-2.3.8.tgz#91125e8042bba1b9887f49345f6277027ce8be9b"
    integrity sha512-8p0AUk4XODgIewSi0l8Epjs+EVnWiK7NoDIEGU0HhE7+ZyY8D1IMY7odu5lRrFXGg71L15KG8QrPmum45RTtdA==
    dependencies:
      core-util-is "~1.0.0"
      inherits "~2.0.3"
      isarray "~1.0.0"
      process-nextick-args "~2.0.0"
      safe-buffer "~5.1.1"
      string_decoder "~1.1.1"
      util-deprecate "~1.0.1"
  
  readable-stream@~1.1.10:
    version "1.1.14"
    resolved "https://registry.yarnpkg.com/readable-stream/-/readable-stream-1.1.14.tgz#7cf4c54ef648e3813084c636dd2079e166c081d9"
    integrity sha512-+MeVjFf4L44XUkhM1eYbD8fyEsxcV81pqMSR5gblfcLCHfZvbrqy4/qYHE+/R5HoBUT11WV5O08Cr1n3YXkWVQ==
    dependencies:
      core-util-is "~1.0.0"
      inherits "~2.0.1"
      isarray "0.0.1"
      string_decoder "~0.10.x"
  
  readdir-scoped-modules@^1.0.0:
    version "1.1.0"
    resolved "https://registry.yarnpkg.com/readdir-scoped-modules/-/readdir-scoped-modules-1.1.0.tgz#8d45407b4f870a0dcaebc0e28670d18e74514309"
    integrity sha512-asaikDeqAQg7JifRsZn1NJZXo9E+VwlyCfbkZhwyISinqk5zNS6266HS5kah6P0SaQKGF6SkNnZVHUzHFYxYDw==
    dependencies:
      debuglog "^1.0.1"
      dezalgo "^1.0.0"
      graceful-fs "^4.1.2"
      once "^1.3.0"
  
  readdirp@~3.6.0:
    version "3.6.0"
    resolved "https://registry.npmjs.org/readdirp/-/readdirp-3.6.0.tgz"
    integrity sha512-hOS089on8RduqdbhvQ5Z37A0ESjsqz6qnRcffsMU3495FuTdqSm+7bhJ29JvIOsBDEEnan5DPu9t3To9VRlMzA==
    dependencies:
      picomatch "^2.2.1"
  
  reflect.getprototypeof@^1.0.4:
    version "1.0.6"
    resolved "https://registry.npmjs.org/reflect.getprototypeof/-/reflect.getprototypeof-1.0.6.tgz"
    integrity sha512-fmfw4XgoDke3kdI6h4xcUz1dG8uaiv5q9gcEwLS4Pnth2kxT+GZ7YehS1JTMGBQmtV7Y4GFGbs2re2NqhdozUg==
    dependencies:
      call-bind "^1.0.7"
      define-properties "^1.2.1"
      es-abstract "^1.23.1"
      es-errors "^1.3.0"
      get-intrinsic "^1.2.4"
      globalthis "^1.0.3"
      which-builtin-type "^1.1.3"
  
  regenerator-runtime@^0.14.0:
    version "0.14.1"
    resolved "https://registry.npmjs.org/regenerator-runtime/-/regenerator-runtime-0.14.1.tgz"
    integrity sha512-dYnhHh0nJoMfnkZs6GmmhFknAGRrLznOu5nc9ML+EJxGvrx6H7teuevqVqCuPcPK//3eDrrjQhehXVx9cnkGdw==
  
  regexp.prototype.flags@^1.5.2, regexp.prototype.flags@^1.5.3:
    version "1.5.3"
    resolved "https://registry.npmjs.org/regexp.prototype.flags/-/regexp.prototype.flags-1.5.3.tgz"
    integrity sha512-vqlC04+RQoFalODCbCumG2xIOvapzVMHwsyIGM/SIE8fRhFFsXeH8/QQ+s0T0kDAhKc4k30s73/0ydkHQz6HlQ==
    dependencies:
      call-bind "^1.0.7"
      define-properties "^1.2.1"
      es-errors "^1.3.0"
      set-function-name "^2.0.2"
  
  registry-auth-token@^3.0.1:
    version "3.4.0"
    resolved "https://registry.npmjs.org/registry-auth-token/-/registry-auth-token-3.4.0.tgz"
    integrity sha512-4LM6Fw8eBQdwMYcES4yTnn2TqIasbXuwDx3um+QRs7S55aMKCBKBxvPXl2RiUjHwuJLTyYfxSpmfSAjQpcuP+A==
    dependencies:
      rc "^1.1.6"
      safe-buffer "^5.0.1"
  
  registry-url@^3.0.3:
    version "3.1.0"
    resolved "https://registry.npmjs.org/registry-url/-/registry-url-3.1.0.tgz"
    integrity sha512-ZbgR5aZEdf4UKZVBPYIgaglBmSF2Hi94s2PcIHhRGFjKYu+chjJdYfHn4rt3hB6eCKLJ8giVIIfgMa1ehDfZKA==
    dependencies:
      rc "^1.0.1"
  
  "request@>=2.9.0 <2.82.0", request@~2.81.0:
    version "2.81.0"
    resolved "https://registry.yarnpkg.com/request/-/request-2.81.0.tgz#c6928946a0e06c5f8d6f8a9333469ffda46298a0"
    integrity sha512-IZnsR7voF0miGSu29EXPRgPTuEsI/+aibNSBbN1pplrfartF5wDYGADz3iD9vmBVf2r00rckWZf8BtS5kk7Niw==
    dependencies:
      aws-sign2 "~0.6.0"
      aws4 "^1.2.1"
      caseless "~0.12.0"
      combined-stream "~1.0.5"
      extend "~3.0.0"
      forever-agent "~0.6.1"
      form-data "~2.1.1"
      har-validator "~4.2.1"
      hawk "~3.1.3"
      http-signature "~1.1.0"
      is-typedarray "~1.0.0"
      isstream "~0.1.2"
      json-stringify-safe "~5.0.1"
      mime-types "~2.1.7"
      oauth-sign "~0.8.1"
      performance-now "^0.2.0"
      qs "~6.4.0"
      safe-buffer "^5.0.1"
      stringstream "~0.0.4"
      tough-cookie "~2.3.0"
      tunnel-agent "^0.6.0"
      uuid "^3.0.0"
  
  request@^2.74.0:
    version "2.88.2"
    resolved "https://registry.yarnpkg.com/request/-/request-2.88.2.tgz#d73c918731cb5a87da047e207234146f664d12b3"
    integrity sha512-MsvtOrfG9ZcrOwAW+Qi+F6HbD0CWXEh9ou77uOb7FM2WPhwT7smM833PzanhJLsgXjN89Ir6V2PczXNnMpwKhw==
    dependencies:
      aws-sign2 "~0.7.0"
      aws4 "^1.8.0"
      caseless "~0.12.0"
      combined-stream "~1.0.6"
      extend "~3.0.2"
      forever-agent "~0.6.1"
      form-data "~2.3.2"
      har-validator "~5.1.3"
      http-signature "~1.2.0"
      is-typedarray "~1.0.0"
      isstream "~0.1.2"
      json-stringify-safe "~5.0.1"
      mime-types "~2.1.19"
      oauth-sign "~0.9.0"
      performance-now "^2.1.0"
      qs "~6.5.2"
      safe-buffer "^5.1.2"
      tough-cookie "~2.5.0"
      tunnel-agent "^0.6.0"
      uuid "^3.3.2"
  
  require-directory@^2.1.1:
    version "2.1.1"
    resolved "https://registry.npmjs.org/require-directory/-/require-directory-2.1.1.tgz"
    integrity sha512-fGxEI7+wsG9xrvdjsrlmL22OMTTiHRwAMroiEeMgq8gzoLC/PQr7RsRDSTLUg/bZAZtF+TVIkHc6/4RIKrui+Q==
  
  require-main-filename@^1.0.1:
    version "1.0.1"
    resolved "https://registry.npmjs.org/require-main-filename/-/require-main-filename-1.0.1.tgz"
    integrity sha512-IqSUtOVP4ksd1C/ej5zeEh/BIP2ajqpn8c5x+q99gvcIG/Qf0cud5raVnE/Dwd0ua9TXYDoDc0RE5hBSdz22Ug==
  
  resolve-from@^4.0.0:
    version "4.0.0"
    resolved "https://registry.npmjs.org/resolve-from/-/resolve-from-4.0.0.tgz"
    integrity sha512-pb/MYmXstAkysRFx8piNI1tGFNQIFA3vkE3Gq4EuA1dF6gHp/+vgZqsCGJapvy8N3Q+4o7FwvquPJcnZ7RYy4g==
  
  resolve-pkg-maps@^1.0.0:
    version "1.0.0"
    resolved "https://registry.npmjs.org/resolve-pkg-maps/-/resolve-pkg-maps-1.0.0.tgz"
    integrity sha512-seS2Tj26TBVOC2NIc2rOe2y2ZO7efxITtLZcGSOnHHNOQ7CkiUBfw0Iw2ck6xkIhPwLhKNLS8BO+hEpngQlqzw==
  
  resolve@^1.1.7, resolve@^1.10.0, resolve@^1.22.4, resolve@^1.22.8:
    version "1.22.8"
    resolved "https://registry.yarnpkg.com/resolve/-/resolve-1.22.8.tgz#b6c87a9f2aa06dfab52e3d70ac8cde321fa5a48d"
    integrity sha512-oKWePCxqpd6FlLvGV1VU0x7bkPmmCNolxzjMf4NczoDnQcIWrAF+cPtZn5i6n+RfD2d9i0tzpKnG6Yk168yIyw==
    dependencies:
      is-core-module "^2.13.0"
      path-parse "^1.0.7"
      supports-preserve-symlinks-flag "^1.0.0"
  
  resolve@^2.0.0-next.5:
    version "2.0.0-next.5"
    resolved "https://registry.npmjs.org/resolve/-/resolve-2.0.0-next.5.tgz"
    integrity sha512-U7WjGVG9sH8tvjW5SmGbQuui75FiyjAX72HX15DwBBwF9dNiQZRQAg9nnPhYy+TUnE0+VcrttuvNI8oSxZcocA==
    dependencies:
      is-core-module "^2.13.0"
      path-parse "^1.0.7"
      supports-preserve-symlinks-flag "^1.0.0"
  
  retry@^0.10.0, retry@~0.10.1:
    version "0.10.1"
    resolved "https://registry.npmjs.org/retry/-/retry-0.10.1.tgz"
    integrity sha512-ZXUSQYTHdl3uS7IuCehYfMzKyIDBNoAuUblvy5oGO5UJSUTmStUUVPXbA9Qxd173Bgre53yCQczQuHgRWAdvJQ==
  
  reusify@^1.0.4:
    version "1.0.4"
    resolved "https://registry.npmjs.org/reusify/-/reusify-1.0.4.tgz"
    integrity sha512-U9nH88a3fc/ekCF1l0/UP1IosiuIjyTh7hBvXVMHYgVcfGvt897Xguj2UOLDeI5BG2m7/uwyaLVT6fbtCwTyzw==
  
  rimraf@2, rimraf@^2.5.2, rimraf@^2.5.4, rimraf@^2.6.1, rimraf@^2.6.2:
    version "2.7.1"
    resolved "https://registry.npmjs.org/rimraf/-/rimraf-2.7.1.tgz"
    integrity sha512-uWjbaKIK3T1OSVptzX7Nl6PvQ3qAGtKEtVRjRuazjfL3Bx5eI409VZSqgND+4UNnmzLVdPj9FqFJNPqBZFve4w==
    dependencies:
      glob "^7.1.3"
  
  rimraf@^3.0.2:
    version "3.0.2"
    resolved "https://registry.npmjs.org/rimraf/-/rimraf-3.0.2.tgz"
    integrity sha512-JZkJMZkAGFFPP2YqXZXPbMlMBgsxzE8ILs4lMIX/2o0L9UBw9O/Y3o6wFw/i9YLapcUJWwqbi3kdxIPdC62TIA==
    dependencies:
      glob "^7.1.3"
  
  rimraf@~2.6.1:
    version "2.6.3"
    resolved "https://registry.yarnpkg.com/rimraf/-/rimraf-2.6.3.tgz#b2d104fe0d8fb27cf9e0a1cda8262dd3833c6cab"
    integrity sha512-mwqeW5XsA2qAejG46gYdENaxXjx9onRNCfn7L0duuP4hCuTIi/QO7PDK07KJfp1d+izWPrzEJDcSqBa0OZQriA==
    dependencies:
      glob "^7.1.3"
  
  rsuite-table@^5.19.1:
    version "5.19.1"
    resolved "https://registry.npmjs.org/rsuite-table/-/rsuite-table-5.19.1.tgz"
    integrity sha512-PsG+z3GfwywDvPVEjZYVZcel0M6zOBAx2HKTgYLfct/yAzXJWPgW/eVuv9+8KmkcKzAh03UVYQdB88Gp7+RlGg==
    dependencies:
      "@babel/runtime" "^7.12.5"
      "@juggle/resize-observer" "^3.3.1"
      "@rsuite/icons" "^1.0.0"
      classnames "^2.3.1"
      dom-lib "^3.3.1"
      lodash "^4.17.21"
      react-is "^17.0.2"
  
  rsuite@^5.62.1:
    version "5.74.2"
    resolved "https://registry.npmjs.org/rsuite/-/rsuite-5.74.2.tgz"
    integrity sha512-po7gwyozn0yO2oxOVWzcFDiY7Qrzf3qcL3bh9z++3zRCBy8zRcWk3dWYlU1N6Io02fMa8HBpHv/+o/5XenY49Q==
    dependencies:
      "@babel/runtime" "^7.20.1"
      "@juggle/resize-observer" "^3.4.0"
      "@rsuite/icons" "^1.3.0"
      "@types/lodash" "^4.14.184"
      "@types/prop-types" "^15.7.5"
      "@types/react-window" "^1.8.5"
      classnames "^2.3.1"
      date-fns "^2.29.3"
      dom-lib "^3.3.1"
      lodash "^4.17.11"
      prop-types "^15.8.1"
      react-use-set "^1.0.0"
      react-window "^1.8.8"
      rsuite-table "^5.19.1"
      schema-typed "^2.2.2"
  
  run-parallel@^1.1.9:
    version "1.2.0"
    resolved "https://registry.npmjs.org/run-parallel/-/run-parallel-1.2.0.tgz"
    integrity sha512-5l4VyZR86LZ/lDxZTR6jqL8AFE2S0IFLMP26AbjsLVADxHdhB/c0GUsH+y39UfCi3dzz8OlQuPmnaJOMoDHQBA==
    dependencies:
      queue-microtask "^1.2.2"
  
  run-queue@^1.0.0, run-queue@^1.0.3:
    version "1.0.3"
    resolved "https://registry.npmjs.org/run-queue/-/run-queue-1.0.3.tgz"
    integrity sha512-ntymy489o0/QQplUDnpYAYUsO50K9SBrIVaKCWDOJzYJts0f9WH9RFJkyagebkw5+y1oi00R7ynNW/d12GBumg==
    dependencies:
      aproba "^1.1.1"
  
  safe-array-concat@^1.1.2:
    version "1.1.2"
    resolved "https://registry.npmjs.org/safe-array-concat/-/safe-array-concat-1.1.2.tgz"
    integrity sha512-vj6RsCsWBCf19jIeHEfkRMw8DPiBb+DMXklQ/1SGDHOMlHdPUkZXFQ2YdplS23zESTijAcurb1aSgJA3AgMu1Q==
    dependencies:
      call-bind "^1.0.7"
      get-intrinsic "^1.2.4"
      has-symbols "^1.0.3"
      isarray "^2.0.5"
  
  safe-buffer@^5.0.1, safe-buffer@^5.1.0, safe-buffer@^5.1.1, safe-buffer@^5.1.2:
    version "5.2.1"
    resolved "https://registry.yarnpkg.com/safe-buffer/-/safe-buffer-5.2.1.tgz#1eaf9fa9bdb1fdd4ec75f58f9cdb4e6b7827eec6"
    integrity sha512-rp3So07KcdmmKbGvgaNxQSJr7bGVSVk5S9Eq1F+ppbRo70+YeaDxkw5Dd8NPN+GD6bjnYm2VuPuCXmpuYvmCXQ==
  
  safe-buffer@~5.1.0, safe-buffer@~5.1.1:
    version "5.1.2"
    resolved "https://registry.yarnpkg.com/safe-buffer/-/safe-buffer-5.1.2.tgz#991ec69d296e0313747d59bdfd2b745c35f8828d"
    integrity sha512-Gd2UZBJDkXlY7GbJxfsE8/nvKkUEU1G38c1siN6QP6a9PT9MmHB8GnpscSmMJSoF8LOIrt8ud/wPtojys4G6+g==
  
  safe-regex-test@^1.0.3:
    version "1.0.3"
    resolved "https://registry.npmjs.org/safe-regex-test/-/safe-regex-test-1.0.3.tgz"
    integrity sha512-CdASjNJPvRa7roO6Ra/gLYBTzYzzPyyBXxIMdGW3USQLyjWEls2RgW5UBTXaQVp+OrpeCK3bLem8smtmheoRuw==
    dependencies:
      call-bind "^1.0.6"
      es-errors "^1.3.0"
      is-regex "^1.1.4"
  
  "safer-buffer@>= 2.1.2 < 3.0.0", safer-buffer@^2.0.2, safer-buffer@^2.1.0, safer-buffer@~2.1.0:
    version "2.1.2"
    resolved "https://registry.yarnpkg.com/safer-buffer/-/safer-buffer-2.1.2.tgz#44fa161b0187b9549dd84bb91802f9bd8385cd6a"
    integrity sha512-YZo3K82SD7Riyi0E1EQPojLz7kpepnSQI9IyPbHHg1XXXevb5dJI7tpyN2ADxGcQbHG7vcyRHk0cbwqcQriUtg==
  
  scheduler@^0.23.2:
    version "0.23.2"
    resolved "https://registry.npmjs.org/scheduler/-/scheduler-0.23.2.tgz"
    integrity sha512-UOShsPwz7NrMUqhR6t0hWjFduvOzbtv7toDH1/hIrfRNIDBnnBWd0CwJTGvTpngVlmwGCdP9/Zl/tVrDqcuYzQ==
    dependencies:
      loose-envify "^1.1.0"
  
  schema-typed@^2.2.2:
    version "2.2.2"
    resolved "https://registry.npmjs.org/schema-typed/-/schema-typed-2.2.2.tgz"
    integrity sha512-hRmqKr5V6UyhmZ0FixRVetgxvudRPjDynVZZRNq6t4EZHii7U33vmqd9uap3s4aqBcDg1JtubMNvCEmsZTpm3Q==
    dependencies:
      get-value "^3.0.1"
      set-value "^4.1.0"
  
  semver-diff@^2.0.0:
    version "2.1.0"
    resolved "https://registry.npmjs.org/semver-diff/-/semver-diff-2.1.0.tgz"
    integrity sha512-gL8F8L4ORwsS0+iQ34yCYv///jsOq0ZL7WP55d1HnJ32o7tyFYEFQZQA22mrLIacZdU6xecaBBZ+uEiffGNyXw==
    dependencies:
      semver "^5.0.3"
  
  "semver@2 >=2.2.1 || 3.x || 4 || 5", "semver@2 || 3 || 4 || 5", "semver@2.x || 3.x || 4 || 5", "semver@^2.3.0 || 3.x || 4 || 5", semver@^5.3.0, semver@~5.3.0:
    version "5.3.0"
    resolved "https://registry.npmjs.org/semver/-/semver-5.3.0.tgz"
    integrity sha512-mfmm3/H9+67MCVix1h+IXTpDwL6710LyHuk7+cWC9T1mE0qz4iHhh6r4hU2wrIT9iTsAAC2XQRvfblL028cpLw==
  
  semver@^5.0.3, semver@^5.1.0, semver@^5.5.0, semver@^5.6.0:
    version "5.7.2"
    resolved "https://registry.yarnpkg.com/semver/-/semver-5.7.2.tgz#48d55db737c3287cd4835e17fa13feace1c41ef8"
    integrity sha512-cBznnQ9KjJqU67B52RMC65CMarK2600WFnbkcaiwWq3xy/5haFJlshgnpjovMVJ+Hff49d8GEn0b87C5pDQ10g==
  
  semver@^6.3.1:
    version "6.3.1"
    resolved "https://registry.npmjs.org/semver/-/semver-6.3.1.tgz"
    integrity sha512-BR7VvDCVHO+q2xBEWskxS6DJE1qRnb7DxzUrogb71CWoSficBxYsiAGd+Kl0mmq/MprG9yArRkyrQxTO6XjMzA==
  
  semver@^7.5.4, semver@^7.6.3:
    version "7.6.3"
    resolved "https://registry.npmjs.org/semver/-/semver-7.6.3.tgz"
    integrity sha512-oVekP1cKtI+CTDvHWYFUcMtsK/00wmAEfyqKfNdARm8u1wNVhSgaX7A8d4UuIlUI5e84iEwOhs7ZPYRmzU9U6A==
  
  set-blocking@^2.0.0, set-blocking@~2.0.0:
    version "2.0.0"
    resolved "https://registry.npmjs.org/set-blocking/-/set-blocking-2.0.0.tgz"
    integrity sha512-KiKBS8AnWGEyLzofFfmvKwpdPzqiy16LvQfK3yv/fVH7Bj13/wl3JSR1J+rfgRE9q7xUJK4qvgS8raSOeLUehw==
  
  set-function-length@^1.2.1:
    version "1.2.2"
    resolved "https://registry.npmjs.org/set-function-length/-/set-function-length-1.2.2.tgz"
    integrity sha512-pgRc4hJ4/sNjWCSS9AmnS40x3bNMDTknHgL5UaMBTMyJnU90EgWh1Rz+MC9eFu4BuN/UwZjKQuY/1v3rM7HMfg==
    dependencies:
      define-data-property "^1.1.4"
      es-errors "^1.3.0"
      function-bind "^1.1.2"
      get-intrinsic "^1.2.4"
      gopd "^1.0.1"
      has-property-descriptors "^1.0.2"
  
  set-function-name@^2.0.1, set-function-name@^2.0.2:
    version "2.0.2"
    resolved "https://registry.npmjs.org/set-function-name/-/set-function-name-2.0.2.tgz"
    integrity sha512-7PGFlmtwsEADb0WYyvCMa1t+yke6daIG4Wirafur5kcf+MhUnPms1UeR0CKQdTZD81yESwMHbtn+TR+dMviakQ==
    dependencies:
      define-data-property "^1.1.4"
      es-errors "^1.3.0"
      functions-have-names "^1.2.3"
      has-property-descriptors "^1.0.2"
  
  set-value@^4.1.0:
    version "4.1.0"
    resolved "https://registry.npmjs.org/set-value/-/set-value-4.1.0.tgz"
    integrity sha512-zTEg4HL0RwVrqcWs3ztF+x1vkxfm0lP+MQQFPiMJTKVceBwEV0A569Ou8l9IYQG8jOZdMVI1hGsc0tmeD2o/Lw==
    dependencies:
      is-plain-object "^2.0.4"
      is-primitive "^3.0.1"
  
  sha@~2.0.1:
    version "2.0.1"
    resolved "https://registry.yarnpkg.com/sha/-/sha-2.0.1.tgz#6030822fbd2c9823949f8f72ed6411ee5cf25aae"
    integrity sha512-Lj/GiNro+/4IIvhDvTo2HDqTmQkbqgg/O3lbkM5lMgagriGPpWamxtq1KJPx7mCvyF1/HG6Hs7zaYaj4xpfXbA==
    dependencies:
      graceful-fs "^4.1.2"
      readable-stream "^2.0.2"
  
  sharp@^0.33.5:
    version "0.33.5"
    resolved "https://registry.yarnpkg.com/sharp/-/sharp-0.33.5.tgz#13e0e4130cc309d6a9497596715240b2ec0c594e"
    integrity sha512-haPVm1EkS9pgvHrQ/F3Xy+hgcuMV0Wm9vfIBSiwZ05k+xgb0PkBQpGsAA/oWdDobNaZTH5ppvHtzCFbnSEwHVw==
    dependencies:
      color "^4.2.3"
      detect-libc "^2.0.3"
      semver "^7.6.3"
    optionalDependencies:
      "@img/sharp-darwin-arm64" "0.33.5"
      "@img/sharp-darwin-x64" "0.33.5"
      "@img/sharp-libvips-darwin-arm64" "1.0.4"
      "@img/sharp-libvips-darwin-x64" "1.0.4"
      "@img/sharp-libvips-linux-arm" "1.0.5"
      "@img/sharp-libvips-linux-arm64" "1.0.4"
      "@img/sharp-libvips-linux-s390x" "1.0.4"
      "@img/sharp-libvips-linux-x64" "1.0.4"
      "@img/sharp-libvips-linuxmusl-arm64" "1.0.4"
      "@img/sharp-libvips-linuxmusl-x64" "1.0.4"
      "@img/sharp-linux-arm" "0.33.5"
      "@img/sharp-linux-arm64" "0.33.5"
      "@img/sharp-linux-s390x" "0.33.5"
      "@img/sharp-linux-x64" "0.33.5"
      "@img/sharp-linuxmusl-arm64" "0.33.5"
      "@img/sharp-linuxmusl-x64" "0.33.5"
      "@img/sharp-wasm32" "0.33.5"
      "@img/sharp-win32-ia32" "0.33.5"
      "@img/sharp-win32-x64" "0.33.5"
  
  shebang-command@^1.2.0:
    version "1.2.0"
    resolved "https://registry.npmjs.org/shebang-command/-/shebang-command-1.2.0.tgz"
    integrity sha512-EV3L1+UQWGor21OmnvojK36mhg+TyIKDh3iFBKBohr5xeXIhNBcx8oWdgkTEEQ+BEFFYdLRuqMfd5L84N1V5Vg==
    dependencies:
      shebang-regex "^1.0.0"
  
  shebang-command@^2.0.0:
    version "2.0.0"
    resolved "https://registry.npmjs.org/shebang-command/-/shebang-command-2.0.0.tgz"
    integrity sha512-kHxr2zZpYtdmrN1qDjrrX/Z1rR1kG8Dx+gkpK1G4eXmvXswmcE1hTWBWYUzlraYw1/yZp6YuDY77YtvbN0dmDA==
    dependencies:
      shebang-regex "^3.0.0"
  
  shebang-regex@^1.0.0:
    version "1.0.0"
    resolved "https://registry.npmjs.org/shebang-regex/-/shebang-regex-1.0.0.tgz"
    integrity sha512-wpoSFAxys6b2a2wHZ1XpDSgD7N9iVjg29Ph9uV/uaP9Ex/KXlkTZTeddxDPSYQpgvzKLGJke2UU0AzoGCjNIvQ==
  
  shebang-regex@^3.0.0:
    version "3.0.0"
    resolved "https://registry.npmjs.org/shebang-regex/-/shebang-regex-3.0.0.tgz"
    integrity sha512-7++dFhtcx3353uBaq8DDR4NuxBetBzC7ZQOhmTQInHEd6bSrXdiEyzCvG07Z44UYdLShWUyXt5M/yhz8ekcb1A==
  
  side-channel@^1.0.4, side-channel@^1.0.6:
    version "1.0.6"
    resolved "https://registry.npmjs.org/side-channel/-/side-channel-1.0.6.tgz"
    integrity sha512-fDW/EZ6Q9RiO8eFG8Hj+7u/oW+XrPTIChwCOM2+th2A6OblDtYYIpve9m+KvI9Z4C9qSEXlaGR6bTEYHReuglA==
    dependencies:
      call-bind "^1.0.7"
      es-errors "^1.3.0"
      get-intrinsic "^1.2.4"
      object-inspect "^1.13.1"
  
  signal-exit@^3.0.0, signal-exit@^3.0.2:
    version "3.0.7"
    resolved "https://registry.yarnpkg.com/signal-exit/-/signal-exit-3.0.7.tgz#a9a1767f8af84155114eaabd73f99273c8f59ad9"
    integrity sha512-wnD2ZE+l+SPC/uoS0vXeE9L1+0wuaMqKlfz9AMUo38JsyLSBWSFcHR1Rri62LZc12vLr1gb3jl7iwQhgwpAbGQ==
  
  signal-exit@^4.0.1:
    version "4.1.0"
    resolved "https://registry.npmjs.org/signal-exit/-/signal-exit-4.1.0.tgz"
    integrity sha512-bzyZ1e88w9O1iNJbKnOlvYTrWPDl46O1bG0D3XInv+9tkPrxrN8jUUTiFlDkkmKWgn1M6CfIA13SuGqOa9Korw==
  
  simple-swizzle@^0.2.2:
    version "0.2.2"
    resolved "https://registry.yarnpkg.com/simple-swizzle/-/simple-swizzle-0.2.2.tgz#a4da6b635ffcccca33f70d17cb92592de95e557a"
    integrity sha512-JA//kQgZtbuY83m+xT+tXJkmJncGMTFT+C+g2h2R9uxkYIrE2yy9sgmcLhCnw57/WSD+Eh3J97FPEDFnbXnDUg==
    dependencies:
      is-arrayish "^0.3.1"
  
  slash@^1.0.0:
    version "1.0.0"
    resolved "https://registry.yarnpkg.com/slash/-/slash-1.0.0.tgz#c41f2f6c39fc16d1cd17ad4b5d896114ae470d55"
    integrity sha512-3TYDR7xWt4dIqV2JauJr+EJeW356RXijHeUlO+8djJ+uBXPn8/2dpzBc8yQhh583sVvc9CvFAeQVgijsH+PNNg==
  
  slash@^3.0.0:
    version "3.0.0"
    resolved "https://registry.npmjs.org/slash/-/slash-3.0.0.tgz"
    integrity sha512-g9Q1haeby36OSStwb4ntCGGGaKsaVSjQ68fBxoQcutl5fS1vuY18H3wSt3jFyFtrkx+Kz0V1G85A4MyAdDMi2Q==
  
  slide@^1.1.3, slide@^1.1.5, slide@~1.1.3, slide@~1.1.6:
    version "1.1.6"
    resolved "https://registry.npmjs.org/slide/-/slide-1.1.6.tgz"
    integrity sha512-NwrtjCg+lZoqhFU8fOwl4ay2ei8PaqCBOUV3/ektPY9trO1yQ1oXEfmHAhKArUVUr/hOHvy5f6AdP17dCM0zMw==
  
  smart-buffer@^1.0.13:
    version "1.1.15"
    resolved "https://registry.yarnpkg.com/smart-buffer/-/smart-buffer-1.1.15.tgz#7f114b5b65fab3e2a35aa775bb12f0d1c649bf16"
    integrity sha512-1+8bxygjTsNfvQe0/0pNBesTOlSHtOeG6b6LYbvsZCCHDKYZ40zcQo6YTnZBWrBSLWOCbrHljLdEmGMYebu7aQ==
  
  sntp@1.x.x:
    version "1.0.9"
    resolved "https://registry.yarnpkg.com/sntp/-/sntp-1.0.9.tgz#6541184cc90aeea6c6e7b35e2659082443c66198"
    integrity sha512-7bgVOAnPj3XjrKY577S+puCKGCRlUrcrEdsMeRXlg9Ghf5df/xNi6sONUa43WrHUd3TjJBF7O04jYoiY0FVa0A==
    dependencies:
      hoek "2.x.x"
  
  socks-proxy-agent@^3.0.1:
    version "3.0.1"
    resolved "https://registry.yarnpkg.com/socks-proxy-agent/-/socks-proxy-agent-3.0.1.tgz#2eae7cf8e2a82d34565761539a7f9718c5617659"
    integrity sha512-ZwEDymm204mTzvdqyUqOdovVr2YRd2NYskrYrF2LXyZ9qDiMAoFESGK8CRphiO7rtbo2Y757k2Nia3x2hGtalA==
    dependencies:
      agent-base "^4.1.0"
      socks "^1.1.10"
  
  socks@^1.1.10:
    version "1.1.10"
    resolved "https://registry.yarnpkg.com/socks/-/socks-1.1.10.tgz#5b8b7fc7c8f341c53ed056e929b7bf4de8ba7b5a"
    integrity sha512-ArX4vGPULWjKDKgUnW8YzfI2uXW7kzgkJuB0GnFBA/PfT3exrrOk+7Wk2oeb894Qf20u1PWv9LEgrO0Z82qAzA==
    dependencies:
      ip "^1.1.4"
      smart-buffer "^1.0.13"
  
  sorted-object@~2.0.1:
    version "2.0.1"
    resolved "https://registry.yarnpkg.com/sorted-object/-/sorted-object-2.0.1.tgz#7d631f4bd3a798a24af1dffcfbfe83337a5df5fc"
    integrity sha512-oKAAs26HeTu3qbawzUGCkTOBv/5MRrcuJyRWwbfEnWdpXnXsj+WEM3HTvarV73tMcf9uBEZNZoNDVRL62VLxzA==
  
  sorted-union-stream@~2.1.3:
    version "2.1.3"
    resolved "https://registry.yarnpkg.com/sorted-union-stream/-/sorted-union-stream-2.1.3.tgz#c7794c7e077880052ff71a8d4a2dbb4a9a638ac7"
    integrity sha512-RaKskQJZkmVREIwyAFho1RRU+sKjDdg51Crvxg2VxmIyiIrNhPNoJD/by5/pklWBXAZoO6LfAAGv8xd47p9TnQ==
    dependencies:
      from2 "^1.3.0"
      stream-iterate "^1.1.0"
  
  source-map-js@^1.0.2, source-map-js@^1.2.1:
    version "1.2.1"
    resolved "https://registry.npmjs.org/source-map-js/-/source-map-js-1.2.1.tgz"
    integrity sha512-UXWMKhLOwVKb728IUtQPXxfYU+usdybtUrK/8uGE8CQMvrhOpwvzDBwj0QhSL7MQc7vIsISBG8VQ8+IDQxpfQA==
  
  spdx-correct@^3.0.0:
    version "3.2.0"
    resolved "https://registry.yarnpkg.com/spdx-correct/-/spdx-correct-3.2.0.tgz#4f5ab0668f0059e34f9c00dce331784a12de4e9c"
    integrity sha512-kN9dJbvnySHULIluDHy32WHRUu3Og7B9sbY7tsFLctQkIqnMh3hErYgdMjTYuqmcXX+lK5T1lnUt3G7zNswmZA==
    dependencies:
      spdx-expression-parse "^3.0.0"
      spdx-license-ids "^3.0.0"
  
  spdx-exceptions@^2.1.0:
    version "2.5.0"
    resolved "https://registry.yarnpkg.com/spdx-exceptions/-/spdx-exceptions-2.5.0.tgz#5d607d27fc806f66d7b64a766650fa890f04ed66"
    integrity sha512-PiU42r+xO4UbUS1buo3LPJkjlO7430Xn5SVAhdpzzsPHsjbYVflnnFdATgabnLude+Cqu25p6N+g2lw/PFsa4w==
  
  spdx-expression-parse@^3.0.0:
    version "3.0.1"
    resolved "https://registry.yarnpkg.com/spdx-expression-parse/-/spdx-expression-parse-3.0.1.tgz#cf70f50482eefdc98e3ce0a6833e4a53ceeba679"
    integrity sha512-cbqHunsQWnJNE6KhVSMsMeH5H/L9EpymbzqTQ3uLwNCLZ1Q481oWaofqH7nO6V07xlXwY6PhQdQ2IedWx/ZK4Q==
    dependencies:
      spdx-exceptions "^2.1.0"
      spdx-license-ids "^3.0.0"
  
  spdx-license-ids@^3.0.0:
    version "3.0.20"
    resolved "https://registry.yarnpkg.com/spdx-license-ids/-/spdx-license-ids-3.0.20.tgz#e44ed19ed318dd1e5888f93325cee800f0f51b89"
    integrity sha512-jg25NiDV/1fLtSgEgyvVyDunvaNHbuwF9lfNV17gSmPFAlYzdfNBlLtLzXTevwkPj7DhGbmN9VnmJIgLnhvaBw==
  
  sshpk@^1.7.0:
    version "1.18.0"
    resolved "https://registry.yarnpkg.com/sshpk/-/sshpk-1.18.0.tgz#1663e55cddf4d688b86a46b77f0d5fe363aba028"
    integrity sha512-2p2KJZTSqQ/I3+HX42EpYOa2l3f8Erv8MWKsy2I9uf4wA7yFIkXRffYdsx86y6z4vHtV8u7g+pPlr8/4ouAxsQ==
    dependencies:
      asn1 "~0.2.3"
      assert-plus "^1.0.0"
      bcrypt-pbkdf "^1.0.0"
      dashdash "^1.12.0"
      ecc-jsbn "~0.1.1"
      getpass "^0.1.1"
      jsbn "~0.1.0"
      safer-buffer "^2.0.2"
      tweetnacl "~0.14.0"
  
  ssri@^4.1.2, ssri@^4.1.6, ssri@~4.1.6:
    version "4.1.6"
    resolved "https://registry.npmjs.org/ssri/-/ssri-4.1.6.tgz"
    integrity sha512-WUbCdgSAMQjTFZRWvSPpauryvREEA+Krn19rx67UlJEJx/M192ZHxMmJXjZ4tkdFm+Sb0SXGlENeQVlA5wY7kA==
    dependencies:
      safe-buffer "^5.1.0"
  
  ssri@^5.0.0, ssri@^5.2.4:
    version "5.3.0"
    resolved "https://registry.yarnpkg.com/ssri/-/ssri-5.3.0.tgz#ba3872c9c6d33a0704a7d71ff045e5ec48999d06"
    integrity sha512-XRSIPqLij52MtgoQavH/x/dU1qVKtWUAAZeOHsR9c2Ddi4XerFy3mc1alf+dLJKl9EUIm/Ht+EowFkTUOA6GAQ==
    dependencies:
      safe-buffer "^5.1.1"
  
  stream-each@^1.1.0:
    version "1.2.3"
    resolved "https://registry.yarnpkg.com/stream-each/-/stream-each-1.2.3.tgz#ebe27a0c389b04fbcc233642952e10731afa9bae"
    integrity sha512-vlMC2f8I2u/bZGqkdfLQW/13Zihpej/7PmSiMQsbYddxuTsJp8vRe2x2FvVExZg7FaOds43ROAuFJwPR4MTZLw==
    dependencies:
      end-of-stream "^1.1.0"
      stream-shift "^1.0.0"
  
  stream-iterate@^1.1.0:
    version "1.2.0"
    resolved "https://registry.yarnpkg.com/stream-iterate/-/stream-iterate-1.2.0.tgz#2bd7c77296c1702a46488b8ad41f79865eecd4e1"
    integrity sha512-QVfGkdBQ8NzsSIiL3rV6AoFFWwMvlg1qpTwVQaMGY5XYThDUuNM4hYSzi8pbKlimTsWyQdaWRZE+jwlPsMiiZw==
    dependencies:
      readable-stream "^2.1.5"
      stream-shift "^1.0.0"
  
  stream-shift@^1.0.0:
    version "1.0.3"
    resolved "https://registry.yarnpkg.com/stream-shift/-/stream-shift-1.0.3.tgz#85b8fab4d71010fc3ba8772e8046cc49b8a3864b"
    integrity sha512-76ORR0DO1o1hlKwTbi/DM3EXWGf3ZJYO8cXX5RJwnul2DEg2oyoZyjLNoQM8WsvZiFKCRfC1O0J7iCvie3RZmQ==
  
  streamsearch@^1.1.0:
    version "1.1.0"
    resolved "https://registry.npmjs.org/streamsearch/-/streamsearch-1.1.0.tgz"
    integrity sha512-Mcc5wHehp9aXz1ax6bZUyY5afg9u2rv5cqQI3mRrYkGC8rW2hM02jWuwjtL++LS5qinSyhj2QfLyNsuc+VsExg==
  
  "string-width-cjs@npm:string-width@^4.2.0":
    version "4.2.3"
    resolved "https://registry.npmjs.org/string-width/-/string-width-4.2.3.tgz"
    integrity sha512-wKyQRQpjJ0sIp62ErSZdGsjMJWsap5oRNihHhu6G7JVO/9jIB6UyevL+tXuOqrng8j/cxKTWyWUwvSTriiZz/g==
    dependencies:
      emoji-regex "^8.0.0"
      is-fullwidth-code-point "^3.0.0"
      strip-ansi "^6.0.1"
  
  string-width@^1.0.1:
    version "1.0.2"
    resolved "https://registry.yarnpkg.com/string-width/-/string-width-1.0.2.tgz#118bdf5b8cdc51a2a7e70d211e07e2b0b9b107d3"
    integrity sha512-0XsVpQLnVCXHJfyEs8tC0zpTVIr5PKKsQtkT29IwupnPTjtPmQ3xT/4yCREF9hYkV/3M3kzcUTSAZT6a6h81tw==
    dependencies:
      code-point-at "^1.0.0"
      is-fullwidth-code-point "^1.0.0"
      strip-ansi "^3.0.0"
  
  "string-width@^1.0.2 || 2 || 3 || 4", string-width@^4.1.0:
    version "4.2.3"
    resolved "https://registry.yarnpkg.com/string-width/-/string-width-4.2.3.tgz#269c7117d27b05ad2e536830a8ec895ef9c6d010"
    integrity sha512-wKyQRQpjJ0sIp62ErSZdGsjMJWsap5oRNihHhu6G7JVO/9jIB6UyevL+tXuOqrng8j/cxKTWyWUwvSTriiZz/g==
    dependencies:
      emoji-regex "^8.0.0"
      is-fullwidth-code-point "^3.0.0"
      strip-ansi "^6.0.1"
  
  string-width@^2.0.0, string-width@^2.1.1:
    version "2.1.1"
    resolved "https://registry.npmjs.org/string-width/-/string-width-2.1.1.tgz"
    integrity sha512-nOqH59deCq9SRHlxq1Aw85Jnt4w6KvLKqWVik6oA9ZklXLNIOlqg4F2yrT1MVaTjAqvVwdfeZ7w7aCvJD7ugkw==
    dependencies:
      is-fullwidth-code-point "^2.0.0"
      strip-ansi "^4.0.0"
  
  string-width@^5.0.1, string-width@^5.1.2:
    version "5.1.2"
    resolved "https://registry.npmjs.org/string-width/-/string-width-5.1.2.tgz"
    integrity sha512-HnLOCR3vjcY8beoNLtcjZ5/nxn2afmME6lhrDrebokqMap+XbeW8n9TXpPDOqdGK5qcI3oT0GKTW6wC7EMiVqA==
    dependencies:
      eastasianwidth "^0.2.0"
      emoji-regex "^9.2.2"
      strip-ansi "^7.0.1"
  
  string.prototype.includes@^2.0.1:
    version "2.0.1"
    resolved "https://registry.npmjs.org/string.prototype.includes/-/string.prototype.includes-2.0.1.tgz"
    integrity sha512-o7+c9bW6zpAdJHTtujeePODAhkuicdAryFsfVKwA+wGw89wJ4GTY484WTucM9hLtDEOpOvI+aHnzqnC5lHp4Rg==
    dependencies:
      call-bind "^1.0.7"
      define-properties "^1.2.1"
      es-abstract "^1.23.3"
  
  string.prototype.matchall@^4.0.11:
    version "4.0.11"
    resolved "https://registry.npmjs.org/string.prototype.matchall/-/string.prototype.matchall-4.0.11.tgz"
    integrity sha512-NUdh0aDavY2og7IbBPenWqR9exH+E26Sv8e0/eTe1tltDGZL+GtBkDAnnyBtmekfK6/Dq3MkcGtzXFEd1LQrtg==
    dependencies:
      call-bind "^1.0.7"
      define-properties "^1.2.1"
      es-abstract "^1.23.2"
      es-errors "^1.3.0"
      es-object-atoms "^1.0.0"
      get-intrinsic "^1.2.4"
      gopd "^1.0.1"
      has-symbols "^1.0.3"
      internal-slot "^1.0.7"
      regexp.prototype.flags "^1.5.2"
      set-function-name "^2.0.2"
      side-channel "^1.0.6"
  
  string.prototype.repeat@^1.0.0:
    version "1.0.0"
    resolved "https://registry.npmjs.org/string.prototype.repeat/-/string.prototype.repeat-1.0.0.tgz"
    integrity sha512-0u/TldDbKD8bFCQ/4f5+mNRrXwZ8hg2w7ZR8wa16e8z9XpePWl3eGEcUD0OXpEH/VJH/2G3gjUtR3ZOiBe2S/w==
    dependencies:
      define-properties "^1.1.3"
      es-abstract "^1.17.5"
  
  string.prototype.trim@^1.2.9:
    version "1.2.9"
    resolved "https://registry.npmjs.org/string.prototype.trim/-/string.prototype.trim-1.2.9.tgz"
    integrity sha512-klHuCNxiMZ8MlsOihJhJEBJAiMVqU3Z2nEXWfWnIqjN0gEFS9J9+IxKozWWtQGcgoa1WUZzLjKPTr4ZHNFTFxw==
    dependencies:
      call-bind "^1.0.7"
      define-properties "^1.2.1"
      es-abstract "^1.23.0"
      es-object-atoms "^1.0.0"
  
  string.prototype.trimend@^1.0.8:
    version "1.0.8"
    resolved "https://registry.npmjs.org/string.prototype.trimend/-/string.prototype.trimend-1.0.8.tgz"
    integrity sha512-p73uL5VCHCO2BZZ6krwwQE3kCzM7NKmis8S//xEC6fQonchbum4eP6kR4DLEjQFO3Wnj3Fuo8NM0kOSjVdHjZQ==
    dependencies:
      call-bind "^1.0.7"
      define-properties "^1.2.1"
      es-object-atoms "^1.0.0"
  
  string.prototype.trimstart@^1.0.8:
    version "1.0.8"
    resolved "https://registry.npmjs.org/string.prototype.trimstart/-/string.prototype.trimstart-1.0.8.tgz"
    integrity sha512-UXSH262CSZY1tfu3G3Secr6uGLCFVPMhIqHjlgCUtCCcgihYc/xKs9djMTMUOb2j1mVSeU8EU6NWc/iQKU6Gfg==
    dependencies:
      call-bind "^1.0.7"
      define-properties "^1.2.1"
      es-object-atoms "^1.0.0"
  
  string_decoder@~0.10.x:
    version "0.10.31"
    resolved "https://registry.yarnpkg.com/string_decoder/-/string_decoder-0.10.31.tgz#62e203bc41766c6c28c9fc84301dab1c5310fa94"
    integrity sha512-ev2QzSzWPYmy9GuqfIVildA4OdcGLeFZQrq5ys6RtiuF+RQQiZWr8TZNyAcuVXyQRYfEO+MsoB/1BuQVhOJuoQ==
  
  string_decoder@~1.1.1:
    version "1.1.1"
    resolved "https://registry.yarnpkg.com/string_decoder/-/string_decoder-1.1.1.tgz#9cf1611ba62685d7030ae9e4ba34149c3af03fc8"
    integrity sha512-n/ShnvDi6FHbbVfviro+WojiFzv+s8MPMHBczVePfUpDJLwoLT0ht1l4YwBCbi8pJAveEEdnkHyPyTP/mzRfwg==
    dependencies:
      safe-buffer "~5.1.0"
  
  stringstream@~0.0.4:
    version "0.0.6"
    resolved "https://registry.yarnpkg.com/stringstream/-/stringstream-0.0.6.tgz#7880225b0d4ad10e30927d167a1d6f2fd3b33a72"
    integrity sha512-87GEBAkegbBcweToUrdzf3eLhWNg06FJTebl4BVJz/JgWy8CvEr9dRtX5qWphiynMSQlxxi+QqN0z5T32SLlhA==
  
  "strip-ansi-cjs@npm:strip-ansi@^6.0.1", strip-ansi@^6.0.0, strip-ansi@^6.0.1:
    version "6.0.1"
    resolved "https://registry.npmjs.org/strip-ansi/-/strip-ansi-6.0.1.tgz"
    integrity sha512-Y38VPSHcqkFrCpFnQ9vuSXmquuv5oXOKpGeT6aGrr3o3Gc9AlVa6JBfUSOCnbxGGZF+/0ooI7KrPuUSztUdU5A==
    dependencies:
      ansi-regex "^5.0.1"
  
  strip-ansi@^3.0.0, strip-ansi@^3.0.1:
    version "3.0.1"
    resolved "https://registry.npmjs.org/strip-ansi/-/strip-ansi-3.0.1.tgz"
    integrity sha512-VhumSSbBqDTP8p2ZLKj40UjBCV4+v8bUSEpUb4KjRgWk9pbqGF4REFj6KEagidb2f/M6AzC0EmFyDNGaw9OCzg==
    dependencies:
      ansi-regex "^2.0.0"
  
  strip-ansi@^4.0.0, strip-ansi@~4.0.0:
    version "4.0.0"
    resolved "https://registry.npmjs.org/strip-ansi/-/strip-ansi-4.0.0.tgz"
    integrity sha512-4XaJ2zQdCzROZDivEVIDPkcQn8LMFSa8kj8Gxb/Lnwzv9A8VctNZ+lfivC/sV3ivW8ElJTERXZoPBRrZKkNKow==
    dependencies:
      ansi-regex "^3.0.0"
  
  strip-ansi@^7.0.1:
    version "7.1.0"
    resolved "https://registry.npmjs.org/strip-ansi/-/strip-ansi-7.1.0.tgz"
    integrity sha512-iq6eVVI64nQQTRYq2KtEg2d2uU7LElhTJwsH4YzIHZshxlgZms/wIc4VoDQTlG/IvVIrBKG06CrZnp0qv7hkcQ==
    dependencies:
      ansi-regex "^6.0.1"
  
  strip-bom@^3.0.0:
    version "3.0.0"
    resolved "https://registry.npmjs.org/strip-bom/-/strip-bom-3.0.0.tgz"
    integrity sha512-vavAMRXOgBVNF6nyEEmL3DBK19iRpDcoIwW+swQ+CbGiu7lju6t+JklA1MHweoWtadgt4ISVUsXLyDq34ddcwA==
  
  strip-eof@^1.0.0:
    version "1.0.0"
    resolved "https://registry.npmjs.org/strip-eof/-/strip-eof-1.0.0.tgz"
    integrity sha512-7FCwGGmx8mD5xQd3RPUvnSpUXHM3BWuzjtpD4TXsfcZ9EL4azvVVUscFYwD9nx8Kh+uCBC00XBtAykoMHwTh8Q==
  
  strip-json-comments@^3.1.1:
    version "3.1.1"
    resolved "https://registry.npmjs.org/strip-json-comments/-/strip-json-comments-3.1.1.tgz"
    integrity sha512-6fPc+R4ihwqP6N/aIv2f1gMH8lOVtWQHoqC4yK6oSDVVocumAsfCqjkXnqiYMhmMwS/mEHLp7Vehlt3ql6lEig==
  
  strip-json-comments@~2.0.1:
    version "2.0.1"
    resolved "https://registry.npmjs.org/strip-json-comments/-/strip-json-comments-2.0.1.tgz"
    integrity sha512-4gB8na07fecVVkOI6Rs4e7T6NOTki5EmL7TUduTs6bu3EdnSycntVJ4re8kgZA+wx9IueI2Y11bfbgwtzuE0KQ==
  
  styled-jsx@5.1.6:
    version "5.1.6"
    resolved "https://registry.npmjs.org/styled-jsx/-/styled-jsx-5.1.6.tgz"
    integrity sha512-qSVyDTeMotdvQYoHWLNGwRFJHC+i+ZvdBRYosOFgC+Wg1vx4frN2/RG/NA7SYqqvKNLf39P2LSRA2pu6n0XYZA==
    dependencies:
      client-only "0.0.1"
  
  sucrase@^3.35.0:
    version "3.35.0"
    resolved "https://registry.npmjs.org/sucrase/-/sucrase-3.35.0.tgz"
    integrity sha512-8EbVDiu9iN/nESwxeSxDKe0dunta1GOlHufmSSXxMD2z2/tMZpDMpvXQGsc+ajGo8y2uYUmixaSRUc/QPoQ0GA==
    dependencies:
      "@jridgewell/gen-mapping" "^0.3.2"
      commander "^4.0.0"
      glob "^10.3.10"
      lines-and-columns "^1.1.6"
      mz "^2.7.0"
      pirates "^4.0.1"
      ts-interface-checker "^0.1.9"
  
  supports-color@^2.0.0:
    version "2.0.0"
    resolved "https://registry.yarnpkg.com/supports-color/-/supports-color-2.0.0.tgz#535d045ce6b6363fa40117084629995e9df324c7"
    integrity sha512-KKNVtd6pCYgPIKU4cp2733HWYCpplQhddZLBUryaAHou723x+FRzQ5Df824Fj+IyyuiQTRoub4SnIFfIcrp70g==
  
  supports-color@^5.3.0:
    version "5.5.0"
    resolved "https://registry.npmjs.org/supports-color/-/supports-color-5.5.0.tgz"
    integrity sha512-QjVjwdXIt408MIiAqCX4oUKsgU2EqAGzs2Ppkm4aQYbjm+ZEWEcW4SfFNTr4uMNZma0ey4f5lgLrkB0aX0QMow==
    dependencies:
      has-flag "^3.0.0"
  
  supports-color@^7.1.0:
    version "7.2.0"
    resolved "https://registry.npmjs.org/supports-color/-/supports-color-7.2.0.tgz"
    integrity sha512-qpCAvRl9stuOHveKsn7HncJRvv501qIacKzQlO/+Lwxc9+0q2wLyv4Dfvt80/DPn2pqOBsJdDiogXGR9+OvwRw==
    dependencies:
      has-flag "^4.0.0"
  
  supports-preserve-symlinks-flag@^1.0.0:
    version "1.0.0"
    resolved "https://registry.npmjs.org/supports-preserve-symlinks-flag/-/supports-preserve-symlinks-flag-1.0.0.tgz"
    integrity sha512-ot0WnXS9fgdkgIcePe6RHNk1WA8+muPa6cSjeR3V8K27q9BB1rTE3R1p7Hv0z1ZyAc8s6Vvv8DIyWf681MAt0w==
  
  tailwind-merge@^2.3.0:
    version "2.5.4"
    resolved "https://registry.npmjs.org/tailwind-merge/-/tailwind-merge-2.5.4.tgz"
    integrity sha512-0q8cfZHMu9nuYP/b5Shb7Y7Sh1B7Nnl5GqNr1U+n2p6+mybvRtayrQ+0042Z5byvTA8ihjlP8Odo8/VnHbZu4Q==
  
  tailwindcss-animate@^1.0.7:
    version "1.0.7"
    resolved "https://registry.npmjs.org/tailwindcss-animate/-/tailwindcss-animate-1.0.7.tgz"
    integrity sha512-bl6mpH3T7I3UFxuvDEXLxy/VuFxBk5bbzplh7tXI68mwMokNYd1t9qPBHlnyTwfa4JGC4zP516I1hYYtQ/vspA==
  
  tailwindcss@^3.4.1:
    version "3.4.15"
    resolved "https://registry.npmjs.org/tailwindcss/-/tailwindcss-3.4.15.tgz"
    integrity sha512-r4MeXnfBmSOuKUWmXe6h2CcyfzJCEk4F0pptO5jlnYSIViUkVmsawj80N5h2lO3gwcmSb4n3PuN+e+GC1Guylw==
    dependencies:
      "@alloc/quick-lru" "^5.2.0"
      arg "^5.0.2"
      chokidar "^3.6.0"
      didyoumean "^1.2.2"
      dlv "^1.1.3"
      fast-glob "^3.3.2"
      glob-parent "^6.0.2"
      is-glob "^4.0.3"
      jiti "^1.21.6"
      lilconfig "^2.1.0"
      micromatch "^4.0.8"
      normalize-path "^3.0.0"
      object-hash "^3.0.0"
      picocolors "^1.1.1"
      postcss "^8.4.47"
      postcss-import "^15.1.0"
      postcss-js "^4.0.1"
      postcss-load-config "^4.0.2"
      postcss-nested "^6.2.0"
      postcss-selector-parser "^6.1.2"
      resolve "^1.22.8"
      sucrase "^3.35.0"
  
  tapable@^2.2.0:
    version "2.2.1"
    resolved "https://registry.npmjs.org/tapable/-/tapable-2.2.1.tgz"
    integrity sha512-GNzQvQTOIP6RyTfE2Qxb8ZVlNmw0n88vp1szwWRimP02mnTsx3Wtn5qRdqY9w2XduFNUgvOwhNnQsjwCp+kqaQ==
  
  tar-fs@^1.15.3:
    version "1.16.3"
    resolved "https://registry.yarnpkg.com/tar-fs/-/tar-fs-1.16.3.tgz#966a628841da2c4010406a82167cbd5e0c72d509"
    integrity sha512-NvCeXpYx7OsmOh8zIOP/ebG55zZmxLE0etfWRbWok+q2Qo8x/vOR/IJT1taADXPe+jsiu9axDb3X4B+iIgNlKw==
    dependencies:
      chownr "^1.0.1"
      mkdirp "^0.5.1"
      pump "^1.0.0"
      tar-stream "^1.1.2"
  
  tar-stream@^1.1.2, tar-stream@^1.5.4:
    version "1.6.2"
    resolved "https://registry.yarnpkg.com/tar-stream/-/tar-stream-1.6.2.tgz#8ea55dab37972253d9a9af90fdcd559ae435c555"
    integrity sha512-rzS0heiNf8Xn7/mpdSVVSMAWAoy9bfb1WOTYC78Z0UQKeKa/CWS8FOq0lKGNa8DWKAn9gxjCvMLYc5PGXYlK2A==
    dependencies:
      bl "^1.0.0"
      buffer-alloc "^1.2.0"
      end-of-stream "^1.0.0"
      fs-constants "^1.0.0"
      readable-stream "^2.3.0"
      to-buffer "^1.1.1"
      xtend "^4.0.0"
  
  tar@^2.0.0, tar@~2.2.1:
    version "2.2.2"
    resolved "https://registry.yarnpkg.com/tar/-/tar-2.2.2.tgz#0ca8848562c7299b8b446ff6a4d60cdbb23edc40"
    integrity sha512-FCEhQ/4rE1zYv9rYXJw/msRqsnmlje5jHP6huWeBZ704jUTy02c5AZyWujpMR1ax6mVw9NyJMfuK2CMDWVIfgA==
    dependencies:
      block-stream "*"
      fstream "^1.0.12"
      inherits "2"
  
  term-size@^1.2.0:
    version "1.2.0"
    resolved "https://registry.npmjs.org/term-size/-/term-size-1.2.0.tgz"
    integrity sha512-7dPUZQGy/+m3/wjVz3ZW5dobSoD/02NxJpoXUX0WIyjfVS3l0c+b/+9phIDFA7FHzkYtwtMFgeGZ/Y8jVTeqQQ==
    dependencies:
      execa "^0.7.0"
  
  text-table@^0.2.0, text-table@~0.2.0:
    version "0.2.0"
    resolved "https://registry.yarnpkg.com/text-table/-/text-table-0.2.0.tgz#7f5ee823ae805207c00af2df4a84ec3fcfa570b4"
    integrity sha512-N+8UisAXDGk8PFXP4HAzVR9nbfmVJ3zYLAWiTIoqC5v5isinhr+r5uaO8+7r3BMfuNIufIsA7RdpVgacC2cSpw==
  
  thenify-all@^1.0.0:
    version "1.6.0"
    resolved "https://registry.npmjs.org/thenify-all/-/thenify-all-1.6.0.tgz"
    integrity sha512-RNxQH/qI8/t3thXJDwcstUO4zeqo64+Uy/+sNVRBx4Xn2OX+OZ9oP+iJnNFqplFra2ZUVeKCSa2oVWi3T4uVmA==
    dependencies:
      thenify ">= 3.1.0 < 4"
  
  "thenify@>= 3.1.0 < 4":
    version "3.3.1"
    resolved "https://registry.npmjs.org/thenify/-/thenify-3.3.1.tgz"
    integrity sha512-RVZSIV5IG10Hk3enotrhvz0T9em6cyHBLkH/YAZuKqd8hRkKhSfCGIcP2KUY0EPxndzANBmNllzWPwak+bheSw==
    dependencies:
      any-promise "^1.0.0"
  
  through2@^2.0.0:
    version "2.0.5"
    resolved "https://registry.yarnpkg.com/through2/-/through2-2.0.5.tgz#01c1e39eb31d07cb7d03a96a70823260b23132cd"
    integrity sha512-/mrRod8xqpA+IHSLyGCQ2s8SPHiCDEeQJSep1jqLYeEUClOFG2Qsh+4FU6G9VeqpZnGW/Su8LQGc4YKni5rYSQ==
    dependencies:
      readable-stream "~2.3.6"
      xtend "~4.0.1"
  
  "through@>=2.2.7 <3":
    version "2.3.8"
    resolved "https://registry.yarnpkg.com/through/-/through-2.3.8.tgz#0dd4c9ffaabc357960b1b724115d7e0e86a2e1f5"
    integrity sha512-w89qg7PI8wAdvX60bMDP+bFoD5Dvhm9oLheFp5O4a2QF0cSBGsBX4qZmadPMvVqlLJBBci+WqGGOAPvcDeNSVg==
  
  timed-out@^4.0.0:
    version "4.0.1"
    resolved "https://registry.npmjs.org/timed-out/-/timed-out-4.0.1.tgz"
    integrity sha512-G7r3AhovYtr5YKOWQkta8RKAPb+J9IsO4uVmzjl8AZwfhs8UcUwTiD6gcJYSgOtzyjvQKrKYn41syHbUWMkafA==
  
  tiny-invariant@^1.3.3:
    version "1.3.3"
    resolved "https://registry.npmjs.org/tiny-invariant/-/tiny-invariant-1.3.3.tgz"
    integrity sha512-+FbBPE1o9QAYvviau/qC5SE3caw21q3xkvWKBtja5vgqOWIHHJ3ioaq1VPfn/Szqctz2bU/oYeKd9/z5BL+PVg==
  
  tiny-warning@^1.0.3:
    version "1.0.3"
    resolved "https://registry.npmjs.org/tiny-warning/-/tiny-warning-1.0.3.tgz"
    integrity sha512-lBN9zLN/oAf68o3zNXYrdCt1kP8WsiGW8Oo2ka41b2IM5JL/S1CTyX1rW0mb/zSuJun0ZUrDxx4sqvYS2FWzPA==
  
  to-buffer@^1.1.1:
    version "1.1.1"
    resolved "https://registry.yarnpkg.com/to-buffer/-/to-buffer-1.1.1.tgz#493bd48f62d7c43fcded313a03dcadb2e1213a80"
    integrity sha512-lx9B5iv7msuFYE3dytT+KE5tap+rNYw+K4jVkb9R/asAb+pbBSM17jtunHplhBe6RRJdZx3Pn2Jph24O32mOVg==
  
  to-regex-range@^5.0.1:
    version "5.0.1"
    resolved "https://registry.npmjs.org/to-regex-range/-/to-regex-range-5.0.1.tgz"
    integrity sha512-65P7iz6X5yEr1cwcgvQxbbIw7Uk3gOy5dIdtZ4rDveLqhrdJP+Li/Hx6tyK0NEb+2GCyneCMJiGqrADCSNk8sQ==
    dependencies:
      is-number "^7.0.0"
  
  tough-cookie@~2.3.0:
    version "2.3.4"
    resolved "https://registry.yarnpkg.com/tough-cookie/-/tough-cookie-2.3.4.tgz#ec60cee38ac675063ffc97a5c18970578ee83655"
    integrity sha512-TZ6TTfI5NtZnuyy/Kecv+CnoROnyXn2DN97LontgQpCwsX2XyLYCC0ENhYkehSOwAp8rTQKc/NUIF7BkQ5rKLA==
    dependencies:
      punycode "^1.4.1"
  
  tough-cookie@~2.5.0:
    version "2.5.0"
    resolved "https://registry.yarnpkg.com/tough-cookie/-/tough-cookie-2.5.0.tgz#cd9fb2a0aa1d5a12b473bd9fb96fa3dcff65ade2"
    integrity sha512-nlLsUzgm1kfLXSXfRZMc1KLAugd4hqJHDTvc2hDIwS3mZAfMEuMbc03SujMF+GEcpaX/qboeycw6iO8JwVv2+g==
    dependencies:
      psl "^1.1.28"
      punycode "^2.1.1"
  
  ts-api-utils@^1.0.1:
    version "1.4.0"
    resolved "https://registry.npmjs.org/ts-api-utils/-/ts-api-utils-1.4.0.tgz"
    integrity sha512-032cPxaEKwM+GT3vA5JXNzIaizx388rhsSW79vGRNGXfRRAdEAn2mvk36PvK5HnOchyWZ7afLEXqYCvPCrzuzQ==
  
  ts-interface-checker@^0.1.9:
    version "0.1.13"
    resolved "https://registry.npmjs.org/ts-interface-checker/-/ts-interface-checker-0.1.13.tgz"
    integrity sha512-Y/arvbn+rrz3JCKl9C4kVNfTfSm2/mEp5FSz5EsZSANGPSlQrpRI5M4PKF+mJnE52jOO90PnPSc3Ur3bTQw0gA==
  
  tsconfig-paths@^3.15.0:
    version "3.15.0"
    resolved "https://registry.npmjs.org/tsconfig-paths/-/tsconfig-paths-3.15.0.tgz"
    integrity sha512-2Ac2RgzDe/cn48GvOe3M+o82pEFewD3UPbyoUHHdKasHwJKjds4fLXWf/Ux5kATBKN20oaFGu+jbElp1pos0mg==
    dependencies:
      "@types/json5" "^0.0.29"
      json5 "^1.0.2"
      minimist "^1.2.6"
      strip-bom "^3.0.0"
  
  tslib@^2.0.0, tslib@^2.1.0, tslib@^2.4.0:
    version "2.8.1"
    resolved "https://registry.npmjs.org/tslib/-/tslib-2.8.1.tgz"
    integrity sha512-oJFu94HQb+KVduSUQL7wnpmqnfmLsOA/nAh6b6EH0wCEoK0/mPeXU6c3wKDV83MkOuHPRHtSXKKU99IBazS/2w==
  
  tunnel-agent@^0.6.0:
    version "0.6.0"
    resolved "https://registry.yarnpkg.com/tunnel-agent/-/tunnel-agent-0.6.0.tgz#27a5dea06b36b04a0a9966774b290868f0fc40fd"
    integrity sha512-McnNiV1l8RYeY8tBgEpuodCC1mLUdbSN+CYBL7kJsJNInOP8UjDDEwdk6Mw60vdLLrr5NHKZhMAOSrR2NZuQ+w==
    dependencies:
      safe-buffer "^5.0.1"
  
  tweetnacl@^0.14.3, tweetnacl@~0.14.0:
    version "0.14.5"
    resolved "https://registry.npmjs.org/tweetnacl/-/tweetnacl-0.14.5.tgz"
    integrity sha512-KXXFFdAbFXY4geFIwoyNK+f5Z1b7swfXABfL7HXCmoIWMKU3dmS26672A4EeQtDzLKy7SXmfBu51JolvEKwtGA==
  
  type-check@^0.4.0, type-check@~0.4.0:
    version "0.4.0"
    resolved "https://registry.npmjs.org/type-check/-/type-check-0.4.0.tgz"
    integrity sha512-XleUoc9uwGXqjWwXaUTZAmzMcFZ5858QA2vvx1Ur5xIcixXIP+8LnFDgRplU30us6teqdlskFfu+ae4K79Ooew==
    dependencies:
      prelude-ls "^1.2.1"
  
  type-fest@^0.20.2:
    version "0.20.2"
    resolved "https://registry.npmjs.org/type-fest/-/type-fest-0.20.2.tgz"
    integrity sha512-Ne+eE4r0/iWnpAxD852z3A+N0Bt5RN//NjJwRd2VFHEmrywxf5vsZlh4R6lixl6B+wz/8d+maTSAkN1FIkI3LQ==
  
  typed-array-buffer@^1.0.2:
    version "1.0.2"
    resolved "https://registry.npmjs.org/typed-array-buffer/-/typed-array-buffer-1.0.2.tgz"
    integrity sha512-gEymJYKZtKXzzBzM4jqa9w6Q1Jjm7x2d+sh19AdsD4wqnMPDYyvwpsIc2Q/835kHuo3BEQ7CjelGhfTsoBb2MQ==
    dependencies:
      call-bind "^1.0.7"
      es-errors "^1.3.0"
      is-typed-array "^1.1.13"
  
  typed-array-byte-length@^1.0.1:
    version "1.0.1"
    resolved "https://registry.npmjs.org/typed-array-byte-length/-/typed-array-byte-length-1.0.1.tgz"
    integrity sha512-3iMJ9q0ao7WE9tWcaYKIptkNBuOIcZCCT0d4MRvuuH88fEoEH62IuQe0OtraD3ebQEoTRk8XCBoknUNc1Y67pw==
    dependencies:
      call-bind "^1.0.7"
      for-each "^0.3.3"
      gopd "^1.0.1"
      has-proto "^1.0.3"
      is-typed-array "^1.1.13"
  
  typed-array-byte-offset@^1.0.2:
    version "1.0.2"
    resolved "https://registry.npmjs.org/typed-array-byte-offset/-/typed-array-byte-offset-1.0.2.tgz"
    integrity sha512-Ous0vodHa56FviZucS2E63zkgtgrACj7omjwd/8lTEMEPFFyjfixMZ1ZXenpgCFBBt4EC1J2XsyVS2gkG0eTFA==
    dependencies:
      available-typed-arrays "^1.0.7"
      call-bind "^1.0.7"
      for-each "^0.3.3"
      gopd "^1.0.1"
      has-proto "^1.0.3"
      is-typed-array "^1.1.13"
  
  typed-array-length@^1.0.6:
    version "1.0.6"
    resolved "https://registry.npmjs.org/typed-array-length/-/typed-array-length-1.0.6.tgz"
    integrity sha512-/OxDN6OtAk5KBpGb28T+HZc2M+ADtvRxXrKKbUwtsLgdoxgX13hyy7ek6bFRl5+aBs2yZzB0c4CnQfAtVypW/g==
    dependencies:
      call-bind "^1.0.7"
      for-each "^0.3.3"
      gopd "^1.0.1"
      has-proto "^1.0.3"
      is-typed-array "^1.1.13"
      possible-typed-array-names "^1.0.0"
  
  typedarray@^0.0.6:
    version "0.0.6"
    resolved "https://registry.yarnpkg.com/typedarray/-/typedarray-0.0.6.tgz#867ac74e3864187b1d3d47d996a78ec5c8830777"
    integrity sha512-/aCDEGatGvZ2BIk+HmLf4ifCJFwvKFNb9/JeZPMulfgFracn9QFcAf5GO8B/mweUjSoblS5In0cWhqpfs/5PQA==
  
  typescript@^5:
    version "5.6.3"
    resolved "https://registry.npmjs.org/typescript/-/typescript-5.6.3.tgz"
    integrity sha512-hjcS1mhfuyi4WW8IWtjP7brDrG2cuDZukyrYrSauoXGNgx0S7zceP07adYkJycEr56BOUTNPzbInooiN3fn1qw==
  
  uid-number@0.0.6:
    version "0.0.6"
    resolved "https://registry.yarnpkg.com/uid-number/-/uid-number-0.0.6.tgz#0ea10e8035e8eb5b8e4449f06da1c730663baa81"
    integrity sha512-c461FXIljswCuscZn67xq9PpszkPT6RjheWFQTgCyabJrTUozElanb0YEqv2UGgk247YpcJkFBuSGNvBlpXM9w==
  
  umask@~1.1.0:
    version "1.1.0"
    resolved "https://registry.yarnpkg.com/umask/-/umask-1.1.0.tgz#f29cebf01df517912bb58ff9c4e50fde8e33320d"
    integrity sha512-lE/rxOhmiScJu9L6RTNVgB/zZbF+vGC0/p6D3xnkAePI2o0sMyFG966iR5Ki50OI/0mNi2yaRnxfLsPmEZF/JA==
  
  unbox-primitive@^1.0.2:
    version "1.0.2"
    resolved "https://registry.npmjs.org/unbox-primitive/-/unbox-primitive-1.0.2.tgz"
    integrity sha512-61pPlCD9h51VoreyJ0BReideM3MDKMKnh6+V9L08331ipq6Q8OFXZYiqP6n/tbHx4s5I9uRhcye6BrbkizkBDw==
    dependencies:
      call-bind "^1.0.2"
      has-bigints "^1.0.2"
      has-symbols "^1.0.3"
      which-boxed-primitive "^1.0.2"
  
  undici-types@~6.19.2:
    version "6.19.8"
    resolved "https://registry.npmjs.org/undici-types/-/undici-types-6.19.8.tgz"
    integrity sha512-ve2KP6f/JnbPBFyobGHuerC9g1FYGn/F8n1LWTwNxCEzd6IfqTwUQcNXgEtmmQ6DlRrC1hrSrBnCZPokRrDHjw==
  
  unique-filename@^1.1.0, unique-filename@~1.1.0:
    version "1.1.1"
    resolved "https://registry.yarnpkg.com/unique-filename/-/unique-filename-1.1.1.tgz#1d69769369ada0583103a1e6ae87681b56573230"
    integrity sha512-Vmp0jIp2ln35UTXuryvjzkjGdRyf9b2lTXuSYUiPmzRcl3FDtYqAwOnTJkAngD9SWhnoJzDbTKwaOrZ+STtxNQ==
    dependencies:
      unique-slug "^2.0.0"
  
  unique-slug@^2.0.0:
    version "2.0.2"
    resolved "https://registry.yarnpkg.com/unique-slug/-/unique-slug-2.0.2.tgz#baabce91083fc64e945b0f3ad613e264f7cd4e6c"
    integrity sha512-zoWr9ObaxALD3DOPfjPSqxt4fnZiWblxHIgeWqW8x7UqDzEtHEQLzji2cuJYQFCU6KmoJikOYAZlrTHHebjx2w==
    dependencies:
      imurmurhash "^0.1.4"
  
  unique-string@^1.0.0:
    version "1.0.0"
    resolved "https://registry.npmjs.org/unique-string/-/unique-string-1.0.0.tgz"
    integrity sha512-ODgiYu03y5g76A1I9Gt0/chLCzQjvzDy7DsZGsLOE/1MrF6wriEskSncj1+/C58Xk/kPZDppSctDybCwOSaGAg==
    dependencies:
      crypto-random-string "^1.0.0"
  
  unpipe@~1.0.0:
    version "1.0.0"
    resolved "https://registry.yarnpkg.com/unpipe/-/unpipe-1.0.0.tgz#b2bf4ee8514aae6165b4817829d21b2ef49904ec"
    integrity sha512-pjy2bYhSsufwWlKwPc+l3cN7+wuJlK6uz0YdJEOlQDbl6jo/YlPi4mb8agUkVC8BF7V8NuzeyPNqRksA3hztKQ==
  
  unzip-response@^2.0.1:
    version "2.0.1"
    resolved "https://registry.npmjs.org/unzip-response/-/unzip-response-2.0.1.tgz"
    integrity sha512-N0XH6lqDtFH84JxptQoZYmloF4nzrQqqrAymNj+/gW60AO2AZgOcf4O/nUXJcYfyQkqvMo9lSupBZmmgvuVXlw==
  
  update-notifier@^2.3.0:
    version "2.5.0"
    resolved "https://registry.npmjs.org/update-notifier/-/update-notifier-2.5.0.tgz"
    integrity sha512-gwMdhgJHGuj/+wHJJs9e6PcCszpxR1b236igrOkUofGhqJuG+amlIKwApH1IW1WWl7ovZxsX49lMBWLxSdm5Dw==
    dependencies:
      boxen "^1.2.1"
      chalk "^2.0.1"
      configstore "^3.0.0"
      import-lazy "^2.1.0"
      is-ci "^1.0.10"
      is-installed-globally "^0.1.0"
      is-npm "^1.0.0"
      latest-version "^3.0.0"
      semver-diff "^2.0.0"
      xdg-basedir "^3.0.0"
  
  update-notifier@~2.2.0:
    version "2.2.0"
    resolved "https://registry.yarnpkg.com/update-notifier/-/update-notifier-2.2.0.tgz#1b5837cf90c0736d88627732b661c138f86de72f"
    integrity sha512-BrfvANq8gJjhtaeDiK1QFunFoo5ad9BJ+bTgeSaonpHUzjTtCdzqzuxCSKYfRvS/R20BAYT8HlCMZO2r4xDaQg==
    dependencies:
      boxen "^1.0.0"
      chalk "^1.0.0"
      configstore "^3.0.0"
      import-lazy "^2.1.0"
      is-npm "^1.0.0"
      latest-version "^3.0.0"
      semver-diff "^2.0.0"
      xdg-basedir "^3.0.0"
  
  uri-js@^4.2.2:
    version "4.4.1"
    resolved "https://registry.npmjs.org/uri-js/-/uri-js-4.4.1.tgz"
    integrity sha512-7rKUyy33Q1yc98pQ1DAmLtwX109F7TIfWlW1Ydo8Wl1ii1SeHieeh0HHfPeL2fMXK6z0s8ecKs9frCuLJvndBg==
    dependencies:
      punycode "^2.1.0"
  
  url-parse-lax@^1.0.0:
    version "1.0.0"
    resolved "https://registry.npmjs.org/url-parse-lax/-/url-parse-lax-1.0.0.tgz"
    integrity sha512-BVA4lR5PIviy2PMseNd2jbFQ+jwSwQGdJejf5ctd1rEXt0Ypd7yanUK9+lYechVlN5VaTJGsu2U/3MDDu6KgBA==
    dependencies:
      prepend-http "^1.0.1"
  
  use-callback-ref@^1.3.0:
    version "1.3.2"
    resolved "https://registry.npmjs.org/use-callback-ref/-/use-callback-ref-1.3.2.tgz"
    integrity sha512-elOQwe6Q8gqZgDA8mrh44qRTQqpIHDcZ3hXTLjBe1i4ph8XpNJnO+aQf3NaG+lriLopI4HMx9VjQLfPQ6vhnoA==
    dependencies:
      tslib "^2.0.0"
  
  use-callback-ref@^1.3.3:
    version "1.3.3"
    resolved "https://registry.yarnpkg.com/use-callback-ref/-/use-callback-ref-1.3.3.tgz#98d9fab067075841c5b2c6852090d5d0feabe2bf"
    integrity sha512-jQL3lRnocaFtu3V00JToYz/4QkNWswxijDaCVNZRiRTO3HQDLsdu1ZtmIUvV4yPp+rvWm5j0y0TG/S61cuijTg==
    dependencies:
      tslib "^2.0.0"
  
  use-sidecar@^1.1.2:
    version "1.1.2"
    resolved "https://registry.npmjs.org/use-sidecar/-/use-sidecar-1.1.2.tgz"
    integrity sha512-epTbsLuzZ7lPClpz2TyryBfztm7m+28DlEv2ZCQ3MDr5ssiwyOwGH/e5F9CkfWjJ1t4clvI58yF822/GUkjjhw==
    dependencies:
      detect-node-es "^1.1.0"
      tslib "^2.0.0"
  
  use-sync-external-store@^1.2.2:
    version "1.2.2"
    resolved "https://registry.npmjs.org/use-sync-external-store/-/use-sync-external-store-1.2.2.tgz"
    integrity sha512-PElTlVMwpblvbNqQ82d2n6RjStvdSoNe9FG28kNfz3WiXilJm4DdNkEzRhCZuIDwY8U08WVihhGR5iRqAwfDiw==
  
  util-deprecate@^1.0.2, util-deprecate@~1.0.1:
    version "1.0.2"
    resolved "https://registry.yarnpkg.com/util-deprecate/-/util-deprecate-1.0.2.tgz#450d4dc9fa70de732762fbd2d4a28981419a0ccf"
    integrity sha512-EPD5q1uXyFxJpCrLnCc1nHnq3gOa6DZBocAIiI2TaSCA7VCJ1UJDMagCzIkXNsUYfD1daK//LTEQ8xiIbrHtcw==
  
  util-extend@^1.0.1:
    version "1.0.3"
    resolved "https://registry.yarnpkg.com/util-extend/-/util-extend-1.0.3.tgz#a7c216d267545169637b3b6edc6ca9119e2ff93f"
    integrity sha512-mLs5zAK+ctllYBj+iAQvlDCwoxU/WDOUaJkcFudeiAX6OajC6BKXJUa9a+tbtkC11dz2Ufb7h0lyvIOVn4LADA==
  
  uuid@^3.0.0, uuid@^3.3.2:
    version "3.4.0"
    resolved "https://registry.yarnpkg.com/uuid/-/uuid-3.4.0.tgz#b23e4358afa8a202fe7a100af1f5f883f02007ee"
    integrity sha512-HjSDRw6gZE5JMggctHBcjVak08+KEVhSIiDzFnT9S9aegmp85S/bReBVTb4QTFaRNptJ9kuYaNhnbNEOkbKb/A==
  
  uuid@~3.1.0:
    version "3.1.0"
    resolved "https://registry.yarnpkg.com/uuid/-/uuid-3.1.0.tgz#3dd3d3e790abc24d7b0d3a034ffababe28ebbc04"
    integrity sha512-DIWtzUkw04M4k3bf1IcpS2tngXEL26YUD2M0tMDUpnUrz2hgzUBlD55a4FjdLGPvfHxS6uluGWvaVEqgBcVa+g==
  
  validate-npm-package-license@^3.0.1:
    version "3.0.4"
    resolved "https://registry.yarnpkg.com/validate-npm-package-license/-/validate-npm-package-license-3.0.4.tgz#fc91f6b9c7ba15c857f4cb2c5defeec39d4f410a"
    integrity sha512-DpKm2Ui/xN7/HQKCtpZxoRWBhZ9Z0kqtygG8XCgNQ8ZlDnxuQmWhj566j8fN4Cu3/JmbhsDo7fcAJq4s9h27Ew==
    dependencies:
      spdx-correct "^3.0.0"
      spdx-expression-parse "^3.0.0"
  
  validate-npm-package-name@^3.0.0, validate-npm-package-name@~3.0.0:
    version "3.0.0"
    resolved "https://registry.npmjs.org/validate-npm-package-name/-/validate-npm-package-name-3.0.0.tgz"
    integrity sha512-M6w37eVCMMouJ9V/sdPGnC5H4uDr73/+xdq0FBLO3TFFX1+7wiUY6Es328NN+y43tmY+doUdN9g9J21vqB7iLw==
    dependencies:
      builtins "^1.0.3"
  
  vaul@^0.9.1:
    version "0.9.9"
    resolved "https://registry.npmjs.org/vaul/-/vaul-0.9.9.tgz"
    integrity sha512-7afKg48srluhZwIkaU+lgGtFCUsYBSGOl8vcc8N/M3YQlZFlynHD15AE+pwrYdc826o7nrIND4lL9Y6b9WWZZQ==
    dependencies:
      "@radix-ui/react-dialog" "^1.1.1"
  
  verror@1.10.0:
    version "1.10.0"
    resolved "https://registry.yarnpkg.com/verror/-/verror-1.10.0.tgz#3a105ca17053af55d6e270c1f8288682e18da400"
    integrity sha512-ZZKSmDAEFOijERBLkmYfJ+vmk3w+7hOLYDNkRCuRuMJGEmqYNCNLyBBFwWKVMhfwaEF3WOd0Zlw86U/WC/+nYw==
    dependencies:
      assert-plus "^1.0.0"
      core-util-is "1.0.2"
      extsprintf "^1.2.0"
  
  wcwidth@^1.0.0:
    version "1.0.1"
    resolved "https://registry.yarnpkg.com/wcwidth/-/wcwidth-1.0.1.tgz#f0b0dcf915bc5ff1528afadb2c0e17b532da2fe8"
    integrity sha512-XHPEwS0q6TaxcvG85+8EYkbiCux2XtWG2mkc47Ng2A77BQu9+DqIOJldST4HgPkuea7dvKSj5VgX3P1d4rW8Tg==
    dependencies:
      defaults "^1.0.3"
  
  which-boxed-primitive@^1.0.2:
    version "1.0.2"
    resolved "https://registry.npmjs.org/which-boxed-primitive/-/which-boxed-primitive-1.0.2.tgz"
    integrity sha512-bwZdv0AKLpplFY2KZRX6TvyuN7ojjr7lwkg6ml0roIy9YeuSr7JS372qlNW18UQYzgYK9ziGcerWqZOmEn9VNg==
    dependencies:
      is-bigint "^1.0.1"
      is-boolean-object "^1.1.0"
      is-number-object "^1.0.4"
      is-string "^1.0.5"
      is-symbol "^1.0.3"
  
  which-builtin-type@^1.1.3:
    version "1.1.4"
    resolved "https://registry.npmjs.org/which-builtin-type/-/which-builtin-type-1.1.4.tgz"
    integrity sha512-bppkmBSsHFmIMSl8BO9TbsyzsvGjVoppt8xUiGzwiu/bhDCGxnpOKCxgqj6GuyHE0mINMDecBFPlOm2hzY084w==
    dependencies:
      function.prototype.name "^1.1.6"
      has-tostringtag "^1.0.2"
      is-async-function "^2.0.0"
      is-date-object "^1.0.5"
      is-finalizationregistry "^1.0.2"
      is-generator-function "^1.0.10"
      is-regex "^1.1.4"
      is-weakref "^1.0.2"
      isarray "^2.0.5"
      which-boxed-primitive "^1.0.2"
      which-collection "^1.0.2"
      which-typed-array "^1.1.15"
  
  which-collection@^1.0.2:
    version "1.0.2"
    resolved "https://registry.npmjs.org/which-collection/-/which-collection-1.0.2.tgz"
    integrity sha512-K4jVyjnBdgvc86Y6BkaLZEN933SwYOuBFkdmBu9ZfkcAbdVbpITnDmjvZ/aQjRXQrv5EPkTnD1s39GiiqbngCw==
    dependencies:
      is-map "^2.0.3"
      is-set "^2.0.3"
      is-weakmap "^2.0.2"
      is-weakset "^2.0.3"
  
  which-module@^2.0.0:
    version "2.0.1"
    resolved "https://registry.yarnpkg.com/which-module/-/which-module-2.0.1.tgz#776b1fe35d90aebe99e8ac15eb24093389a4a409"
    integrity sha512-iBdZ57RDvnOR9AGBhML2vFZf7h8vmBjhoaZqODJBFWHVtKkDmKuHai3cx5PgVMrX5YDNp27AofYbAwctSS+vhQ==
  
  which-typed-array@^1.1.14, which-typed-array@^1.1.15:
    version "1.1.15"
    resolved "https://registry.npmjs.org/which-typed-array/-/which-typed-array-1.1.15.tgz"
    integrity sha512-oV0jmFtUky6CXfkqehVvBP/LSWJ2sy4vWMioiENyJLePrBO/yKyV9OyJySfAKosh+RYkIl5zJCNZ8/4JncrpdA==
    dependencies:
      available-typed-arrays "^1.0.7"
      call-bind "^1.0.7"
      for-each "^0.3.3"
      gopd "^1.0.1"
      has-tostringtag "^1.0.2"
  
  which@1, which@^1.2.12, which@^1.2.9, which@^1.3.0:
    version "1.3.1"
    resolved "https://registry.npmjs.org/which/-/which-1.3.1.tgz"
    integrity sha512-HxJdYWq1MTIQbJ3nw0cqssHoTNU267KlrDuGZ1WYlxDStUtKUhOaJmh112/TZmHxxUfuJqPXSOm7tDyas0OSIQ==
    dependencies:
      isexe "^2.0.0"
  
  which@^2.0.1:
    version "2.0.2"
    resolved "https://registry.npmjs.org/which/-/which-2.0.2.tgz"
    integrity sha512-BLI3Tl1TW3Pvl70l3yq3Y64i+awpwXqsGBYWkkqMtnbXgrMD+yj7rhW0kuEDxzJaYXGjEW5ogapKNMEKNMjibA==
    dependencies:
      isexe "^2.0.0"
  
  which@~1.2.14:
    version "1.2.14"
    resolved "https://registry.yarnpkg.com/which/-/which-1.2.14.tgz#9a87c4378f03e827cecaf1acdf56c736c01c14e5"
    integrity sha512-16uPglFkRPzgiUXYMi1Jf8Z5EzN1iB4V0ZtMXcHZnwsBtQhhHeCqoWw7tsUY42hJGNDWtUsVLTjakIa5BgAxCw==
    dependencies:
      isexe "^2.0.0"
  
  wide-align@^1.1.0:
    version "1.1.5"
    resolved "https://registry.yarnpkg.com/wide-align/-/wide-align-1.1.5.tgz#df1d4c206854369ecf3c9a4898f1b23fbd9d15d3"
    integrity sha512-eDMORYaPNZ4sQIuuYPDHdQvf4gyCF9rEEV/yPxGfwPkRodwEgiMUUXTx/dex+Me0wxx53S+NgUHaP7y3MGlDmg==
    dependencies:
      string-width "^1.0.2 || 2 || 3 || 4"
  
  widest-line@^2.0.0:
    version "2.0.1"
    resolved "https://registry.npmjs.org/widest-line/-/widest-line-2.0.1.tgz"
    integrity sha512-Ba5m9/Fa4Xt9eb2ELXt77JxVDV8w7qQrH0zS/TWSJdLyAwQjWoOzpzj5lwVftDz6n/EOu3tNACS84v509qwnJA==
    dependencies:
      string-width "^2.1.1"
  
  word-wrap@^1.2.5:
    version "1.2.5"
    resolved "https://registry.npmjs.org/word-wrap/-/word-wrap-1.2.5.tgz"
    integrity sha512-BN22B5eaMMI9UMtjrGd5g5eCYPpCPDUy0FJXbYsaT5zYxjFOckS53SQDE3pWkVoWpHXVb3BrYcEN4Twa55B5cA==
  
  worker-farm@~1.3.1:
    version "1.3.1"
    resolved "https://registry.yarnpkg.com/worker-farm/-/worker-farm-1.3.1.tgz#4333112bb49b17aa050b87895ca6b2cacf40e5ff"
    integrity sha512-ikAfMCRFdPRJjXG4TzMI2bs/I7kZPJrejDFbSUG6n0JptwUHEPfq/7Uap/aylHjPhxyfTueeWRmakCsLA5xJsg==
    dependencies:
      errno ">=0.1.1 <0.2.0-0"
      xtend ">=4.0.0 <4.1.0-0"
  
  "wrap-ansi-cjs@npm:wrap-ansi@^7.0.0":
    version "7.0.0"
    resolved "https://registry.npmjs.org/wrap-ansi/-/wrap-ansi-7.0.0.tgz"
    integrity sha512-YVGIj2kamLSTxw6NsZjoBxfSwsn0ycdesmc4p+Q21c5zPuZ1pl+NfxVdxPtdHvmNVOQ6XSYG4AUtyt/Fi7D16Q==
    dependencies:
      ansi-styles "^4.0.0"
      string-width "^4.1.0"
      strip-ansi "^6.0.0"
  
  wrap-ansi@^2.0.0:
    version "2.1.0"
    resolved "https://registry.npmjs.org/wrap-ansi/-/wrap-ansi-2.1.0.tgz"
    integrity sha512-vAaEaDM946gbNpH5pLVNR+vX2ht6n0Bt3GXwVB1AuAqZosOvHNF3P7wDnh8KLkSqgUh0uh77le7Owgoz+Z9XBw==
    dependencies:
      string-width "^1.0.1"
      strip-ansi "^3.0.1"
  
  wrap-ansi@^8.1.0:
    version "8.1.0"
    resolved "https://registry.npmjs.org/wrap-ansi/-/wrap-ansi-8.1.0.tgz"
    integrity sha512-si7QWI6zUMq56bESFvagtmzMdGOtoxfR+Sez11Mobfc7tm+VkUckk9bW2UeffTGVUbOksxmSw0AA2gs8g71NCQ==
    dependencies:
      ansi-styles "^6.1.0"
      string-width "^5.0.1"
      strip-ansi "^7.0.1"
  
  wrappy@1, wrappy@~1.0.2:
    version "1.0.2"
    resolved "https://registry.npmjs.org/wrappy/-/wrappy-1.0.2.tgz"
    integrity sha512-l4Sp/DRseor9wL6EvV2+TuQn63dMkPjZ/sp9XkghTEbV9KlPS1xUsZ3u7/IQO4wxtcFB4bgpQPRcR3QCvezPcQ==
  
  write-file-atomic@^2.0.0:
    version "2.4.3"
    resolved "https://registry.npmjs.org/write-file-atomic/-/write-file-atomic-2.4.3.tgz"
    integrity sha512-GaETH5wwsX+GcnzhPgKcKjJ6M2Cq3/iZp1WyY/X1CSqrW+jVNM9Y7D8EC2sM4ZG/V8wZlSniJnCKWPmBYAucRQ==
    dependencies:
      graceful-fs "^4.1.11"
      imurmurhash "^0.1.4"
      signal-exit "^3.0.2"
  
  write-file-atomic@~2.1.0:
    version "2.1.0"
    resolved "https://registry.yarnpkg.com/write-file-atomic/-/write-file-atomic-2.1.0.tgz#1769f4b551eedce419f0505deae2e26763542d37"
    integrity sha512-0TZ20a+xcIl4u0+Mj5xDH2yOWdmQiXlKf9Hm+TgDXjTMsEYb+gDrmb8e8UNAzMCitX8NBqG4Z/FUQIyzv/R1JQ==
    dependencies:
      graceful-fs "^4.1.11"
      imurmurhash "^0.1.4"
      slide "^1.1.5"
  
  xdg-basedir@^3.0.0:
    version "3.0.0"
    resolved "https://registry.npmjs.org/xdg-basedir/-/xdg-basedir-3.0.0.tgz"
    integrity sha512-1Dly4xqlulvPD3fZUQJLY+FUIeqN3N2MM3uqe4rCJftAvOjFa3jFGfctOgluGx4ahPbUCsZkmJILiP0Vi4T6lQ==
  
  "xtend@>=4.0.0 <4.1.0-0", xtend@^4.0.0, xtend@~4.0.1:
    version "4.0.2"
    resolved "https://registry.yarnpkg.com/xtend/-/xtend-4.0.2.tgz#bb72779f5fa465186b1f438f674fa347fdb5db54"
    integrity sha512-LKYU1iAXJXUgAXn9URjiu+MWhyUXHsvfp7mcuYm9dSUKK0/CjtrUwFAxD82/mCWbtLsGjFIad0wIsod4zrTAEQ==
  
  y18n@^3.2.1:
    version "3.2.2"
    resolved "https://registry.yarnpkg.com/y18n/-/y18n-3.2.2.tgz#85c901bd6470ce71fc4bb723ad209b70f7f28696"
    integrity sha512-uGZHXkHnhF0XeeAPgnKfPv1bgKAYyVvmNL1xlKsPYZPaIHxGti2hHqvOCQv71XMsLxu1QjergkqogUnms5D3YQ==
  
  y18n@^4.0.0:
    version "4.0.3"
    resolved "https://registry.yarnpkg.com/y18n/-/y18n-4.0.3.tgz#b5f259c82cd6e336921efd7bfd8bf560de9eeedf"
    integrity sha512-JKhqTOwSrqNA1NY5lSztJ1GrBiUodLMmIZuLiDaMRJ+itFd+ABVE8XBjOvIWL+rSqNDC74LCSFmlb/U4UZ4hJQ==
  
  yallist@^2.1.2:
    version "2.1.2"
    resolved "https://registry.npmjs.org/yallist/-/yallist-2.1.2.tgz"
    integrity sha512-ncTzHV7NvsQZkYe1DW7cbDLm0YpzHmZF5r/iyP3ZnQtMiJ+pjzisCiMNI+Sj+xQF5pXhSHxSB3uDbsBTzY/c2A==
  
  yaml@^2.3.4:
    version "2.6.0"
    resolved "https://registry.npmjs.org/yaml/-/yaml-2.6.0.tgz"
    integrity sha512-a6ae//JvKDEra2kdi1qzCyrJW/WZCgFi8ydDV+eXExl95t+5R+ijnqHJbz9tmMh8FUjx3iv2fCQ4dclAQlO2UQ==
  
  yargs-parser@^9.0.2:
    version "9.0.2"
    resolved "https://registry.npmjs.org/yargs-parser/-/yargs-parser-9.0.2.tgz"
    integrity sha512-CswCfdOgCr4MMsT1GzbEJ7Z2uYudWyrGX8Bgh/0eyCzj/DXWdKq6a/ADufkzI1WAOIW6jYaXJvRyLhDO0kfqBw==
    dependencies:
      camelcase "^4.1.0"
  
  yargs@^11.0.0:
    version "11.1.1"
    resolved "https://registry.npmjs.org/yargs/-/yargs-11.1.1.tgz"
    integrity sha512-PRU7gJrJaXv3q3yQZ/+/X6KBswZiaQ+zOmdprZcouPYtQgvNU35i+68M4b1ZHLZtYFT5QObFLV+ZkmJYcwKdiw==
    dependencies:
      cliui "^4.0.0"
      decamelize "^1.1.1"
      find-up "^2.1.0"
      get-caller-file "^1.0.1"
      os-locale "^3.1.0"
      require-directory "^2.1.1"
      require-main-filename "^1.0.1"
      set-blocking "^2.0.0"
      string-width "^2.0.0"
      which-module "^2.0.0"
      y18n "^3.2.1"
      yargs-parser "^9.0.2"
  
  yocto-queue@^0.1.0:
    version "0.1.0"
    resolved "https://registry.npmjs.org/yocto-queue/-/yocto-queue-0.1.0.tgz"
    integrity sha512-rVksvsnNCdJ/ohGc6xgPwyN8eheCxsiLM8mxuE/t/mOVqJewPuO1miLpTHQiRgTKCLexL4MeAFVagts7HmNZ2Q==
  
  zod@^3.23.8:
    version "3.23.8"
    resolved "https://registry.npmjs.org/zod/-/zod-3.23.8.tgz"
    integrity sha512-XBx9AXhXktjUqnepgTiE5flcKIYWi/rme0Eaj+5Y0lftuGBq+jyRu/md4WnuxqgP1ubdpNCsYEYPxrzVHD8d6g==
